ISO-10303-21;
HEADER;
/* Generated by software containing ST-Developer
 * from STEP Tools, Inc. (www.steptools.com) 
 */

FILE_DESCRIPTION(
/* description */ (''),
/* implementation_level */ '2;1');

FILE_NAME(
/* name */ 'SV08 MAX Mount WIP small switch.step',
/* time_stamp */ '2026-08-24T23:59:57-04:00',
/* author */ (''),
/* organization */ (''),
/* preprocessor_version */ 'ST-DEVELOPER v20.1',
/* originating_system */ 'Autodesk Translation Framework v15.8.0.0',
/* authorisation */ '');

FILE_SCHEMA (('AUTOMOTIVE_DESIGN { 1 0 10303 214 3 1 1 }'));
ENDSEC;

DATA;
#10=MECHANICAL_DESIGN_GEOMETRIC_PRESENTATION_REPRESENTATION('',(#21),#7267);
#11=ITEM_DEFINED_TRANSFORMATION($,$,#3607,#3976);
#12=ITEM_DEFINED_TRANSFORMATION($,$,#3606,#3977);
#13=(
REPRESENTATION_RELATIONSHIP($,$,#7282,#7281)
REPRESENTATION_RELATIONSHIP_WITH_TRANSFORMATION(#11)
SHAPE_REPRESENTATION_RELATIONSHIP()
);
#14=(
REPRESENTATION_RELATIONSHIP($,$,#7281,#7280)
REPRESENTATION_RELATIONSHIP_WITH_TRANSFORMATION(#12)
SHAPE_REPRESENTATION_RELATIONSHIP()
);
#15=CONTEXT_DEPENDENT_SHAPE_REPRESENTATION(#13,#7278);
#16=CONTEXT_DEPENDENT_SHAPE_REPRESENTATION(#14,#7279);
#17=NEXT_ASSEMBLY_USAGE_OCCURRENCE('Carriage_Base_Short:1',
'Carriage_Base_Short:1','Carriage_Base_Short:1',#7285,#7286,
'Carriage_Base_Short:1');
#18=NEXT_ASSEMBLY_USAGE_OCCURRENCE('Carriage _Bases_1:1',
'Carriage _Bases_1:1','Carriage _Bases_1:1',#7284,#7285,
'Carriage _Bases_1:1');
#19=SHAPE_REPRESENTATION_RELATIONSHIP('SRR','None',#7282,#20);
#20=ADVANCED_BREP_SHAPE_REPRESENTATION('',(#22),#7266);
#21=STYLED_ITEM('',(#7301),#22);
#22=MANIFOLD_SOLID_BREP('Max EddyEndstopV1',#3592);
#23=SPHERICAL_SURFACE('',#3864,1.);
#24=CONICAL_SURFACE('',#3781,1.9,0.78539816339742);
#25=CONICAL_SURFACE('',#3804,1.9,0.785398163397434);
#26=CONICAL_SURFACE('',#3868,3.5,0.785398163397362);
#27=CONICAL_SURFACE('',#3871,4.5,0.785398163397429);
#28=CONICAL_SURFACE('',#3873,11.5,0.785398163397427);
#29=CONICAL_SURFACE('',#3875,6.5,0.78539816339743);
#30=CONICAL_SURFACE('',#3890,1.9,0.785398163397448);
#31=CONICAL_SURFACE('',#3922,3.2,0.785398163397445);
#32=CONICAL_SURFACE('',#3923,3.19595917942265,0.886077123792656);
#33=CONICAL_SURFACE('',#3926,3.5,0.785398163397362);
#34=CONICAL_SURFACE('',#3929,4.5,0.785398163397429);
#35=CONICAL_SURFACE('',#3930,11.5,0.785398163397427);
#36=CONICAL_SURFACE('',#3932,6.5,0.78539816339743);
#37=CONICAL_SURFACE('',#3947,1.9,0.785398163397448);
#38=CONICAL_SURFACE('',#3974,3.2,0.785398163397445);
#39=CONICAL_SURFACE('',#3975,3.19595917942265,0.886077123792656);
#40=TOROIDAL_SURFACE('',#3705,6.12,1.12);
#41=TOROIDAL_SURFACE('',#3718,4.,1.);
#42=TOROIDAL_SURFACE('',#3721,4.,1.);
#43=TOROIDAL_SURFACE('',#3813,2.,1.);
#44=TOROIDAL_SURFACE('',#3832,2.,1.);
#45=TOROIDAL_SURFACE('',#3907,7.,1.);
#46=TOROIDAL_SURFACE('',#3909,12.,1.);
#47=TOROIDAL_SURFACE('',#3911,4.,1.);
#48=TOROIDAL_SURFACE('',#3920,3.,1.);
#49=TOROIDAL_SURFACE('',#3962,7.,1.);
#50=TOROIDAL_SURFACE('',#3964,12.,1.);
#51=TOROIDAL_SURFACE('',#3972,3.,1.);
#52=FACE_BOUND('',#490,.T.);
#53=FACE_BOUND('',#491,.T.);
#54=FACE_BOUND('',#492,.T.);
#55=FACE_BOUND('',#493,.T.);
#56=FACE_BOUND('',#529,.T.);
#57=FACE_BOUND('',#530,.T.);
#58=FACE_BOUND('',#533,.T.);
#59=FACE_BOUND('',#541,.T.);
#60=FACE_BOUND('',#550,.T.);
#61=FACE_BOUND('',#551,.T.);
#62=FACE_BOUND('',#552,.T.);
#63=FACE_BOUND('',#553,.T.);
#64=FACE_BOUND('',#606,.T.);
#65=FACE_BOUND('',#651,.T.);
#66=FACE_BOUND('',#659,.T.);
#67=FACE_BOUND('',#660,.T.);
#68=B_SPLINE_CURVE_WITH_KNOTS('',3,(#5151,#5152,#5153,#5154,#5155,#5156,
#5157,#5158,#5159,#5160),.UNSPECIFIED.,.F.,.F.,(4,2,2,2,4),(-0.115004489554872,
-0.114549371262897,-0.0866200217050942,-0.057434617552536,-9.97992409355717E-7),
 .UNSPECIFIED.);
#69=B_SPLINE_CURVE_WITH_KNOTS('',3,(#5225,#5226,#5227,#5228),
 .UNSPECIFIED.,.F.,.F.,(4,4),(0.,0.0133743029025834),.UNSPECIFIED.);
#70=B_SPLINE_CURVE_WITH_KNOTS('',3,(#5230,#5231,#5232,#5233),
 .UNSPECIFIED.,.F.,.F.,(4,4),(0.295994922878281,0.356267053675051),
 .UNSPECIFIED.);
#71=B_SPLINE_CURVE_WITH_KNOTS('',3,(#5270,#5271,#5272,#5273,#5274,#5275),
 .UNSPECIFIED.,.F.,.F.,(4,1,1,4),(-0.231302004660726,-0.0991294305688824,
-0.0330431435229608,0.),.UNSPECIFIED.);
#72=B_SPLINE_CURVE_WITH_KNOTS('',3,(#5276,#5277,#5278,#5279,#5280,#5281),
 .UNSPECIFIED.,.F.,.F.,(4,1,1,4),(0.,0.0330431435229608,0.0991294305688824,
0.231302004660726),.UNSPECIFIED.);
#73=B_SPLINE_CURVE_WITH_KNOTS('',3,(#5408,#5409,#5410,#5411,#5412,#5413,
#5414,#5415),.UNSPECIFIED.,.F.,.F.,(4,2,2,4),(0.116492828069783,0.121823258309889,
0.151708109204197,0.162776631180316),.UNSPECIFIED.);
#74=B_SPLINE_CURVE_WITH_KNOTS('',3,(#5453,#5454,#5455,#5456),
 .UNSPECIFIED.,.F.,.F.,(4,4),(-0.0980543331917922,-0.0888753205432747),
 .UNSPECIFIED.);
#75=B_SPLINE_CURVE_WITH_KNOTS('',3,(#5503,#5504,#5505,#5506,#5507,#5508,
#5509,#5510,#5511,#5512),.UNSPECIFIED.,.F.,.F.,(4,2,2,2,4),(0.166486101792922,
0.208458441225555,0.250303714317819,0.291889358508952,0.333204416604974),
 .UNSPECIFIED.);
#76=B_SPLINE_CURVE_WITH_KNOTS('',3,(#5540,#5541,#5542,#5543,#5544),
 .UNSPECIFIED.,.F.,.F.,(4,1,4),(0.,0.548826366112781,0.960446140697367),
 .UNSPECIFIED.);
#77=B_SPLINE_CURVE_WITH_KNOTS('',3,(#5546,#5547,#5548,#5549),
 .UNSPECIFIED.,.F.,.F.,(4,4),(0.126930717822895,0.46879842730992),
 .UNSPECIFIED.);
#78=B_SPLINE_CURVE_WITH_KNOTS('',3,(#5553,#5554,#5555,#5556,#5557,#5558,
#5559,#5560),.UNSPECIFIED.,.F.,.F.,(4,2,2,4),(0.,0.0369985890872939,0.0742447763962099,
0.109214963356591),.UNSPECIFIED.);
#79=B_SPLINE_CURVE_WITH_KNOTS('',3,(#5562,#5563,#5564,#5565),
 .UNSPECIFIED.,.F.,.F.,(4,4),(-2.81731408062922,-2.62417860070826),
 .UNSPECIFIED.);
#80=B_SPLINE_CURVE_WITH_KNOTS('',3,(#5570,#5571,#5572,#5573),
 .UNSPECIFIED.,.F.,.F.,(4,4),(0.446654550282387,0.464010685282072),
 .UNSPECIFIED.);
#81=B_SPLINE_CURVE_WITH_KNOTS('',3,(#5614,#5615,#5616,#5617,#5618,#5619,
#5620),.UNSPECIFIED.,.F.,.F.,(4,3,4),(3.58086166952567E-8,0.0118678416189843,
0.0259698151000883),.UNSPECIFIED.);
#82=B_SPLINE_CURVE_WITH_KNOTS('',3,(#5621,#5622,#5623,#5624),
 .UNSPECIFIED.,.F.,.F.,(4,4),(-0.124685172316723,0.),.UNSPECIFIED.);
#83=B_SPLINE_CURVE_WITH_KNOTS('',3,(#5626,#5627,#5628,#5629,#5630,#5631,
#5632,#5633),.UNSPECIFIED.,.F.,.F.,(4,2,2,4),(-0.258157360144434,-0.21979381769986,
-0.15029715056286,-0.111373270686293),.UNSPECIFIED.);
#84=B_SPLINE_CURVE_WITH_KNOTS('',3,(#5795,#5796,#5797,#5798),
 .UNSPECIFIED.,.F.,.F.,(4,4),(1.06766764597093,1.44347821680776),
 .UNSPECIFIED.);
#85=B_SPLINE_CURVE_WITH_KNOTS('',3,(#5800,#5801,#5802,#5803,#5804),
 .UNSPECIFIED.,.F.,.F.,(4,1,4),(0.27794947975878,0.673996323666638,1.0700431675745),
 .UNSPECIFIED.);
#86=B_SPLINE_CURVE_WITH_KNOTS('',3,(#5806,#5807,#5808,#5809,#5810),
 .UNSPECIFIED.,.F.,.F.,(4,1,4),(0.,0.222338501762488,0.518789837445805),
 .UNSPECIFIED.);
#87=B_SPLINE_CURVE_WITH_KNOTS('',3,(#5816,#5817,#5818,#5819,#5820),
 .UNSPECIFIED.,.F.,.F.,(4,1,4),(0.,0.222338501762488,0.518789837445805),
 .UNSPECIFIED.);
#88=B_SPLINE_CURVE_WITH_KNOTS('',3,(#5822,#5823,#5824,#5825,#5826),
 .UNSPECIFIED.,.F.,.F.,(4,1,4),(0.27794947975878,0.673996323666638,1.0700431675745),
 .UNSPECIFIED.);
#89=B_SPLINE_CURVE_WITH_KNOTS('',3,(#5828,#5829,#5830,#5831),
 .UNSPECIFIED.,.F.,.F.,(4,4),(1.06766764597093,1.44347821680776),
 .UNSPECIFIED.);
#90=B_SPLINE_CURVE_WITH_KNOTS('',3,(#5969,#5970,#5971,#5972,#5973,#5974,
#5975,#5976,#5977,#5978),.UNSPECIFIED.,.F.,.F.,(4,2,2,2,4),(0.,0.00299581351073179,
0.0543091867691731,0.0940617107691755,0.0943498078200446),.UNSPECIFIED.);
#91=B_SPLINE_CURVE_WITH_KNOTS('',3,(#6089,#6090,#6091,#6092),
 .UNSPECIFIED.,.F.,.F.,(4,4),(0.126930717822895,0.46879842730992),
 .UNSPECIFIED.);
#92=B_SPLINE_CURVE_WITH_KNOTS('',3,(#6093,#6094,#6095,#6096,#6097),
 .UNSPECIFIED.,.F.,.F.,(4,1,4),(0.,0.548826366112781,0.960446140697367),
 .UNSPECIFIED.);
#93=B_SPLINE_CURVE_WITH_KNOTS('',3,(#6171,#6172,#6173,#6174,#6175,#6176,
#6177,#6178,#6179,#6180,#6181,#6182,#6183,#6184,#6185,#6186,#6187,#6188,
#6189,#6190,#6191,#6192,#6193,#6194,#6195,#6196,#6197,#6198,#6199,#6200,
#6201),.UNSPECIFIED.,.F.,.F.,(4,3,3,3,3,3,3,3,3,3,4),(-1.0700431675745,
-0.978262606661927,-0.884326630709706,-0.790009537810453,-0.696494283871248,
-0.673996323666638,-0.611569465501961,-0.51189152396644,-0.411705985888512,
-0.312276915000001,-0.27794947975878),.UNSPECIFIED.);
#94=B_SPLINE_CURVE_WITH_KNOTS('',3,(#6220,#6221,#6222,#6223,#6224,#6225,
#6226,#6227,#6228,#6229,#6230,#6231,#6232,#6233,#6234,#6235),
 .UNSPECIFIED.,.F.,.F.,(4,3,3,3,3,4),(-1.44347821680776,-1.36811410188471,
-1.28638428279348,-1.20153349727411,-1.11686771040581,-1.06766765896232),
 .UNSPECIFIED.);
#95=B_SPLINE_CURVE_WITH_KNOTS('',3,(#6275,#6276,#6277,#6278,#6279,#6280,
#6281,#6282,#6283,#6284,#6285,#6286,#6287,#6288,#6289,#6290,#6291,#6292,
#6293,#6294,#6295,#6296,#6297,#6298,#6299),.UNSPECIFIED.,.F.,.F.,(4,3,3,
3,3,3,3,3,4),(-0.518789706536215,-0.431904419429861,-0.34882258200343,-0.296638985845343,
-0.222338501762488,-0.150357564183811,-0.0811633214548405,-0.0158480831772091,
0.),.UNSPECIFIED.);
#96=B_SPLINE_CURVE_WITH_KNOTS('',3,(#6327,#6328,#6329,#6330,#6331),
 .UNSPECIFIED.,.F.,.F.,(4,1,4),(-0.646884525408318,-0.277236225174994,-2.3261637486367E-7),
 .UNSPECIFIED.);
#97=B_SPLINE_CURVE_WITH_KNOTS('',3,(#6354,#6355,#6356,#6357,#6358,#6359,
#6360,#6361,#6362,#6363,#6364,#6365,#6366,#6367,#6368,#6369,#6370,#6371,
#6372,#6373,#6374,#6375,#6376,#6377,#6378),.UNSPECIFIED.,.F.,.F.,(4,3,3,
3,3,3,3,3,4),(0.,0.0175896176917079,0.0347364323731901,0.0512336194636583,
0.0657627082276849,0.107245145453281,0.14996804836612,0.179182722405173,
0.17967538958046),.UNSPECIFIED.);
#98=B_SPLINE_CURVE_WITH_KNOTS('',3,(#6381,#6382,#6383,#6384,#6385,#6386,
#6387,#6388,#6389,#6390,#6391,#6392,#6393,#6394,#6395,#6396,#6397,#6398,
#6399,#6400,#6401,#6402),.UNSPECIFIED.,.F.,.F.,(4,3,3,3,3,3,3,4),(-0.960446140697367,
-0.823623466324975,-0.686224804533576,-0.548826366112781,-0.411583654418841,
-0.25521464454066,-0.0973854647405544,0.),.UNSPECIFIED.);
#99=B_SPLINE_CURVE_WITH_KNOTS('',3,(#6465,#6466,#6467,#6468),
 .UNSPECIFIED.,.F.,.F.,(4,4),(-0.46879842730992,0.),.UNSPECIFIED.);
#100=B_SPLINE_CURVE_WITH_KNOTS('',3,(#6510,#6511,#6512,#6513,#6514),
 .UNSPECIFIED.,.F.,.F.,(4,1,4),(0.263459411283098,0.277236225174994,0.646884525408318),
 .UNSPECIFIED.);
#101=B_SPLINE_CURVE_WITH_KNOTS('',3,(#6525,#6526,#6527,#6528),
 .UNSPECIFIED.,.F.,.F.,(4,4),(-2.81731408062922,-2.62417860070826),
 .UNSPECIFIED.);
#102=B_SPLINE_CURVE_WITH_KNOTS('',3,(#6532,#6533,#6534,#6535,#6536,#6537),
 .UNSPECIFIED.,.F.,.F.,(4,2,4),(0.,0.0549121462813325,0.110178548579069),
 .UNSPECIFIED.);
#103=B_SPLINE_CURVE_WITH_KNOTS('',3,(#6570,#6571,#6572,#6573,#6574,#6575,
#6576,#6577,#6578,#6579),.UNSPECIFIED.,.F.,.F.,(4,2,2,2,4),(-0.113415091048206,
-0.0850612831297115,-0.0567075607758764,-0.0283538340293944,0.),
 .UNSPECIFIED.);
#104=B_SPLINE_CURVE_WITH_KNOTS('',3,(#6583,#6584,#6585,#6586,#6587,#6588),
 .UNSPECIFIED.,.F.,.F.,(4,2,4),(-0.0579518584644654,-0.0289759248819297,
0.),.UNSPECIFIED.);
#105=B_SPLINE_CURVE_WITH_KNOTS('',3,(#6589,#6590,#6591,#6592,#6593,#6594),
 .UNSPECIFIED.,.F.,.F.,(4,2,4),(-0.0973365425110941,-0.048668165004691,
0.),.UNSPECIFIED.);
#106=B_SPLINE_CURVE_WITH_KNOTS('',3,(#6617,#6618,#6619,#6620,#6621,#6622,
#6623,#6624,#6625,#6626,#6627,#6628,#6629,#6630,#6631,#6632,#6633,#6634,
#6635,#6636,#6637,#6638,#6639,#6640,#6641,#6642,#6643,#6644,#6645,#6646,
#6647),.UNSPECIFIED.,.F.,.F.,(4,3,3,3,3,3,3,3,3,3,4),(-0.248403001237939,
-0.20579666381723,-0.161668367441225,-0.116568491015638,-0.0704550125537549,
-0.059412677624739,-0.0178789883559485,0.0234928578732428,0.0645624494993978,
0.105109297484123,0.129577645988461),.UNSPECIFIED.);
#107=B_SPLINE_CURVE_WITH_KNOTS('',3,(#6740,#6741,#6742,#6743,#6744,#6745,
#6746,#6747,#6748,#6749,#6750,#6751,#6752,#6753,#6754,#6755,#6756,#6757,
#6758,#6759,#6760,#6761,#6762,#6763,#6764,#6765,#6766,#6767,#6768,#6769,
#6770),.UNSPECIFIED.,.F.,.F.,(4,3,3,3,3,3,3,3,3,3,4),(-1.0700431675745,
-0.978262606647205,-0.884326630679202,-0.790009537763922,-0.696494283808472,
-0.673996323666638,-0.61156946550226,-0.511891523944683,-0.411705985845059,
-0.312276914935954,-0.27794947975878),.UNSPECIFIED.);
#108=B_SPLINE_CURVE_WITH_KNOTS('',3,(#6789,#6790,#6791,#6792,#6793,#6794,
#6795,#6796,#6797,#6798,#6799,#6800,#6801,#6802,#6803,#6804),
 .UNSPECIFIED.,.F.,.F.,(4,3,3,3,3,4),(-1.44347821680776,-1.36811410188458,
-1.28638428279313,-1.20153349727345,-1.11686771040494,-1.06766765896232),
 .UNSPECIFIED.);
#109=B_SPLINE_CURVE_WITH_KNOTS('',3,(#6840,#6841,#6842,#6843,#6844,#6845,
#6846,#6847,#6848,#6849,#6850,#6851,#6852,#6853,#6854,#6855,#6856,#6857,
#6858,#6859,#6860,#6861,#6862,#6863,#6864),.UNSPECIFIED.,.F.,.F.,(4,3,3,
3,3,3,3,3,4),(-0.518789706536202,-0.431904419432626,-0.348822582000268,
-0.296638985845238,-0.222338501762488,-0.150357564164976,-0.0811633214205126,
-0.0158480831283118,0.),.UNSPECIFIED.);
#110=B_SPLINE_CURVE_WITH_KNOTS('',3,(#6891,#6892,#6893,#6894,#6895),
 .UNSPECIFIED.,.F.,.F.,(4,1,4),(-0.646884525408318,-0.277236225174994,-2.32616376175561E-7),
 .UNSPECIFIED.);
#111=B_SPLINE_CURVE_WITH_KNOTS('',3,(#6918,#6919,#6920,#6921,#6922,#6923,
#6924,#6925,#6926,#6927,#6928,#6929,#6930,#6931,#6932,#6933,#6934,#6935,
#6936,#6937,#6938,#6939),.UNSPECIFIED.,.F.,.F.,(4,3,3,3,3,3,3,4),(-0.960446140697367,
-0.823623466326759,-0.686224804537006,-0.548826366112781,-0.411583654418835,
-0.255214644546226,-0.0973854647525005,0.),.UNSPECIFIED.);
#112=B_SPLINE_CURVE_WITH_KNOTS('',3,(#6942,#6943,#6944,#6945,#6946,#6947,
#6948,#6949,#6950,#6951,#6952,#6953,#6954,#6955,#6956,#6957,#6958,#6959,
#6960,#6961,#6962,#6963,#6964,#6965,#6966),.UNSPECIFIED.,.F.,.F.,(4,3,3,
3,3,3,3,3,4),(0.,0.0175896176916752,0.0347364323731302,0.0512336194635758,
0.0657627082276849,0.107245145453635,0.149968048366691,0.179182722405173,
0.17967538958046),.UNSPECIFIED.);
#113=B_SPLINE_CURVE_WITH_KNOTS('',3,(#7028,#7029,#7030,#7031),
 .UNSPECIFIED.,.F.,.F.,(4,4),(-0.46879842730992,0.),.UNSPECIFIED.);
#114=B_SPLINE_CURVE_WITH_KNOTS('',3,(#7035,#7036,#7037,#7038,#7039),
 .UNSPECIFIED.,.F.,.F.,(4,1,4),(0.263459411283107,0.277236225174994,0.646884525408318),
 .UNSPECIFIED.);
#115=B_SPLINE_CURVE_WITH_KNOTS('',3,(#7080,#7081,#7082,#7083,#7084,#7085),
 .UNSPECIFIED.,.F.,.F.,(4,2,4),(0.,0.054912146281324,0.110178548579025),
 .UNSPECIFIED.);
#116=B_SPLINE_CURVE_WITH_KNOTS('',3,(#7117,#7118,#7119,#7120,#7121,#7122),
 .UNSPECIFIED.,.F.,.F.,(4,2,4),(-0.097336542511201,-0.0486681650047164,
0.),.UNSPECIFIED.);
#117=B_SPLINE_CURVE_WITH_KNOTS('',3,(#7124,#7125,#7126,#7127,#7128,#7129),
 .UNSPECIFIED.,.F.,.F.,(4,2,4),(-0.0579518584641335,-0.0289759248818838,
0.),.UNSPECIFIED.);
#118=B_SPLINE_CURVE_WITH_KNOTS('',3,(#7133,#7134,#7135,#7136,#7137,#7138,
#7139,#7140,#7141,#7142),.UNSPECIFIED.,.F.,.F.,(4,2,2,2,4),(-0.113415091049615,
-0.0850612831304174,-0.0567075607762791,-0.028353834029495,0.),
 .UNSPECIFIED.);
#119=B_SPLINE_CURVE_WITH_KNOTS('',3,(#7165,#7166,#7167,#7168,#7169,#7170,
#7171,#7172,#7173,#7174,#7175,#7176,#7177,#7178,#7179,#7180,#7181,#7182,
#7183,#7184,#7185,#7186,#7187,#7188,#7189,#7190,#7191,#7192,#7193,#7194,
#7195),.UNSPECIFIED.,.F.,.F.,(4,3,3,3,3,3,3,3,3,3,4),(-0.248403001237939,
-0.205796663817189,-0.161668367441118,-0.116568491015476,-0.0704550125536308,
-0.059412677624739,-0.0178789883560131,0.0234928578731319,0.0645624494992473,
0.105109297483933,0.129577645988461),.UNSPECIFIED.);
#120=ELLIPSE('',#3628,0.324717660087697,0.3);
#121=ELLIPSE('',#3630,0.424264068711929,0.3);
#122=ELLIPSE('',#3633,1.4142135623731,1.);
#123=ELLIPSE('',#3634,1.4142135623731,1.);
#124=ELLIPSE('',#3642,0.339525512935327,0.3);
#125=ELLIPSE('',#3651,1.33340241109077,1.);
#126=ELLIPSE('',#3652,1.5709748533642,1.3);
#127=ELLIPSE('',#3663,1.56289255328074,1.);
#128=ELLIPSE('',#3693,1.41421356237309,1.);
#129=ELLIPSE('',#3769,1.41421356237309,1.);
#130=ELLIPSE('',#3770,1.41421356237093,1.);
#131=ELLIPSE('',#3773,1.41421356237309,1.);
#132=ELLIPSE('',#3776,1.41421356240162,1.);
#133=ELLIPSE('',#3777,1.41421356237355,1.);
#134=ELLIPSE('',#3779,1.41421356240162,1.);
#135=ELLIPSE('',#3780,1.41421356237355,1.);
#136=ELLIPSE('',#3809,2.23606797749979,1.);
#137=ELLIPSE('',#3810,2.23606797749979,1.);
#138=ELLIPSE('',#3819,2.23606797749979,0.999999999999996);
#139=ELLIPSE('',#3820,2.82842712474619,2.);
#140=ELLIPSE('',#3828,2.23606797749979,1.);
#141=ELLIPSE('',#3829,2.82842712474619,2.);
#142=ELLIPSE('',#3838,2.23606797749978,1.);
#143=ELLIPSE('',#3839,2.23606797749979,0.999999999999998);
#144=ELLIPSE('',#3851,1.41421356237094,1.);
#145=ELLIPSE('',#3862,1.08239220029239,1.);
#146=B_SPLINE_SURFACE_WITH_KNOTS('',3,3,((#5029,#5030,#5031,#5032,#5033),
(#5034,#5035,#5036,#5037,#5038),(#5039,#5040,#5041,#5042,#5043),(#5044,
#5045,#5046,#5047,#5048),(#5049,#5050,#5051,#5052,#5053)),.UNSPECIFIED.,
 .F.,.F.,.F.,(4,1,4),(4,1,4),(0.,0.5,1.),(-0.785398163397453,0.112199737628203,
0.785398163397446),.UNSPECIFIED.);
#147=B_SPLINE_SURFACE_WITH_KNOTS('',3,3,((#5065,#5066,#5067,#5068,#5069),
(#5070,#5071,#5072,#5073,#5074),(#5075,#5076,#5077,#5078,#5079),(#5080,
#5081,#5082,#5083,#5084),(#5085,#5086,#5087,#5088,#5089)),.UNSPECIFIED.,
 .F.,.F.,.F.,(4,1,4),(4,1,4),(0.,0.5,1.),(3.15120535601594E-14,0.673198425769274,
1.57079632679493),.UNSPECIFIED.);
#148=B_SPLINE_SURFACE_WITH_KNOTS('',3,3,((#5171,#5172,#5173,#5174,#5175),
(#5176,#5177,#5178,#5179,#5180),(#5181,#5182,#5183,#5184,#5185),(#5186,
#5187,#5188,#5189,#5190),(#5191,#5192,#5193,#5194,#5195)),.UNSPECIFIED.,
 .F.,.F.,.F.,(4,1,4),(4,1,4),(0.,0.5,1.),(-2.35619449019235,-1.68299606442311,
-0.78539816339745),.UNSPECIFIED.);
#149=B_SPLINE_SURFACE_WITH_KNOTS('',3,3,((#5207,#5208,#5209,#5210),(#5211,
#5212,#5213,#5214),(#5215,#5216,#5217,#5218),(#5219,#5220,#5221,#5222)),
 .UNSPECIFIED.,.F.,.F.,.F.,(4,4),(4,4),(0.,1.),(0.295994922878281,0.356267053675051),
 .UNSPECIFIED.);
#150=B_SPLINE_SURFACE_WITH_KNOTS('',3,3,((#5237,#5238,#5239,#5240,#5241,
#5242),(#5243,#5244,#5245,#5246,#5247,#5248),(#5249,#5250,#5251,#5252,#5253,
#5254),(#5255,#5256,#5257,#5258,#5259,#5260),(#5261,#5262,#5263,#5264,#5265,
#5266)),.UNSPECIFIED.,.F.,.F.,.F.,(4,1,4),(4,1,1,4),(0.,0.5,1.),(0.,0.0330431435229608,
0.0991294305688824,0.231302004660726),.UNSPECIFIED.);
#151=B_SPLINE_SURFACE_WITH_KNOTS('',3,3,((#5282,#5283,#5284,#5285),(#5286,
#5287,#5288,#5289),(#5290,#5291,#5292,#5293),(#5294,#5295,#5296,#5297),
(#5298,#5299,#5300,#5301)),.UNSPECIFIED.,.F.,.F.,.F.,(4,1,4),(4,4),(0.,
0.5,1.),(1.43603248997556,1.57079642029233),.UNSPECIFIED.);
#152=B_SPLINE_SURFACE_WITH_KNOTS('',3,1,((#5585,#5586),(#5587,#5588),(#5589,
#5590),(#5591,#5592),(#5593,#5594),(#5595,#5596),(#5597,#5598),(#5599,#5600),
(#5601,#5602),(#5603,#5604),(#5605,#5606),(#5607,#5608),(#5609,#5610),(#5611,
#5612)),.UNSPECIFIED.,.F.,.F.,.F.,(4,3,2,3,2,4),(2,2),(-0.0980543331917922,
0.,0.324856383108441,0.570392775883331,0.8307636504889,1.21808704795033),
(0.,0.3),.UNSPECIFIED.);
#153=B_SPLINE_SURFACE_WITH_KNOTS('',3,3,((#5887,#5888,#5889,#5890,#5891,
#5892),(#5893,#5894,#5895,#5896,#5897,#5898),(#5899,#5900,#5901,#5902,#5903,
#5904),(#5905,#5906,#5907,#5908,#5909,#5910),(#5911,#5912,#5913,#5914,#5915,
#5916)),.UNSPECIFIED.,.F.,.F.,.F.,(4,1,4),(4,1,1,4),(-0.000550245343292651,
0.571428571428571,1.00055080912928),(-1.5707963267949,-0.67319842576924,
-0.448798950512826,0.000550809129285353),.UNSPECIFIED.);
#154=B_SPLINE_SURFACE_WITH_KNOTS('',3,3,((#5937,#5938,#5939,#5940,#5941,
#5942),(#5943,#5944,#5945,#5946,#5947,#5948),(#5949,#5950,#5951,#5952,#5953,
#5954),(#5955,#5956,#5957,#5958,#5959,#5960),(#5961,#5962,#5963,#5964,#5965,
#5966)),.UNSPECIFIED.,.F.,.F.,.F.,(4,1,4),(4,1,1,4),(-0.00147052704428467,
0.571428571428571,1.00021348367496),(-1.57226685383816,-0.89759790102485,
-0.448798950512165,0.00147052704480514),.UNSPECIFIED.);
#155=B_SPLINE_SURFACE_WITH_KNOTS('',3,3,((#5993,#5994,#5995,#5996,#5997),
(#5998,#5999,#6000,#6001,#6002),(#6003,#6004,#6005,#6006,#6007),(#6008,
#6009,#6010,#6011,#6012),(#6013,#6014,#6015,#6016,#6017)),.UNSPECIFIED.,
 .F.,.F.,.F.,(4,1,4),(4,1,4),(-0.00289666908904535,0.571428571428571,1.00008924403471),
(-0.00289666908956029,0.673198425768511,1.57369299588293),.UNSPECIFIED.);
#156=B_SPLINE_SURFACE_WITH_KNOTS('',3,3,((#6041,#6042,#6043,#6044,#6045,
#6046),(#6047,#6048,#6049,#6050,#6051,#6052),(#6053,#6054,#6055,#6056,#6057,
#6058),(#6059,#6060,#6061,#6062,#6063,#6064),(#6065,#6066,#6067,#6068,#6069,
#6070)),.UNSPECIFIED.,.F.,.F.,.F.,(4,1,4),(4,1,1,4),(-0.000550245370583164,
0.571428571428571,1.00055080913025),(-0.000550809130160621,0.448798950512827,
0.673198425769241,1.5707963267949),.UNSPECIFIED.);
#157=B_SPLINE_SURFACE_WITH_KNOTS('',3,3,((#6148,#6149,#6150,#6151,#6152),
(#6153,#6154,#6155,#6156,#6157),(#6158,#6159,#6160,#6161,#6162),(#6163,
#6164,#6165,#6166,#6167)),.UNSPECIFIED.,.F.,.F.,.F.,(4,4),(4,1,4),(-3.71279915392088E-5,
1.),(0.277912351767241,0.673996323666638,1.07008029556604),
 .UNSPECIFIED.);
#158=B_SPLINE_SURFACE_WITH_KNOTS('',3,3,((#6203,#6204,#6205,#6206),(#6207,
#6208,#6209,#6210),(#6211,#6212,#6213,#6214),(#6215,#6216,#6217,#6218)),
 .UNSPECIFIED.,.F.,.F.,.F.,(4,4),(4,4),(0.,1.),(1.06766764597093,1.44347821680776),
 .UNSPECIFIED.);
#159=B_SPLINE_SURFACE_WITH_KNOTS('',3,3,((#6255,#6256,#6257,#6258,#6259),
(#6260,#6261,#6262,#6263,#6264),(#6265,#6266,#6267,#6268,#6269),(#6270,
#6271,#6272,#6273,#6274)),.UNSPECIFIED.,.F.,.F.,.F.,(4,4),(4,1,4),(-0.000247055024705164,
1.),(-0.000247055024705164,0.222338501762488,0.51903689247051),
 .UNSPECIFIED.);
#160=B_SPLINE_SURFACE_WITH_KNOTS('',3,3,((#6306,#6307,#6308,#6309),(#6310,
#6311,#6312,#6313),(#6314,#6315,#6316,#6317),(#6318,#6319,#6320,#6321),
(#6322,#6323,#6324,#6325)),.UNSPECIFIED.,.F.,.F.,.F.,(4,1,4),(4,4),(0.,
0.571428571428571,1.),(0.100000118681572,0.362977467237092),
 .UNSPECIFIED.);
#161=B_SPLINE_SURFACE_WITH_KNOTS('',3,3,((#6333,#6334,#6335,#6336),(#6337,
#6338,#6339,#6340),(#6341,#6342,#6343,#6344),(#6345,#6346,#6347,#6348),
(#6349,#6350,#6351,#6352)),.UNSPECIFIED.,.F.,.F.,.F.,(4,1,4),(4,4),(0.,
0.571428571428571,1.),(0.100000190070958,0.600000413517168),
 .UNSPECIFIED.);
#162=B_SPLINE_SURFACE_WITH_KNOTS('',3,3,((#6449,#6450,#6451,#6452),(#6453,
#6454,#6455,#6456),(#6457,#6458,#6459,#6460),(#6461,#6462,#6463,#6464)),
 .UNSPECIFIED.,.F.,.F.,.F.,(4,4),(4,4),(0.,0.650575773472741),(-0.250000024168229,
0.250000127888601),.UNSPECIFIED.);
#163=B_SPLINE_SURFACE_WITH_KNOTS('',3,3,((#6483,#6484,#6485,#6486,#6487),
(#6488,#6489,#6490,#6491,#6492),(#6493,#6494,#6495,#6496,#6497),(#6498,
#6499,#6500,#6501,#6502),(#6503,#6504,#6505,#6506,#6507)),.UNSPECIFIED.,
 .F.,.F.,.F.,(4,1,4),(4,1,4),(-0.000183187692040036,0.571428571428571,1.00022111950951),
(-0.00022086301262611,0.277236225174994,0.646884525408318),
 .UNSPECIFIED.);
#164=B_SPLINE_SURFACE_WITH_KNOTS('',3,3,((#6539,#6540,#6541,#6542,#6543),
(#6544,#6545,#6546,#6547,#6548),(#6549,#6550,#6551,#6552,#6553),(#6554,
#6555,#6556,#6557,#6558),(#6559,#6560,#6561,#6562,#6563)),.UNSPECIFIED.,
 .F.,.F.,.F.,(4,1,4),(4,1,4),(0.,0.571428571428571,1.),(0.,0.548826366112781,
0.960446140697367),.UNSPECIFIED.);
#165=B_SPLINE_SURFACE_WITH_KNOTS('',3,3,((#6596,#6597,#6598,#6599),(#6600,
#6601,#6602,#6603),(#6604,#6605,#6606,#6607),(#6608,#6609,#6610,#6611),
(#6612,#6613,#6614,#6615)),.UNSPECIFIED.,.F.,.F.,.F.,(4,1,4),(4,4),(0.,
0.571428571428571,1.),(0.,0.46879842730992),.UNSPECIFIED.);
#166=B_SPLINE_SURFACE_WITH_KNOTS('',3,3,((#6651,#6652,#6653,#6654),(#6655,
#6656,#6657,#6658),(#6659,#6660,#6661,#6662),(#6663,#6664,#6665,#6666)),
 .UNSPECIFIED.,.F.,.F.,.F.,(4,4),(4,4),(0.,1.),(2.81731408062922,3.14159265480376),
 .UNSPECIFIED.);
#167=B_SPLINE_SURFACE_WITH_KNOTS('',3,3,((#6669,#6670,#6671,#6672),(#6673,
#6674,#6675,#6676),(#6677,#6678,#6679,#6680),(#6681,#6682,#6683,#6684)),
 .UNSPECIFIED.,.F.,.F.,.F.,(4,4),(4,4),(0.,1.),(2.62417860070826,2.81731408062922),
 .UNSPECIFIED.);
#168=B_SPLINE_SURFACE_WITH_KNOTS('',3,3,((#6686,#6687,#6688,#6689,#6690),
(#6691,#6692,#6693,#6694,#6695),(#6696,#6697,#6698,#6699,#6700),(#6701,
#6702,#6703,#6704,#6705)),.UNSPECIFIED.,.F.,.F.,.F.,(4,4),(4,1,4),(-0.000552887140766591,
1.),(-0.130130533129222,0.059412677624739,0.248403001237939),
 .UNSPECIFIED.);
#169=B_SPLINE_SURFACE_WITH_KNOTS('',3,3,((#6716,#6717,#6718,#6719,#6720),
(#6721,#6722,#6723,#6724,#6725),(#6726,#6727,#6728,#6729,#6730),(#6731,
#6732,#6733,#6734,#6735)),.UNSPECIFIED.,.F.,.F.,.F.,(4,4),(4,1,4),(-3.71279913339624E-5,
1.),(0.277912351767446,0.673996323666638,1.07008029556583),
 .UNSPECIFIED.);
#170=B_SPLINE_SURFACE_WITH_KNOTS('',3,3,((#6771,#6772,#6773,#6774),(#6775,
#6776,#6777,#6778),(#6779,#6780,#6781,#6782),(#6783,#6784,#6785,#6786)),
 .UNSPECIFIED.,.F.,.F.,.F.,(4,4),(4,4),(0.,1.),(1.06766764597093,1.44347821680776),
 .UNSPECIFIED.);
#171=B_SPLINE_SURFACE_WITH_KNOTS('',3,3,((#6820,#6821,#6822,#6823,#6824),
(#6825,#6826,#6827,#6828,#6829),(#6830,#6831,#6832,#6833,#6834),(#6835,
#6836,#6837,#6838,#6839)),.UNSPECIFIED.,.F.,.F.,.F.,(4,4),(4,1,4),(-0.000247055025464587,
1.),(-0.000247055025464537,0.222338501762488,0.519036892471269),
 .UNSPECIFIED.);
#172=B_SPLINE_SURFACE_WITH_KNOTS('',3,3,((#6869,#6870,#6871,#6872),(#6873,
#6874,#6875,#6876),(#6877,#6878,#6879,#6880),(#6881,#6882,#6883,#6884),
(#6885,#6886,#6887,#6888)),.UNSPECIFIED.,.F.,.F.,.F.,(4,1,4),(4,4),(0.,
0.571428571428571,1.),(0.100000118681572,0.362977467237092),
 .UNSPECIFIED.);
#173=B_SPLINE_SURFACE_WITH_KNOTS('',3,3,((#6896,#6897,#6898,#6899),(#6900,
#6901,#6902,#6903),(#6904,#6905,#6906,#6907),(#6908,#6909,#6910,#6911),
(#6912,#6913,#6914,#6915)),.UNSPECIFIED.,.F.,.F.,.F.,(4,1,4),(4,4),(0.,
0.571428571428571,1.),(0.100000190070958,0.600000413517168),
 .UNSPECIFIED.);
#174=B_SPLINE_SURFACE_WITH_KNOTS('',3,3,((#7012,#7013,#7014,#7015),(#7016,
#7017,#7018,#7019),(#7020,#7021,#7022,#7023),(#7024,#7025,#7026,#7027)),
 .UNSPECIFIED.,.F.,.F.,.F.,(4,4),(4,4),(0.,0.650575773472741),(-0.250000024168229,
0.250000127888601),.UNSPECIFIED.);
#175=B_SPLINE_SURFACE_WITH_KNOTS('',3,3,((#7048,#7049,#7050,#7051,#7052),
(#7053,#7054,#7055,#7056,#7057),(#7058,#7059,#7060,#7061,#7062),(#7063,
#7064,#7065,#7066,#7067),(#7068,#7069,#7070,#7071,#7072)),.UNSPECIFIED.,
 .F.,.F.,.F.,(4,1,4),(4,1,4),(-0.000183187693448945,0.571428571428571,1.0002211195096),
(-0.000220863012718209,0.277236225174994,0.646884525408318),
 .UNSPECIFIED.);
#176=B_SPLINE_SURFACE_WITH_KNOTS('',3,3,((#7087,#7088,#7089,#7090,#7091),
(#7092,#7093,#7094,#7095,#7096),(#7097,#7098,#7099,#7100,#7101),(#7102,
#7103,#7104,#7105,#7106),(#7107,#7108,#7109,#7110,#7111)),.UNSPECIFIED.,
 .F.,.F.,.F.,(4,1,4),(4,1,4),(0.,0.571428571428571,1.),(0.,0.548826366112781,
0.960446140697367),.UNSPECIFIED.);
#177=B_SPLINE_SURFACE_WITH_KNOTS('',3,3,((#7144,#7145,#7146,#7147),(#7148,
#7149,#7150,#7151),(#7152,#7153,#7154,#7155),(#7156,#7157,#7158,#7159),
(#7160,#7161,#7162,#7163)),.UNSPECIFIED.,.F.,.F.,.F.,(4,1,4),(4,4),(0.,
0.571428571428571,1.),(0.,0.46879842730992),.UNSPECIFIED.);
#178=B_SPLINE_SURFACE_WITH_KNOTS('',3,3,((#7199,#7200,#7201,#7202),(#7203,
#7204,#7205,#7206),(#7207,#7208,#7209,#7210),(#7211,#7212,#7213,#7214)),
 .UNSPECIFIED.,.F.,.F.,.F.,(4,4),(4,4),(0.,1.),(2.81731408062922,3.14159265480376),
 .UNSPECIFIED.);
#179=B_SPLINE_SURFACE_WITH_KNOTS('',3,3,((#7217,#7218,#7219,#7220),(#7221,
#7222,#7223,#7224),(#7225,#7226,#7227,#7228),(#7229,#7230,#7231,#7232)),
 .UNSPECIFIED.,.F.,.F.,.F.,(4,4),(4,4),(0.,1.),(2.62417860070826,2.81731408062922),
 .UNSPECIFIED.);
#180=B_SPLINE_SURFACE_WITH_KNOTS('',3,3,((#7234,#7235,#7236,#7237,#7238),
(#7239,#7240,#7241,#7242,#7243),(#7244,#7245,#7246,#7247,#7248),(#7249,
#7250,#7251,#7252,#7253)),.UNSPECIFIED.,.F.,.F.,.F.,(4,4),(4,1,4),(-0.000552887140773049,
1.),(-0.130130533129229,0.059412677624739,0.248403001237939),
 .UNSPECIFIED.);
#181=PLANE('',#3611);
#182=PLANE('',#3615);
#183=PLANE('',#3631);
#184=PLANE('',#3635);
#185=PLANE('',#3638);
#186=PLANE('',#3639);
#187=PLANE('',#3654);
#188=PLANE('',#3655);
#189=PLANE('',#3662);
#190=PLANE('',#3667);
#191=PLANE('',#3685);
#192=PLANE('',#3686);
#193=PLANE('',#3700);
#194=PLANE('',#3702);
#195=PLANE('',#3704);
#196=PLANE('',#3708);
#197=PLANE('',#3710);
#198=PLANE('',#3713);
#199=PLANE('',#3725);
#200=PLANE('',#3726);
#201=PLANE('',#3728);
#202=PLANE('',#3731);
#203=PLANE('',#3732);
#204=PLANE('',#3735);
#205=PLANE('',#3741);
#206=PLANE('',#3742);
#207=PLANE('',#3746);
#208=PLANE('',#3749);
#209=PLANE('',#3752);
#210=PLANE('',#3755);
#211=PLANE('',#3759);
#212=PLANE('',#3762);
#213=PLANE('',#3764);
#214=PLANE('',#3765);
#215=PLANE('',#3767);
#216=PLANE('',#3771);
#217=PLANE('',#3774);
#218=PLANE('',#3784);
#219=PLANE('',#3821);
#220=PLANE('',#3842);
#221=PLANE('',#3849);
#222=PLANE('',#3854);
#223=PLANE('',#3855);
#224=PLANE('',#3856);
#225=PLANE('',#3857);
#226=PLANE('',#3859);
#227=PLANE('',#3865);
#228=PLANE('',#3866);
#229=PLANE('',#3867);
#230=PLANE('',#3870);
#231=PLANE('',#3877);
#232=PLANE('',#3881);
#233=PLANE('',#3884);
#234=PLANE('',#3887);
#235=PLANE('',#3891);
#236=PLANE('',#3894);
#237=PLANE('',#3897);
#238=PLANE('',#3925);
#239=PLANE('',#3928);
#240=PLANE('',#3934);
#241=PLANE('',#3938);
#242=PLANE('',#3941);
#243=PLANE('',#3944);
#244=PLANE('',#3948);
#245=PLANE('',#3951);
#246=PLANE('',#3954);
#247=PLANE('',#3955);
#248=FACE_OUTER_BOUND('',#455,.T.);
#249=FACE_OUTER_BOUND('',#456,.T.);
#250=FACE_OUTER_BOUND('',#457,.T.);
#251=FACE_OUTER_BOUND('',#458,.T.);
#252=FACE_OUTER_BOUND('',#459,.T.);
#253=FACE_OUTER_BOUND('',#460,.T.);
#254=FACE_OUTER_BOUND('',#461,.T.);
#255=FACE_OUTER_BOUND('',#462,.T.);
#256=FACE_OUTER_BOUND('',#463,.T.);
#257=FACE_OUTER_BOUND('',#464,.T.);
#258=FACE_OUTER_BOUND('',#465,.T.);
#259=FACE_OUTER_BOUND('',#466,.T.);
#260=FACE_OUTER_BOUND('',#467,.T.);
#261=FACE_OUTER_BOUND('',#468,.T.);
#262=FACE_OUTER_BOUND('',#469,.T.);
#263=FACE_OUTER_BOUND('',#470,.T.);
#264=FACE_OUTER_BOUND('',#471,.T.);
#265=FACE_OUTER_BOUND('',#472,.T.);
#266=FACE_OUTER_BOUND('',#473,.T.);
#267=FACE_OUTER_BOUND('',#474,.T.);
#268=FACE_OUTER_BOUND('',#475,.T.);
#269=FACE_OUTER_BOUND('',#476,.T.);
#270=FACE_OUTER_BOUND('',#477,.T.);
#271=FACE_OUTER_BOUND('',#478,.T.);
#272=FACE_OUTER_BOUND('',#479,.T.);
#273=FACE_OUTER_BOUND('',#480,.T.);
#274=FACE_OUTER_BOUND('',#481,.T.);
#275=FACE_OUTER_BOUND('',#482,.T.);
#276=FACE_OUTER_BOUND('',#483,.T.);
#277=FACE_OUTER_BOUND('',#484,.T.);
#278=FACE_OUTER_BOUND('',#485,.T.);
#279=FACE_OUTER_BOUND('',#486,.T.);
#280=FACE_OUTER_BOUND('',#487,.T.);
#281=FACE_OUTER_BOUND('',#488,.T.);
#282=FACE_OUTER_BOUND('',#489,.T.);
#283=FACE_OUTER_BOUND('',#494,.T.);
#284=FACE_OUTER_BOUND('',#495,.T.);
#285=FACE_OUTER_BOUND('',#496,.T.);
#286=FACE_OUTER_BOUND('',#497,.T.);
#287=FACE_OUTER_BOUND('',#498,.T.);
#288=FACE_OUTER_BOUND('',#499,.T.);
#289=FACE_OUTER_BOUND('',#500,.T.);
#290=FACE_OUTER_BOUND('',#501,.T.);
#291=FACE_OUTER_BOUND('',#502,.T.);
#292=FACE_OUTER_BOUND('',#503,.T.);
#293=FACE_OUTER_BOUND('',#504,.T.);
#294=FACE_OUTER_BOUND('',#505,.T.);
#295=FACE_OUTER_BOUND('',#506,.T.);
#296=FACE_OUTER_BOUND('',#507,.T.);
#297=FACE_OUTER_BOUND('',#508,.T.);
#298=FACE_OUTER_BOUND('',#509,.T.);
#299=FACE_OUTER_BOUND('',#510,.T.);
#300=FACE_OUTER_BOUND('',#511,.T.);
#301=FACE_OUTER_BOUND('',#512,.T.);
#302=FACE_OUTER_BOUND('',#513,.T.);
#303=FACE_OUTER_BOUND('',#514,.T.);
#304=FACE_OUTER_BOUND('',#515,.T.);
#305=FACE_OUTER_BOUND('',#516,.T.);
#306=FACE_OUTER_BOUND('',#517,.T.);
#307=FACE_OUTER_BOUND('',#518,.T.);
#308=FACE_OUTER_BOUND('',#519,.T.);
#309=FACE_OUTER_BOUND('',#520,.T.);
#310=FACE_OUTER_BOUND('',#521,.T.);
#311=FACE_OUTER_BOUND('',#522,.T.);
#312=FACE_OUTER_BOUND('',#523,.T.);
#313=FACE_OUTER_BOUND('',#524,.T.);
#314=FACE_OUTER_BOUND('',#525,.T.);
#315=FACE_OUTER_BOUND('',#526,.T.);
#316=FACE_OUTER_BOUND('',#527,.T.);
#317=FACE_OUTER_BOUND('',#528,.T.);
#318=FACE_OUTER_BOUND('',#531,.T.);
#319=FACE_OUTER_BOUND('',#532,.T.);
#320=FACE_OUTER_BOUND('',#534,.T.);
#321=FACE_OUTER_BOUND('',#535,.T.);
#322=FACE_OUTER_BOUND('',#536,.T.);
#323=FACE_OUTER_BOUND('',#537,.T.);
#324=FACE_OUTER_BOUND('',#538,.T.);
#325=FACE_OUTER_BOUND('',#539,.T.);
#326=FACE_OUTER_BOUND('',#540,.T.);
#327=FACE_OUTER_BOUND('',#542,.T.);
#328=FACE_OUTER_BOUND('',#543,.T.);
#329=FACE_OUTER_BOUND('',#544,.T.);
#330=FACE_OUTER_BOUND('',#545,.T.);
#331=FACE_OUTER_BOUND('',#546,.T.);
#332=FACE_OUTER_BOUND('',#547,.T.);
#333=FACE_OUTER_BOUND('',#548,.T.);
#334=FACE_OUTER_BOUND('',#549,.T.);
#335=FACE_OUTER_BOUND('',#554,.T.);
#336=FACE_OUTER_BOUND('',#555,.T.);
#337=FACE_OUTER_BOUND('',#556,.T.);
#338=FACE_OUTER_BOUND('',#557,.T.);
#339=FACE_OUTER_BOUND('',#558,.T.);
#340=FACE_OUTER_BOUND('',#559,.T.);
#341=FACE_OUTER_BOUND('',#560,.T.);
#342=FACE_OUTER_BOUND('',#561,.T.);
#343=FACE_OUTER_BOUND('',#562,.T.);
#344=FACE_OUTER_BOUND('',#563,.T.);
#345=FACE_OUTER_BOUND('',#564,.T.);
#346=FACE_OUTER_BOUND('',#565,.T.);
#347=FACE_OUTER_BOUND('',#566,.T.);
#348=FACE_OUTER_BOUND('',#567,.T.);
#349=FACE_OUTER_BOUND('',#568,.T.);
#350=FACE_OUTER_BOUND('',#569,.T.);
#351=FACE_OUTER_BOUND('',#570,.T.);
#352=FACE_OUTER_BOUND('',#571,.T.);
#353=FACE_OUTER_BOUND('',#572,.T.);
#354=FACE_OUTER_BOUND('',#573,.T.);
#355=FACE_OUTER_BOUND('',#574,.T.);
#356=FACE_OUTER_BOUND('',#575,.T.);
#357=FACE_OUTER_BOUND('',#576,.T.);
#358=FACE_OUTER_BOUND('',#577,.T.);
#359=FACE_OUTER_BOUND('',#578,.T.);
#360=FACE_OUTER_BOUND('',#579,.T.);
#361=FACE_OUTER_BOUND('',#580,.T.);
#362=FACE_OUTER_BOUND('',#581,.T.);
#363=FACE_OUTER_BOUND('',#582,.T.);
#364=FACE_OUTER_BOUND('',#583,.T.);
#365=FACE_OUTER_BOUND('',#584,.T.);
#366=FACE_OUTER_BOUND('',#585,.T.);
#367=FACE_OUTER_BOUND('',#586,.T.);
#368=FACE_OUTER_BOUND('',#587,.T.);
#369=FACE_OUTER_BOUND('',#588,.T.);
#370=FACE_OUTER_BOUND('',#589,.T.);
#371=FACE_OUTER_BOUND('',#590,.T.);
#372=FACE_OUTER_BOUND('',#591,.T.);
#373=FACE_OUTER_BOUND('',#592,.T.);
#374=FACE_OUTER_BOUND('',#593,.T.);
#375=FACE_OUTER_BOUND('',#594,.T.);
#376=FACE_OUTER_BOUND('',#595,.T.);
#377=FACE_OUTER_BOUND('',#596,.T.);
#378=FACE_OUTER_BOUND('',#597,.T.);
#379=FACE_OUTER_BOUND('',#598,.T.);
#380=FACE_OUTER_BOUND('',#599,.T.);
#381=FACE_OUTER_BOUND('',#600,.T.);
#382=FACE_OUTER_BOUND('',#601,.T.);
#383=FACE_OUTER_BOUND('',#602,.T.);
#384=FACE_OUTER_BOUND('',#603,.T.);
#385=FACE_OUTER_BOUND('',#604,.T.);
#386=FACE_OUTER_BOUND('',#605,.T.);
#387=FACE_OUTER_BOUND('',#607,.T.);
#388=FACE_OUTER_BOUND('',#608,.T.);
#389=FACE_OUTER_BOUND('',#609,.T.);
#390=FACE_OUTER_BOUND('',#610,.T.);
#391=FACE_OUTER_BOUND('',#611,.T.);
#392=FACE_OUTER_BOUND('',#612,.T.);
#393=FACE_OUTER_BOUND('',#613,.T.);
#394=FACE_OUTER_BOUND('',#614,.T.);
#395=FACE_OUTER_BOUND('',#615,.T.);
#396=FACE_OUTER_BOUND('',#616,.T.);
#397=FACE_OUTER_BOUND('',#617,.T.);
#398=FACE_OUTER_BOUND('',#618,.T.);
#399=FACE_OUTER_BOUND('',#619,.T.);
#400=FACE_OUTER_BOUND('',#620,.T.);
#401=FACE_OUTER_BOUND('',#621,.T.);
#402=FACE_OUTER_BOUND('',#622,.T.);
#403=FACE_OUTER_BOUND('',#623,.T.);
#404=FACE_OUTER_BOUND('',#624,.T.);
#405=FACE_OUTER_BOUND('',#625,.T.);
#406=FACE_OUTER_BOUND('',#626,.T.);
#407=FACE_OUTER_BOUND('',#627,.T.);
#408=FACE_OUTER_BOUND('',#628,.T.);
#409=FACE_OUTER_BOUND('',#629,.T.);
#410=FACE_OUTER_BOUND('',#630,.T.);
#411=FACE_OUTER_BOUND('',#631,.T.);
#412=FACE_OUTER_BOUND('',#632,.T.);
#413=FACE_OUTER_BOUND('',#633,.T.);
#414=FACE_OUTER_BOUND('',#634,.T.);
#415=FACE_OUTER_BOUND('',#635,.T.);
#416=FACE_OUTER_BOUND('',#636,.T.);
#417=FACE_OUTER_BOUND('',#637,.T.);
#418=FACE_OUTER_BOUND('',#638,.T.);
#419=FACE_OUTER_BOUND('',#639,.T.);
#420=FACE_OUTER_BOUND('',#640,.T.);
#421=FACE_OUTER_BOUND('',#641,.T.);
#422=FACE_OUTER_BOUND('',#642,.T.);
#423=FACE_OUTER_BOUND('',#643,.T.);
#424=FACE_OUTER_BOUND('',#644,.T.);
#425=FACE_OUTER_BOUND('',#645,.T.);
#426=FACE_OUTER_BOUND('',#646,.T.);
#427=FACE_OUTER_BOUND('',#647,.T.);
#428=FACE_OUTER_BOUND('',#648,.T.);
#429=FACE_OUTER_BOUND('',#649,.T.);
#430=FACE_OUTER_BOUND('',#650,.T.);
#431=FACE_OUTER_BOUND('',#652,.T.);
#432=FACE_OUTER_BOUND('',#653,.T.);
#433=FACE_OUTER_BOUND('',#654,.T.);
#434=FACE_OUTER_BOUND('',#655,.T.);
#435=FACE_OUTER_BOUND('',#656,.T.);
#436=FACE_OUTER_BOUND('',#657,.T.);
#437=FACE_OUTER_BOUND('',#658,.T.);
#438=FACE_OUTER_BOUND('',#661,.T.);
#439=FACE_OUTER_BOUND('',#662,.T.);
#440=FACE_OUTER_BOUND('',#663,.T.);
#441=FACE_OUTER_BOUND('',#664,.T.);
#442=FACE_OUTER_BOUND('',#665,.T.);
#443=FACE_OUTER_BOUND('',#666,.T.);
#444=FACE_OUTER_BOUND('',#667,.T.);
#445=FACE_OUTER_BOUND('',#668,.T.);
#446=FACE_OUTER_BOUND('',#669,.T.);
#447=FACE_OUTER_BOUND('',#670,.T.);
#448=FACE_OUTER_BOUND('',#671,.T.);
#449=FACE_OUTER_BOUND('',#672,.T.);
#450=FACE_OUTER_BOUND('',#673,.T.);
#451=FACE_OUTER_BOUND('',#674,.T.);
#452=FACE_OUTER_BOUND('',#675,.T.);
#453=FACE_OUTER_BOUND('',#676,.T.);
#454=FACE_OUTER_BOUND('',#677,.T.);
#455=EDGE_LOOP('',(#2255,#2256,#2257,#2258));
#456=EDGE_LOOP('',(#2259));
#457=EDGE_LOOP('',(#2260,#2261,#2262,#2263));
#458=EDGE_LOOP('',(#2264));
#459=EDGE_LOOP('',(#2265,#2266,#2267,#2268));
#460=EDGE_LOOP('',(#2269,#2270,#2271,#2272));
#461=EDGE_LOOP('',(#2273,#2274,#2275,#2276));
#462=EDGE_LOOP('',(#2277,#2278,#2279,#2280));
#463=EDGE_LOOP('',(#2281,#2282,#2283,#2284));
#464=EDGE_LOOP('',(#2285,#2286,#2287,#2288));
#465=EDGE_LOOP('',(#2289,#2290,#2291,#2292,#2293,#2294,#2295,#2296));
#466=EDGE_LOOP('',(#2297,#2298,#2299,#2300,#2301));
#467=EDGE_LOOP('',(#2302,#2303,#2304,#2305));
#468=EDGE_LOOP('',(#2306,#2307,#2308,#2309));
#469=EDGE_LOOP('',(#2310,#2311,#2312,#2313));
#470=EDGE_LOOP('',(#2314,#2315,#2316,#2317,#2318,#2319,#2320,#2321,#2322));
#471=EDGE_LOOP('',(#2323,#2324,#2325,#2326));
#472=EDGE_LOOP('',(#2327,#2328,#2329,#2330));
#473=EDGE_LOOP('',(#2331,#2332,#2333,#2334));
#474=EDGE_LOOP('',(#2335,#2336,#2337,#2338));
#475=EDGE_LOOP('',(#2339,#2340,#2341,#2342));
#476=EDGE_LOOP('',(#2343,#2344,#2345,#2346));
#477=EDGE_LOOP('',(#2347,#2348,#2349,#2350));
#478=EDGE_LOOP('',(#2351,#2352,#2353,#2354,#2355,#2356,#2357,#2358,#2359,
#2360,#2361,#2362,#2363,#2364));
#479=EDGE_LOOP('',(#2365,#2366,#2367,#2368,#2369));
#480=EDGE_LOOP('',(#2370,#2371,#2372,#2373,#2374,#2375));
#481=EDGE_LOOP('',(#2376,#2377,#2378,#2379));
#482=EDGE_LOOP('',(#2380,#2381,#2382,#2383,#2384,#2385));
#483=EDGE_LOOP('',(#2386,#2387,#2388,#2389));
#484=EDGE_LOOP('',(#2390,#2391,#2392,#2393,#2394,#2395,#2396,#2397,#2398,
#2399,#2400,#2401,#2402,#2403,#2404,#2405,#2406,#2407,#2408,#2409,#2410,
#2411,#2412,#2413,#2414,#2415,#2416,#2417));
#485=EDGE_LOOP('',(#2418,#2419,#2420,#2421));
#486=EDGE_LOOP('',(#2422,#2423,#2424,#2425,#2426));
#487=EDGE_LOOP('',(#2427,#2428,#2429,#2430));
#488=EDGE_LOOP('',(#2431,#2432,#2433,#2434));
#489=EDGE_LOOP('',(#2435,#2436,#2437,#2438,#2439,#2440,#2441,#2442,#2443,
#2444,#2445,#2446,#2447,#2448,#2449,#2450,#2451,#2452,#2453,#2454,#2455,
#2456,#2457,#2458,#2459,#2460,#2461,#2462,#2463,#2464,#2465,#2466,#2467,
#2468,#2469,#2470,#2471,#2472));
#490=EDGE_LOOP('',(#2473));
#491=EDGE_LOOP('',(#2474));
#492=EDGE_LOOP('',(#2475));
#493=EDGE_LOOP('',(#2476));
#494=EDGE_LOOP('',(#2477,#2478,#2479,#2480));
#495=EDGE_LOOP('',(#2481,#2482,#2483,#2484));
#496=EDGE_LOOP('',(#2485,#2486,#2487,#2488));
#497=EDGE_LOOP('',(#2489,#2490,#2491,#2492));
#498=EDGE_LOOP('',(#2493,#2494,#2495,#2496));
#499=EDGE_LOOP('',(#2497,#2498,#2499,#2500));
#500=EDGE_LOOP('',(#2501,#2502,#2503,#2504));
#501=EDGE_LOOP('',(#2505,#2506,#2507,#2508,#2509));
#502=EDGE_LOOP('',(#2510,#2511,#2512));
#503=EDGE_LOOP('',(#2513,#2514,#2515,#2516,#2517,#2518,#2519,#2520,#2521,
#2522,#2523));
#504=EDGE_LOOP('',(#2524,#2525,#2526,#2527,#2528,#2529));
#505=EDGE_LOOP('',(#2530,#2531,#2532));
#506=EDGE_LOOP('',(#2533,#2534,#2535,#2536,#2537,#2538,#2539));
#507=EDGE_LOOP('',(#2540,#2541,#2542,#2543,#2544,#2545,#2546));
#508=EDGE_LOOP('',(#2547,#2548,#2549,#2550,#2551,#2552,#2553));
#509=EDGE_LOOP('',(#2554,#2555,#2556,#2557));
#510=EDGE_LOOP('',(#2558,#2559,#2560));
#511=EDGE_LOOP('',(#2561,#2562,#2563,#2564));
#512=EDGE_LOOP('',(#2565,#2566,#2567,#2568));
#513=EDGE_LOOP('',(#2569,#2570,#2571,#2572));
#514=EDGE_LOOP('',(#2573,#2574,#2575,#2576));
#515=EDGE_LOOP('',(#2577,#2578,#2579,#2580));
#516=EDGE_LOOP('',(#2581,#2582,#2583,#2584));
#517=EDGE_LOOP('',(#2585,#2586,#2587,#2588));
#518=EDGE_LOOP('',(#2589,#2590,#2591,#2592,#2593));
#519=EDGE_LOOP('',(#2594,#2595,#2596,#2597));
#520=EDGE_LOOP('',(#2598,#2599,#2600,#2601));
#521=EDGE_LOOP('',(#2602,#2603,#2604,#2605));
#522=EDGE_LOOP('',(#2606,#2607,#2608,#2609,#2610));
#523=EDGE_LOOP('',(#2611,#2612,#2613,#2614));
#524=EDGE_LOOP('',(#2615,#2616,#2617,#2618));
#525=EDGE_LOOP('',(#2619,#2620,#2621,#2622));
#526=EDGE_LOOP('',(#2623,#2624,#2625,#2626));
#527=EDGE_LOOP('',(#2627,#2628,#2629,#2630));
#528=EDGE_LOOP('',(#2631,#2632,#2633,#2634,#2635,#2636,#2637,#2638,#2639,
#2640,#2641,#2642,#2643,#2644,#2645,#2646,#2647,#2648));
#529=EDGE_LOOP('',(#2649));
#530=EDGE_LOOP('',(#2650));
#531=EDGE_LOOP('',(#2651,#2652,#2653,#2654));
#532=EDGE_LOOP('',(#2655));
#533=EDGE_LOOP('',(#2656));
#534=EDGE_LOOP('',(#2657,#2658,#2659,#2660));
#535=EDGE_LOOP('',(#2661,#2662,#2663,#2664));
#536=EDGE_LOOP('',(#2665,#2666,#2667,#2668,#2669,#2670));
#537=EDGE_LOOP('',(#2671,#2672,#2673,#2674));
#538=EDGE_LOOP('',(#2675,#2676,#2677,#2678));
#539=EDGE_LOOP('',(#2679,#2680,#2681,#2682));
#540=EDGE_LOOP('',(#2683));
#541=EDGE_LOOP('',(#2684));
#542=EDGE_LOOP('',(#2685,#2686,#2687,#2688,#2689,#2690));
#543=EDGE_LOOP('',(#2691,#2692,#2693,#2694));
#544=EDGE_LOOP('',(#2695,#2696,#2697,#2698,#2699));
#545=EDGE_LOOP('',(#2700,#2701,#2702,#2703,#2704,#2705,#2706,#2707));
#546=EDGE_LOOP('',(#2708,#2709,#2710,#2711));
#547=EDGE_LOOP('',(#2712,#2713,#2714,#2715));
#548=EDGE_LOOP('',(#2716,#2717,#2718,#2719));
#549=EDGE_LOOP('',(#2720,#2721,#2722,#2723,#2724,#2725,#2726,#2727,#2728,
#2729,#2730,#2731,#2732,#2733,#2734,#2735,#2736,#2737,#2738,#2739,#2740));
#550=EDGE_LOOP('',(#2741));
#551=EDGE_LOOP('',(#2742,#2743,#2744,#2745,#2746,#2747,#2748,#2749));
#552=EDGE_LOOP('',(#2750,#2751,#2752,#2753,#2754,#2755,#2756,#2757));
#553=EDGE_LOOP('',(#2758));
#554=EDGE_LOOP('',(#2759,#2760,#2761,#2762));
#555=EDGE_LOOP('',(#2763,#2764,#2765,#2766));
#556=EDGE_LOOP('',(#2767,#2768,#2769,#2770));
#557=EDGE_LOOP('',(#2771,#2772,#2773));
#558=EDGE_LOOP('',(#2774,#2775,#2776,#2777));
#559=EDGE_LOOP('',(#2778,#2779,#2780,#2781));
#560=EDGE_LOOP('',(#2782,#2783,#2784,#2785));
#561=EDGE_LOOP('',(#2786,#2787,#2788,#2789));
#562=EDGE_LOOP('',(#2790,#2791,#2792,#2793,#2794));
#563=EDGE_LOOP('',(#2795,#2796,#2797,#2798));
#564=EDGE_LOOP('',(#2799,#2800,#2801,#2802));
#565=EDGE_LOOP('',(#2803,#2804,#2805,#2806,#2807));
#566=EDGE_LOOP('',(#2808,#2809,#2810,#2811));
#567=EDGE_LOOP('',(#2812,#2813,#2814,#2815));
#568=EDGE_LOOP('',(#2816,#2817,#2818,#2819));
#569=EDGE_LOOP('',(#2820,#2821,#2822,#2823));
#570=EDGE_LOOP('',(#2824,#2825,#2826));
#571=EDGE_LOOP('',(#2827,#2828,#2829,#2830));
#572=EDGE_LOOP('',(#2831,#2832,#2833,#2834,#2835,#2836,#2837,#2838,#2839));
#573=EDGE_LOOP('',(#2840,#2841,#2842,#2843));
#574=EDGE_LOOP('',(#2844,#2845,#2846,#2847,#2848));
#575=EDGE_LOOP('',(#2849,#2850,#2851,#2852,#2853));
#576=EDGE_LOOP('',(#2854,#2855,#2856,#2857,#2858));
#577=EDGE_LOOP('',(#2859,#2860,#2861,#2862,#2863,#2864,#2865,#2866,#2867,
#2868,#2869,#2870,#2871,#2872));
#578=EDGE_LOOP('',(#2873,#2874,#2875));
#579=EDGE_LOOP('',(#2876,#2877,#2878,#2879));
#580=EDGE_LOOP('',(#2880,#2881,#2882));
#581=EDGE_LOOP('',(#2883,#2884,#2885,#2886,#2887,#2888,#2889));
#582=EDGE_LOOP('',(#2890,#2891,#2892,#2893,#2894,#2895,#2896));
#583=EDGE_LOOP('',(#2897,#2898,#2899,#2900));
#584=EDGE_LOOP('',(#2901,#2902,#2903,#2904));
#585=EDGE_LOOP('',(#2905,#2906,#2907));
#586=EDGE_LOOP('',(#2908,#2909,#2910,#2911,#2912,#2913,#2914));
#587=EDGE_LOOP('',(#2915,#2916,#2917,#2918,#2919,#2920,#2921,#2922,#2923));
#588=EDGE_LOOP('',(#2924,#2925,#2926,#2927));
#589=EDGE_LOOP('',(#2928,#2929,#2930,#2931));
#590=EDGE_LOOP('',(#2932,#2933,#2934,#2935));
#591=EDGE_LOOP('',(#2936,#2937,#2938,#2939));
#592=EDGE_LOOP('',(#2940,#2941,#2942,#2943));
#593=EDGE_LOOP('',(#2944,#2945,#2946,#2947));
#594=EDGE_LOOP('',(#2948,#2949,#2950,#2951));
#595=EDGE_LOOP('',(#2952,#2953,#2954,#2955));
#596=EDGE_LOOP('',(#2956,#2957,#2958,#2959));
#597=EDGE_LOOP('',(#2960,#2961,#2962,#2963));
#598=EDGE_LOOP('',(#2964,#2965,#2966,#2967));
#599=EDGE_LOOP('',(#2968,#2969,#2970,#2971,#2972,#2973,#2974));
#600=EDGE_LOOP('',(#2975,#2976,#2977,#2978));
#601=EDGE_LOOP('',(#2979,#2980,#2981,#2982));
#602=EDGE_LOOP('',(#2983,#2984,#2985,#2986));
#603=EDGE_LOOP('',(#2987,#2988,#2989,#2990));
#604=EDGE_LOOP('',(#2991,#2992,#2993,#2994));
#605=EDGE_LOOP('',(#2995));
#606=EDGE_LOOP('',(#2996));
#607=EDGE_LOOP('',(#2997,#2998,#2999,#3000));
#608=EDGE_LOOP('',(#3001,#3002,#3003,#3004));
#609=EDGE_LOOP('',(#3005,#3006,#3007,#3008));
#610=EDGE_LOOP('',(#3009,#3010,#3011,#3012));
#611=EDGE_LOOP('',(#3013,#3014,#3015,#3016));
#612=EDGE_LOOP('',(#3017,#3018,#3019,#3020));
#613=EDGE_LOOP('',(#3021,#3022,#3023,#3024));
#614=EDGE_LOOP('',(#3025,#3026,#3027,#3028));
#615=EDGE_LOOP('',(#3029,#3030,#3031,#3032));
#616=EDGE_LOOP('',(#3033,#3034,#3035,#3036));
#617=EDGE_LOOP('',(#3037,#3038,#3039,#3040));
#618=EDGE_LOOP('',(#3041,#3042,#3043,#3044));
#619=EDGE_LOOP('',(#3045,#3046,#3047,#3048));
#620=EDGE_LOOP('',(#3049,#3050,#3051,#3052));
#621=EDGE_LOOP('',(#3053,#3054,#3055,#3056,#3057));
#622=EDGE_LOOP('',(#3058,#3059,#3060,#3061));
#623=EDGE_LOOP('',(#3062,#3063,#3064,#3065));
#624=EDGE_LOOP('',(#3066,#3067,#3068,#3069,#3070,#3071,#3072,#3073));
#625=EDGE_LOOP('',(#3074,#3075,#3076,#3077,#3078));
#626=EDGE_LOOP('',(#3079,#3080,#3081,#3082));
#627=EDGE_LOOP('',(#3083,#3084,#3085,#3086));
#628=EDGE_LOOP('',(#3087,#3088,#3089,#3090));
#629=EDGE_LOOP('',(#3091,#3092,#3093,#3094));
#630=EDGE_LOOP('',(#3095,#3096,#3097,#3098));
#631=EDGE_LOOP('',(#3099,#3100,#3101,#3102));
#632=EDGE_LOOP('',(#3103,#3104,#3105,#3106));
#633=EDGE_LOOP('',(#3107,#3108,#3109,#3110));
#634=EDGE_LOOP('',(#3111,#3112,#3113,#3114));
#635=EDGE_LOOP('',(#3115,#3116,#3117,#3118));
#636=EDGE_LOOP('',(#3119,#3120,#3121,#3122));
#637=EDGE_LOOP('',(#3123,#3124,#3125,#3126));
#638=EDGE_LOOP('',(#3127,#3128,#3129,#3130));
#639=EDGE_LOOP('',(#3131,#3132,#3133,#3134));
#640=EDGE_LOOP('',(#3135,#3136,#3137,#3138));
#641=EDGE_LOOP('',(#3139,#3140,#3141,#3142));
#642=EDGE_LOOP('',(#3143,#3144,#3145,#3146));
#643=EDGE_LOOP('',(#3147,#3148,#3149,#3150));
#644=EDGE_LOOP('',(#3151,#3152,#3153,#3154,#3155,#3156,#3157));
#645=EDGE_LOOP('',(#3158,#3159,#3160,#3161));
#646=EDGE_LOOP('',(#3162,#3163,#3164,#3165));
#647=EDGE_LOOP('',(#3166,#3167,#3168,#3169));
#648=EDGE_LOOP('',(#3170,#3171,#3172,#3173));
#649=EDGE_LOOP('',(#3174,#3175,#3176,#3177));
#650=EDGE_LOOP('',(#3178));
#651=EDGE_LOOP('',(#3179));
#652=EDGE_LOOP('',(#3180,#3181,#3182,#3183));
#653=EDGE_LOOP('',(#3184,#3185,#3186,#3187));
#654=EDGE_LOOP('',(#3188,#3189,#3190,#3191));
#655=EDGE_LOOP('',(#3192,#3193,#3194,#3195));
#656=EDGE_LOOP('',(#3196,#3197,#3198,#3199));
#657=EDGE_LOOP('',(#3200,#3201,#3202,#3203));
#658=EDGE_LOOP('',(#3204,#3205,#3206,#3207,#3208,#3209,#3210,#3211,#3212,
#3213,#3214,#3215,#3216));
#659=EDGE_LOOP('',(#3217,#3218,#3219,#3220,#3221,#3222,#3223,#3224));
#660=EDGE_LOOP('',(#3225,#3226,#3227,#3228,#3229,#3230,#3231,#3232));
#661=EDGE_LOOP('',(#3233,#3234,#3235,#3236));
#662=EDGE_LOOP('',(#3237,#3238,#3239,#3240));
#663=EDGE_LOOP('',(#3241,#3242,#3243,#3244));
#664=EDGE_LOOP('',(#3245,#3246,#3247,#3248));
#665=EDGE_LOOP('',(#3249,#3250,#3251,#3252));
#666=EDGE_LOOP('',(#3253,#3254,#3255,#3256));
#667=EDGE_LOOP('',(#3257,#3258,#3259,#3260,#3261));
#668=EDGE_LOOP('',(#3262,#3263,#3264,#3265));
#669=EDGE_LOOP('',(#3266,#3267,#3268,#3269));
#670=EDGE_LOOP('',(#3270,#3271,#3272,#3273,#3274,#3275,#3276,#3277));
#671=EDGE_LOOP('',(#3278,#3279,#3280,#3281,#3282));
#672=EDGE_LOOP('',(#3283,#3284,#3285,#3286));
#673=EDGE_LOOP('',(#3287,#3288,#3289,#3290));
#674=EDGE_LOOP('',(#3291,#3292,#3293,#3294));
#675=EDGE_LOOP('',(#3295,#3296,#3297,#3298));
#676=EDGE_LOOP('',(#3299,#3300,#3301,#3302,#3303,#3304));
#677=EDGE_LOOP('',(#3305,#3306,#3307,#3308));
#678=LINE('',#5010,#957);
#679=LINE('',#5017,#958);
#680=LINE('',#5025,#959);
#681=LINE('',#5028,#960);
#682=LINE('',#5063,#961);
#683=LINE('',#5064,#962);
#684=LINE('',#5097,#963);
#685=LINE('',#5099,#964);
#686=LINE('',#5103,#965);
#687=LINE('',#5106,#966);
#688=LINE('',#5109,#967);
#689=LINE('',#5111,#968);
#690=LINE('',#5113,#969);
#691=LINE('',#5115,#970);
#692=LINE('',#5117,#971);
#693=LINE('',#5119,#972);
#694=LINE('',#5120,#973);
#695=LINE('',#5123,#974);
#696=LINE('',#5129,#975);
#697=LINE('',#5130,#976);
#698=LINE('',#5133,#977);
#699=LINE('',#5137,#978);
#700=LINE('',#5138,#979);
#701=LINE('',#5141,#980);
#702=LINE('',#5143,#981);
#703=LINE('',#5145,#982);
#704=LINE('',#5147,#983);
#705=LINE('',#5149,#984);
#706=LINE('',#5161,#985);
#707=LINE('',#5165,#986);
#708=LINE('',#5169,#987);
#709=LINE('',#5205,#988);
#710=LINE('',#5206,#989);
#711=LINE('',#5236,#990);
#712=LINE('',#5308,#991);
#713=LINE('',#5309,#992);
#714=LINE('',#5311,#993);
#715=LINE('',#5313,#994);
#716=LINE('',#5315,#995);
#717=LINE('',#5317,#996);
#718=LINE('',#5318,#997);
#719=LINE('',#5321,#998);
#720=LINE('',#5322,#999);
#721=LINE('',#5327,#1000);
#722=LINE('',#5334,#1001);
#723=LINE('',#5337,#1002);
#724=LINE('',#5340,#1003);
#725=LINE('',#5342,#1004);
#726=LINE('',#5346,#1005);
#727=LINE('',#5347,#1006);
#728=LINE('',#5353,#1007);
#729=LINE('',#5356,#1008);
#730=LINE('',#5358,#1009);
#731=LINE('',#5359,#1010);
#732=LINE('',#5365,#1011);
#733=LINE('',#5369,#1012);
#734=LINE('',#5373,#1013);
#735=LINE('',#5377,#1014);
#736=LINE('',#5381,#1015);
#737=LINE('',#5385,#1016);
#738=LINE('',#5391,#1017);
#739=LINE('',#5395,#1018);
#740=LINE('',#5397,#1019);
#741=LINE('',#5400,#1020);
#742=LINE('',#5404,#1021);
#743=LINE('',#5416,#1022);
#744=LINE('',#5422,#1023);
#745=LINE('',#5423,#1024);
#746=LINE('',#5426,#1025);
#747=LINE('',#5427,#1026);
#748=LINE('',#5430,#1027);
#749=LINE('',#5434,#1028);
#750=LINE('',#5438,#1029);
#751=LINE('',#5442,#1030);
#752=LINE('',#5446,#1031);
#753=LINE('',#5450,#1032);
#754=LINE('',#5451,#1033);
#755=LINE('',#5462,#1034);
#756=LINE('',#5464,#1035);
#757=LINE('',#5465,#1036);
#758=LINE('',#5466,#1037);
#759=LINE('',#5470,#1038);
#760=LINE('',#5474,#1039);
#761=LINE('',#5476,#1040);
#762=LINE('',#5478,#1041);
#763=LINE('',#5480,#1042);
#764=LINE('',#5487,#1043);
#765=LINE('',#5488,#1044);
#766=LINE('',#5490,#1045);
#767=LINE('',#5492,#1046);
#768=LINE('',#5493,#1047);
#769=LINE('',#5495,#1048);
#770=LINE('',#5497,#1049);
#771=LINE('',#5518,#1050);
#772=LINE('',#5519,#1051);
#773=LINE('',#5526,#1052);
#774=LINE('',#5534,#1053);
#775=LINE('',#5536,#1054);
#776=LINE('',#5538,#1055);
#777=LINE('',#5576,#1056);
#778=LINE('',#5578,#1057);
#779=LINE('',#5581,#1058);
#780=LINE('',#5584,#1059);
#781=LINE('',#5636,#1060);
#782=LINE('',#5637,#1061);
#783=LINE('',#5640,#1062);
#784=LINE('',#5644,#1063);
#785=LINE('',#5645,#1064);
#786=LINE('',#5648,#1065);
#787=LINE('',#5649,#1066);
#788=LINE('',#5652,#1067);
#789=LINE('',#5656,#1068);
#790=LINE('',#5657,#1069);
#791=LINE('',#5660,#1070);
#792=LINE('',#5667,#1071);
#793=LINE('',#5669,#1072);
#794=LINE('',#5672,#1073);
#795=LINE('',#5674,#1074);
#796=LINE('',#5675,#1075);
#797=LINE('',#5678,#1076);
#798=LINE('',#5680,#1077);
#799=LINE('',#5681,#1078);
#800=LINE('',#5686,#1079);
#801=LINE('',#5690,#1080);
#802=LINE('',#5691,#1081);
#803=LINE('',#5692,#1082);
#804=LINE('',#5695,#1083);
#805=LINE('',#5699,#1084);
#806=LINE('',#5700,#1085);
#807=LINE('',#5703,#1086);
#808=LINE('',#5707,#1087);
#809=LINE('',#5708,#1088);
#810=LINE('',#5716,#1089);
#811=LINE('',#5722,#1090);
#812=LINE('',#5725,#1091);
#813=LINE('',#5727,#1092);
#814=LINE('',#5733,#1093);
#815=LINE('',#5738,#1094);
#816=LINE('',#5740,#1095);
#817=LINE('',#5743,#1096);
#818=LINE('',#5747,#1097);
#819=LINE('',#5749,#1098);
#820=LINE('',#5751,#1099);
#821=LINE('',#5753,#1100);
#822=LINE('',#5754,#1101);
#823=LINE('',#5760,#1102);
#824=LINE('',#5763,#1103);
#825=LINE('',#5769,#1104);
#826=LINE('',#5772,#1105);
#827=LINE('',#5777,#1106);
#828=LINE('',#5781,#1107);
#829=LINE('',#5783,#1108);
#830=LINE('',#5791,#1109);
#831=LINE('',#5812,#1110);
#832=LINE('',#5814,#1111);
#833=LINE('',#5835,#1112);
#834=LINE('',#5845,#1113);
#835=LINE('',#5849,#1114);
#836=LINE('',#5853,#1115);
#837=LINE('',#5857,#1116);
#838=LINE('',#5861,#1117);
#839=LINE('',#5865,#1118);
#840=LINE('',#5869,#1119);
#841=LINE('',#5873,#1120);
#842=LINE('',#5877,#1121);
#843=LINE('',#5882,#1122);
#844=LINE('',#5886,#1123);
#845=LINE('',#5924,#1124);
#846=LINE('',#5935,#1125);
#847=LINE('',#5936,#1126);
#848=LINE('',#5983,#1127);
#849=LINE('',#5985,#1128);
#850=LINE('',#5986,#1129);
#851=LINE('',#5992,#1130);
#852=LINE('',#6027,#1131);
#853=LINE('',#6028,#1132);
#854=LINE('',#6039,#1133);
#855=LINE('',#6040,#1134);
#856=LINE('',#6075,#1135);
#857=LINE('',#6079,#1136);
#858=LINE('',#6100,#1137);
#859=LINE('',#6103,#1138);
#860=LINE('',#6107,#1139);
#861=LINE('',#6111,#1140);
#862=LINE('',#6113,#1141);
#863=LINE('',#6115,#1142);
#864=LINE('',#6117,#1143);
#865=LINE('',#6118,#1144);
#866=LINE('',#6119,#1145);
#867=LINE('',#6120,#1146);
#868=LINE('',#6122,#1147);
#869=LINE('',#6124,#1148);
#870=LINE('',#6125,#1149);
#871=LINE('',#6128,#1150);
#872=LINE('',#6129,#1151);
#873=LINE('',#6131,#1152);
#874=LINE('',#6134,#1153);
#875=LINE('',#6138,#1154);
#876=LINE('',#6144,#1155);
#877=LINE('',#6146,#1156);
#878=LINE('',#6147,#1157);
#879=LINE('',#6169,#1158);
#880=LINE('',#6202,#1159);
#881=LINE('',#6236,#1160);
#882=LINE('',#6239,#1161);
#883=LINE('',#6243,#1162);
#884=LINE('',#6244,#1163);
#885=LINE('',#6247,#1164);
#886=LINE('',#6251,#1165);
#887=LINE('',#6302,#1166);
#888=LINE('',#6304,#1167);
#889=LINE('',#6305,#1168);
#890=LINE('',#6332,#1169);
#891=LINE('',#6403,#1170);
#892=LINE('',#6406,#1171);
#893=LINE('',#6408,#1172);
#894=LINE('',#6412,#1173);
#895=LINE('',#6413,#1174);
#896=LINE('',#6416,#1175);
#897=LINE('',#6420,#1176);
#898=LINE('',#6421,#1177);
#899=LINE('',#6424,#1178);
#900=LINE('',#6427,#1179);
#901=LINE('',#6434,#1180);
#902=LINE('',#6437,#1181);
#903=LINE('',#6438,#1182);
#904=LINE('',#6442,#1183);
#905=LINE('',#6445,#1184);
#906=LINE('',#6446,#1185);
#907=LINE('',#6471,#1186);
#908=LINE('',#6472,#1187);
#909=LINE('',#6475,#1188);
#910=LINE('',#6478,#1189);
#911=LINE('',#6518,#1190);
#912=LINE('',#6595,#1191);
#913=LINE('',#6667,#1192);
#914=LINE('',#6668,#1193);
#915=LINE('',#6685,#1194);
#916=LINE('',#6706,#1195);
#917=LINE('',#6707,#1196);
#918=LINE('',#6711,#1197);
#919=LINE('',#6714,#1198);
#920=LINE('',#6715,#1199);
#921=LINE('',#6737,#1200);
#922=LINE('',#6739,#1201);
#923=LINE('',#6788,#1202);
#924=LINE('',#6807,#1203);
#925=LINE('',#6810,#1204);
#926=LINE('',#6811,#1205);
#927=LINE('',#6813,#1206);
#928=LINE('',#6816,#1207);
#929=LINE('',#6867,#1208);
#930=LINE('',#6868,#1209);
#931=LINE('',#6890,#1210);
#932=LINE('',#6917,#1211);
#933=LINE('',#6969,#1212);
#934=LINE('',#6972,#1213);
#935=LINE('',#6975,#1214);
#936=LINE('',#6976,#1215);
#937=LINE('',#6980,#1216);
#938=LINE('',#6983,#1217);
#939=LINE('',#6984,#1218);
#940=LINE('',#6987,#1219);
#941=LINE('',#6990,#1220);
#942=LINE('',#6997,#1221);
#943=LINE('',#7000,#1222);
#944=LINE('',#7001,#1223);
#945=LINE('',#7004,#1224);
#946=LINE('',#7008,#1225);
#947=LINE('',#7009,#1226);
#948=LINE('',#7034,#1227);
#949=LINE('',#7041,#1228);
#950=LINE('',#7044,#1229);
#951=LINE('',#7115,#1230);
#952=LINE('',#7215,#1231);
#953=LINE('',#7216,#1232);
#954=LINE('',#7233,#1233);
#955=LINE('',#7254,#1234);
#956=LINE('',#7255,#1235);
#957=VECTOR('',#3988,1.85000000000002);
#958=VECTOR('',#3997,1.85000000000002);
#959=VECTOR('',#4006,10.);
#960=VECTOR('',#4009,10.);
#961=VECTOR('',#4020,10.);
#962=VECTOR('',#4021,10.);
#963=VECTOR('',#4030,10.);
#964=VECTOR('',#4031,10.);
#965=VECTOR('',#4036,10.);
#966=VECTOR('',#4039,10.);
#967=VECTOR('',#4042,10.);
#968=VECTOR('',#4043,10.);
#969=VECTOR('',#4044,10.);
#970=VECTOR('',#4045,10.);
#971=VECTOR('',#4046,10.);
#972=VECTOR('',#4047,10.);
#973=VECTOR('',#4048,10.);
#974=VECTOR('',#4051,10.);
#975=VECTOR('',#4058,10.);
#976=VECTOR('',#4059,10.);
#977=VECTOR('',#4062,1.);
#978=VECTOR('',#4067,10.);
#979=VECTOR('',#4068,10.);
#980=VECTOR('',#4071,10.);
#981=VECTOR('',#4072,10.);
#982=VECTOR('',#4073,10.);
#983=VECTOR('',#4074,10.);
#984=VECTOR('',#4075,10.);
#985=VECTOR('',#4076,10.);
#986=VECTOR('',#4079,10.);
#987=VECTOR('',#4082,10.);
#988=VECTOR('',#4095,10.);
#989=VECTOR('',#4096,10.);
#990=VECTOR('',#4099,10.);
#991=VECTOR('',#4110,10.);
#992=VECTOR('',#4111,10.);
#993=VECTOR('',#4114,10.);
#994=VECTOR('',#4115,10.);
#995=VECTOR('',#4116,10.);
#996=VECTOR('',#4117,10.);
#997=VECTOR('',#4118,10.);
#998=VECTOR('',#4121,10.);
#999=VECTOR('',#4122,10.);
#1000=VECTOR('',#4127,10.);
#1001=VECTOR('',#4134,10.);
#1002=VECTOR('',#4137,10.);
#1003=VECTOR('',#4140,10.);
#1004=VECTOR('',#4141,10.);
#1005=VECTOR('',#4144,10.);
#1006=VECTOR('',#4145,10.);
#1007=VECTOR('',#4150,10.);
#1008=VECTOR('',#4153,10.);
#1009=VECTOR('',#4156,10.);
#1010=VECTOR('',#4157,10.);
#1011=VECTOR('',#4162,10.);
#1012=VECTOR('',#4165,10.);
#1013=VECTOR('',#4168,10.);
#1014=VECTOR('',#4171,10.);
#1015=VECTOR('',#4174,10.);
#1016=VECTOR('',#4177,10.);
#1017=VECTOR('',#4182,10.);
#1018=VECTOR('',#4185,10.);
#1019=VECTOR('',#4186,10.);
#1020=VECTOR('',#4189,10.);
#1021=VECTOR('',#4194,10.);
#1022=VECTOR('',#4197,10.);
#1023=VECTOR('',#4204,10.);
#1024=VECTOR('',#4205,10.);
#1025=VECTOR('',#4208,10.);
#1026=VECTOR('',#4209,10.);
#1027=VECTOR('',#4212,10.);
#1028=VECTOR('',#4215,10.);
#1029=VECTOR('',#4218,10.);
#1030=VECTOR('',#4221,10.);
#1031=VECTOR('',#4224,10.);
#1032=VECTOR('',#4227,10.);
#1033=VECTOR('',#4228,10.);
#1034=VECTOR('',#4233,10.);
#1035=VECTOR('',#4234,10.);
#1036=VECTOR('',#4235,10.);
#1037=VECTOR('',#4236,10.);
#1038=VECTOR('',#4239,10.);
#1039=VECTOR('',#4242,10.);
#1040=VECTOR('',#4243,10.);
#1041=VECTOR('',#4244,10.);
#1042=VECTOR('',#4245,10.);
#1043=VECTOR('',#4254,10.);
#1044=VECTOR('',#4255,10.);
#1045=VECTOR('',#4258,10.);
#1046=VECTOR('',#4261,10.);
#1047=VECTOR('',#4262,10.);
#1048=VECTOR('',#4265,10.);
#1049=VECTOR('',#4268,10.);
#1050=VECTOR('',#4281,10.);
#1051=VECTOR('',#4282,10.);
#1052=VECTOR('',#4291,10.);
#1053=VECTOR('',#4298,10.);
#1054=VECTOR('',#4299,10.);
#1055=VECTOR('',#4300,10.);
#1056=VECTOR('',#4315,10.);
#1057=VECTOR('',#4316,10.);
#1058=VECTOR('',#4319,10.);
#1059=VECTOR('',#4324,10.);
#1060=VECTOR('',#4329,10.);
#1061=VECTOR('',#4330,10.);
#1062=VECTOR('',#4333,10.);
#1063=VECTOR('',#4338,10.);
#1064=VECTOR('',#4339,10.);
#1065=VECTOR('',#4342,10.);
#1066=VECTOR('',#4343,10.);
#1067=VECTOR('',#4346,10.);
#1068=VECTOR('',#4351,10.);
#1069=VECTOR('',#4352,10.);
#1070=VECTOR('',#4355,10.);
#1071=VECTOR('',#4362,10.);
#1072=VECTOR('',#4365,10.);
#1073=VECTOR('',#4368,10.);
#1074=VECTOR('',#4369,10.);
#1075=VECTOR('',#4370,10.);
#1076=VECTOR('',#4373,10.);
#1077=VECTOR('',#4374,10.);
#1078=VECTOR('',#4375,10.);
#1079=VECTOR('',#4380,2.75);
#1080=VECTOR('',#4385,10.);
#1081=VECTOR('',#4386,10.);
#1082=VECTOR('',#4387,10.);
#1083=VECTOR('',#4390,1.4);
#1084=VECTOR('',#4395,10.);
#1085=VECTOR('',#4396,10.);
#1086=VECTOR('',#4399,10.);
#1087=VECTOR('',#4404,10.);
#1088=VECTOR('',#4405,10.);
#1089=VECTOR('',#4416,1.25);
#1090=VECTOR('',#4425,2.75);
#1091=VECTOR('',#4430,10.);
#1092=VECTOR('',#4433,10.);
#1093=VECTOR('',#4442,10.);
#1094=VECTOR('',#4447,10.);
#1095=VECTOR('',#4450,10.);
#1096=VECTOR('',#4453,10.);
#1097=VECTOR('',#4458,10.);
#1098=VECTOR('',#4459,10.);
#1099=VECTOR('',#4460,10.);
#1100=VECTOR('',#4461,10.);
#1101=VECTOR('',#4462,10.);
#1102=VECTOR('',#4467,10.);
#1103=VECTOR('',#4470,10.);
#1104=VECTOR('',#4475,10.);
#1105=VECTOR('',#4478,10.);
#1106=VECTOR('',#4483,1.9);
#1107=VECTOR('',#4488,10.);
#1108=VECTOR('',#4489,10.);
#1109=VECTOR('',#4496,10.);
#1110=VECTOR('',#4499,10.);
#1111=VECTOR('',#4500,10.);
#1112=VECTOR('',#4503,10.);
#1113=VECTOR('',#4512,10.);
#1114=VECTOR('',#4515,10.);
#1115=VECTOR('',#4518,10.);
#1116=VECTOR('',#4521,10.);
#1117=VECTOR('',#4524,10.);
#1118=VECTOR('',#4527,10.);
#1119=VECTOR('',#4530,10.);
#1120=VECTOR('',#4533,10.);
#1121=VECTOR('',#4538,1.7);
#1122=VECTOR('',#4545,1.9);
#1123=VECTOR('',#4550,1.7);
#1124=VECTOR('',#4561,10.);
#1125=VECTOR('',#4574,10.);
#1126=VECTOR('',#4575,10.);
#1127=VECTOR('',#4582,10.);
#1128=VECTOR('',#4583,10.);
#1129=VECTOR('',#4584,10.);
#1130=VECTOR('',#4595,10.);
#1131=VECTOR('',#4606,10.);
#1132=VECTOR('',#4607,10.);
#1133=VECTOR('',#4620,10.);
#1134=VECTOR('',#4621,10.);
#1135=VECTOR('',#4628,10.);
#1136=VECTOR('',#4633,10.);
#1137=VECTOR('',#4644,10.);
#1138=VECTOR('',#4649,10.);
#1139=VECTOR('',#4654,10.);
#1140=VECTOR('',#4659,10.);
#1141=VECTOR('',#4662,10.);
#1142=VECTOR('',#4663,10.);
#1143=VECTOR('',#4664,10.);
#1144=VECTOR('',#4665,10.);
#1145=VECTOR('',#4666,10.);
#1146=VECTOR('',#4667,10.);
#1147=VECTOR('',#4670,10.);
#1148=VECTOR('',#4673,10.);
#1149=VECTOR('',#4674,10.);
#1150=VECTOR('',#4679,9.99999999999999);
#1151=VECTOR('',#4680,10.);
#1152=VECTOR('',#4683,10.);
#1153=VECTOR('',#4686,10.);
#1154=VECTOR('',#4693,10.);
#1155=VECTOR('',#4702,10.);
#1156=VECTOR('',#4703,10.);
#1157=VECTOR('',#4704,10.);
#1158=VECTOR('',#4705,10.);
#1159=VECTOR('',#4706,10.);
#1160=VECTOR('',#4707,10.);
#1161=VECTOR('',#4710,10.);
#1162=VECTOR('',#4715,10.);
#1163=VECTOR('',#4716,10.);
#1164=VECTOR('',#4719,10.);
#1165=VECTOR('',#4724,10.);
#1166=VECTOR('',#4733,10.);
#1167=VECTOR('',#4734,10.);
#1168=VECTOR('',#4735,10.);
#1169=VECTOR('',#4736,10.);
#1170=VECTOR('',#4739,10.);
#1171=VECTOR('',#4742,10.);
#1172=VECTOR('',#4743,10.);
#1173=VECTOR('',#4748,10.);
#1174=VECTOR('',#4749,10.);
#1175=VECTOR('',#4752,10.);
#1176=VECTOR('',#4757,10.);
#1177=VECTOR('',#4758,10.);
#1178=VECTOR('',#4761,10.);
#1179=VECTOR('',#4764,10.);
#1180=VECTOR('',#4773,1.9);
#1181=VECTOR('',#4776,10.);
#1182=VECTOR('',#4777,10.);
#1183=VECTOR('',#4782,10.);
#1184=VECTOR('',#4785,10.);
#1185=VECTOR('',#4786,10.);
#1186=VECTOR('',#4793,10.);
#1187=VECTOR('',#4794,10.);
#1188=VECTOR('',#4797,10.);
#1189=VECTOR('',#4800,10.);
#1190=VECTOR('',#4815,10.);
#1191=VECTOR('',#4840,3.);
#1192=VECTOR('',#4847,9.99999999999999);
#1193=VECTOR('',#4848,10.);
#1194=VECTOR('',#4849,10.);
#1195=VECTOR('',#4850,10.);
#1196=VECTOR('',#4851,10.);
#1197=VECTOR('',#4858,10.);
#1198=VECTOR('',#4861,10.);
#1199=VECTOR('',#4862,10.);
#1200=VECTOR('',#4863,10.);
#1201=VECTOR('',#4864,10.);
#1202=VECTOR('',#4865,10.);
#1203=VECTOR('',#4868,10.);
#1204=VECTOR('',#4873,10.);
#1205=VECTOR('',#4874,10.);
#1206=VECTOR('',#4877,10.);
#1207=VECTOR('',#4880,10.);
#1208=VECTOR('',#4889,10.);
#1209=VECTOR('',#4890,10.);
#1210=VECTOR('',#4891,10.);
#1211=VECTOR('',#4892,10.);
#1212=VECTOR('',#4897,10.);
#1213=VECTOR('',#4900,10.);
#1214=VECTOR('',#4903,10.);
#1215=VECTOR('',#4904,10.);
#1216=VECTOR('',#4909,10.);
#1217=VECTOR('',#4912,10.);
#1218=VECTOR('',#4913,10.);
#1219=VECTOR('',#4916,10.);
#1220=VECTOR('',#4919,10.);
#1221=VECTOR('',#4928,1.9);
#1222=VECTOR('',#4931,10.);
#1223=VECTOR('',#4932,10.);
#1224=VECTOR('',#4935,10.);
#1225=VECTOR('',#4940,10.);
#1226=VECTOR('',#4941,10.);
#1227=VECTOR('',#4948,10.);
#1228=VECTOR('',#4951,10.);
#1229=VECTOR('',#4954,10.);
#1230=VECTOR('',#4979,3.);
#1231=VECTOR('',#4990,10.);
#1232=VECTOR('',#4991,10.);
#1233=VECTOR('',#4992,10.);
#1234=VECTOR('',#4993,10.);
#1235=VECTOR('',#4994,10.);
#1236=CIRCLE('',#3609,1.85000000000002);
#1237=CIRCLE('',#3610,1.85000000000002);
#1238=CIRCLE('',#3613,1.85000000000002);
#1239=CIRCLE('',#3614,1.85000000000002);
#1240=CIRCLE('',#3617,0.299999999999999);
#1241=CIRCLE('',#3618,0.300000000000001);
#1242=CIRCLE('',#3619,0.300000000000004);
#1243=CIRCLE('',#3620,1.);
#1244=CIRCLE('',#3621,1.3);
#1245=CIRCLE('',#3623,0.299999999999999);
#1246=CIRCLE('',#3624,0.299999999999999);
#1247=CIRCLE('',#3625,1.);
#1248=CIRCLE('',#3626,1.30000000000001);
#1249=CIRCLE('',#3637,1.);
#1250=CIRCLE('',#3641,0.299999999999999);
#1251=CIRCLE('',#3643,0.300000000000004);
#1252=CIRCLE('',#3644,1.);
#1253=CIRCLE('',#3645,1.3);
#1254=CIRCLE('',#3647,0.300000000000001);
#1255=CIRCLE('',#3648,0.299999999999889);
#1256=CIRCLE('',#3649,0.300000000000001);
#1257=CIRCLE('',#3650,0.300000000000002);
#1258=CIRCLE('',#3657,3.);
#1259=CIRCLE('',#3658,3.);
#1260=CIRCLE('',#3660,1.);
#1261=CIRCLE('',#3661,1.);
#1262=CIRCLE('',#3665,1.);
#1263=CIRCLE('',#3666,1.);
#1264=CIRCLE('',#3668,3.40000000000001);
#1265=CIRCLE('',#3669,1.);
#1266=CIRCLE('',#3670,0.300000000000001);
#1267=CIRCLE('',#3671,1.);
#1268=CIRCLE('',#3672,1.);
#1269=CIRCLE('',#3673,1.);
#1270=CIRCLE('',#3674,1.);
#1271=CIRCLE('',#3675,0.5);
#1272=CIRCLE('',#3676,0.500000000000003);
#1273=CIRCLE('',#3677,0.499999999999994);
#1274=CIRCLE('',#3678,3.);
#1275=CIRCLE('',#3680,3.4);
#1276=CIRCLE('',#3682,1.);
#1277=CIRCLE('',#3684,1.);
#1278=CIRCLE('',#3687,1.);
#1279=CIRCLE('',#3688,1.);
#1280=CIRCLE('',#3689,1.);
#1281=CIRCLE('',#3690,0.3);
#1282=CIRCLE('',#3691,6.12);
#1283=CIRCLE('',#3692,3.00000000000002);
#1284=CIRCLE('',#3694,0.500000000000005);
#1285=CIRCLE('',#3695,0.500000000000005);
#1286=CIRCLE('',#3696,0.499999999999998);
#1287=CIRCLE('',#3697,2.75);
#1288=CIRCLE('',#3698,1.4);
#1289=CIRCLE('',#3706,1.12);
#1290=CIRCLE('',#3707,5.);
#1291=CIRCLE('',#3709,1.);
#1292=CIRCLE('',#3711,3.4);
#1293=CIRCLE('',#3712,4.);
#1294=CIRCLE('',#3714,4.);
#1295=CIRCLE('',#3715,12.);
#1296=CIRCLE('',#3716,7.);
#1297=CIRCLE('',#3717,3.4);
#1298=CIRCLE('',#3719,1.);
#1299=CIRCLE('',#3720,5.);
#1300=CIRCLE('',#3722,1.);
#1301=CIRCLE('',#3724,5.);
#1302=CIRCLE('',#3730,3.);
#1303=CIRCLE('',#3734,0.499999999999994);
#1304=CIRCLE('',#3737,0.500000000000003);
#1305=CIRCLE('',#3739,0.499999999999998);
#1306=CIRCLE('',#3740,0.499999999999994);
#1307=CIRCLE('',#3744,2.75000000000001);
#1308=CIRCLE('',#3745,2.75);
#1309=CIRCLE('',#3748,1.4);
#1310=CIRCLE('',#3751,0.500000000000003);
#1311=CIRCLE('',#3754,0.500000000000003);
#1312=CIRCLE('',#3757,1.25);
#1313=CIRCLE('',#3758,1.25);
#1314=CIRCLE('',#3760,2.75);
#1315=CIRCLE('',#3782,1.7);
#1316=CIRCLE('',#3783,2.1);
#1317=CIRCLE('',#3785,7.);
#1318=CIRCLE('',#3786,12.);
#1319=CIRCLE('',#3787,4.);
#1320=CIRCLE('',#3788,2.99999999999999);
#1321=CIRCLE('',#3789,2.99999999999999);
#1322=CIRCLE('',#3790,4.);
#1323=CIRCLE('',#3791,12.);
#1324=CIRCLE('',#3792,7.);
#1325=CIRCLE('',#3793,2.1);
#1326=CIRCLE('',#3794,1.69999999999896);
#1327=CIRCLE('',#3795,1.70000000000219);
#1328=CIRCLE('',#3796,1.6999999999994);
#1329=CIRCLE('',#3797,1.69999999999896);
#1330=CIRCLE('',#3798,1.69999999999896);
#1331=CIRCLE('',#3799,1.6999999999994);
#1332=CIRCLE('',#3800,1.70000000000219);
#1333=CIRCLE('',#3801,1.69999999999896);
#1334=CIRCLE('',#3803,1.7);
#1335=CIRCLE('',#3805,1.7);
#1336=CIRCLE('',#3807,1.7);
#1337=CIRCLE('',#3808,1.00000000000001);
#1338=CIRCLE('',#3812,0.999999999999996);
#1339=CIRCLE('',#3814,1.);
#1340=CIRCLE('',#3815,2.);
#1341=CIRCLE('',#3816,1.);
#1342=CIRCLE('',#3818,0.999999999999999);
#1343=CIRCLE('',#3823,0.999999999999999);
#1344=CIRCLE('',#3825,1.);
#1345=CIRCLE('',#3827,1.);
#1346=CIRCLE('',#3831,1.);
#1347=CIRCLE('',#3833,1.);
#1348=CIRCLE('',#3834,2.);
#1349=CIRCLE('',#3835,1.);
#1350=CIRCLE('',#3837,1.);
#1351=CIRCLE('',#3841,1.);
#1352=CIRCLE('',#3843,7.);
#1353=CIRCLE('',#3844,12.);
#1354=CIRCLE('',#3845,4.);
#1355=CIRCLE('',#3846,3.4);
#1356=CIRCLE('',#3848,0.999999999999999);
#1357=CIRCLE('',#3853,1.00000000000001);
#1358=CIRCLE('',#3861,0.999999999999996);
#1359=CIRCLE('',#3869,4.);
#1360=CIRCLE('',#3872,5.);
#1361=CIRCLE('',#3874,11.);
#1362=CIRCLE('',#3876,6.);
#1363=CIRCLE('',#3878,9.71999731608522);
#1364=CIRCLE('',#3880,1.6999999999994);
#1365=CIRCLE('',#3883,1.70000000000219);
#1366=CIRCLE('',#3886,4.);
#1367=CIRCLE('',#3888,3.);
#1368=CIRCLE('',#3889,2.1);
#1369=CIRCLE('',#3893,1.69999999999896);
#1370=CIRCLE('',#3896,1.69999999999896);
#1371=CIRCLE('',#3899,11.);
#1372=CIRCLE('',#3901,5.);
#1373=CIRCLE('',#3903,6.);
#1374=CIRCLE('',#3904,1.00000000000001);
#1375=CIRCLE('',#3906,1.);
#1376=CIRCLE('',#3908,1.);
#1377=CIRCLE('',#3910,1.);
#1378=CIRCLE('',#3912,1.);
#1379=CIRCLE('',#3914,0.999999999999997);
#1380=CIRCLE('',#3915,0.999999999999998);
#1381=CIRCLE('',#3917,3.);
#1382=CIRCLE('',#3918,3.);
#1383=CIRCLE('',#3919,1.);
#1384=CIRCLE('',#3921,3.39191835884531);
#1385=CIRCLE('',#3927,4.);
#1386=CIRCLE('',#3931,11.);
#1387=CIRCLE('',#3933,6.);
#1388=CIRCLE('',#3935,9.71999731602806);
#1389=CIRCLE('',#3937,1.6999999999994);
#1390=CIRCLE('',#3940,1.70000000000219);
#1391=CIRCLE('',#3943,4.);
#1392=CIRCLE('',#3945,3.);
#1393=CIRCLE('',#3946,2.1);
#1394=CIRCLE('',#3950,1.69999999999896);
#1395=CIRCLE('',#3953,1.69999999999896);
#1396=CIRCLE('',#3957,11.);
#1397=CIRCLE('',#3959,6.);
#1398=CIRCLE('',#3960,1.00000000000001);
#1399=CIRCLE('',#3963,1.);
#1400=CIRCLE('',#3966,0.999999999999996);
#1401=CIRCLE('',#3967,0.999999999999998);
#1402=CIRCLE('',#3969,3.);
#1403=CIRCLE('',#3970,3.);
#1404=CIRCLE('',#3971,1.);
#1405=CIRCLE('',#3973,3.39191835884531);
#1406=VERTEX_POINT('',#5007);
#1407=VERTEX_POINT('',#5009);
#1408=VERTEX_POINT('',#5014);
#1409=VERTEX_POINT('',#5016);
#1410=VERTEX_POINT('',#5021);
#1411=VERTEX_POINT('',#5022);
#1412=VERTEX_POINT('',#5024);
#1413=VERTEX_POINT('',#5026);
#1414=VERTEX_POINT('',#5054);
#1415=VERTEX_POINT('',#5055);
#1416=VERTEX_POINT('',#5060);
#1417=VERTEX_POINT('',#5061);
#1418=VERTEX_POINT('',#5090);
#1419=VERTEX_POINT('',#5091);
#1420=VERTEX_POINT('',#5096);
#1421=VERTEX_POINT('',#5098);
#1422=VERTEX_POINT('',#5102);
#1423=VERTEX_POINT('',#5104);
#1424=VERTEX_POINT('',#5108);
#1425=VERTEX_POINT('',#5110);
#1426=VERTEX_POINT('',#5112);
#1427=VERTEX_POINT('',#5114);
#1428=VERTEX_POINT('',#5116);
#1429=VERTEX_POINT('',#5118);
#1430=VERTEX_POINT('',#5122);
#1431=VERTEX_POINT('',#5124);
#1432=VERTEX_POINT('',#5128);
#1433=VERTEX_POINT('',#5132);
#1434=VERTEX_POINT('',#5136);
#1435=VERTEX_POINT('',#5140);
#1436=VERTEX_POINT('',#5142);
#1437=VERTEX_POINT('',#5144);
#1438=VERTEX_POINT('',#5146);
#1439=VERTEX_POINT('',#5148);
#1440=VERTEX_POINT('',#5150);
#1441=VERTEX_POINT('',#5163);
#1442=VERTEX_POINT('',#5164);
#1443=VERTEX_POINT('',#5166);
#1444=VERTEX_POINT('',#5168);
#1445=VERTEX_POINT('',#5196);
#1446=VERTEX_POINT('',#5197);
#1447=VERTEX_POINT('',#5202);
#1448=VERTEX_POINT('',#5203);
#1449=VERTEX_POINT('',#5223);
#1450=VERTEX_POINT('',#5224);
#1451=VERTEX_POINT('',#5229);
#1452=VERTEX_POINT('',#5234);
#1453=VERTEX_POINT('',#5267);
#1454=VERTEX_POINT('',#5268);
#1455=VERTEX_POINT('',#5302);
#1456=VERTEX_POINT('',#5303);
#1457=VERTEX_POINT('',#5312);
#1458=VERTEX_POINT('',#5314);
#1459=VERTEX_POINT('',#5316);
#1460=VERTEX_POINT('',#5320);
#1461=VERTEX_POINT('',#5324);
#1462=VERTEX_POINT('',#5326);
#1463=VERTEX_POINT('',#5330);
#1464=VERTEX_POINT('',#5331);
#1465=VERTEX_POINT('',#5333);
#1466=VERTEX_POINT('',#5335);
#1467=VERTEX_POINT('',#5339);
#1468=VERTEX_POINT('',#5341);
#1469=VERTEX_POINT('',#5343);
#1470=VERTEX_POINT('',#5345);
#1471=VERTEX_POINT('',#5349);
#1472=VERTEX_POINT('',#5350);
#1473=VERTEX_POINT('',#5352);
#1474=VERTEX_POINT('',#5354);
#1475=VERTEX_POINT('',#5360);
#1476=VERTEX_POINT('',#5362);
#1477=VERTEX_POINT('',#5364);
#1478=VERTEX_POINT('',#5366);
#1479=VERTEX_POINT('',#5368);
#1480=VERTEX_POINT('',#5370);
#1481=VERTEX_POINT('',#5372);
#1482=VERTEX_POINT('',#5374);
#1483=VERTEX_POINT('',#5376);
#1484=VERTEX_POINT('',#5378);
#1485=VERTEX_POINT('',#5380);
#1486=VERTEX_POINT('',#5382);
#1487=VERTEX_POINT('',#5384);
#1488=VERTEX_POINT('',#5386);
#1489=VERTEX_POINT('',#5388);
#1490=VERTEX_POINT('',#5390);
#1491=VERTEX_POINT('',#5392);
#1492=VERTEX_POINT('',#5394);
#1493=VERTEX_POINT('',#5396);
#1494=VERTEX_POINT('',#5398);
#1495=VERTEX_POINT('',#5402);
#1496=VERTEX_POINT('',#5406);
#1497=VERTEX_POINT('',#5407);
#1498=VERTEX_POINT('',#5419);
#1499=VERTEX_POINT('',#5420);
#1500=VERTEX_POINT('',#5425);
#1501=VERTEX_POINT('',#5429);
#1502=VERTEX_POINT('',#5431);
#1503=VERTEX_POINT('',#5433);
#1504=VERTEX_POINT('',#5435);
#1505=VERTEX_POINT('',#5437);
#1506=VERTEX_POINT('',#5439);
#1507=VERTEX_POINT('',#5441);
#1508=VERTEX_POINT('',#5443);
#1509=VERTEX_POINT('',#5445);
#1510=VERTEX_POINT('',#5447);
#1511=VERTEX_POINT('',#5449);
#1512=VERTEX_POINT('',#5452);
#1513=VERTEX_POINT('',#5457);
#1514=VERTEX_POINT('',#5459);
#1515=VERTEX_POINT('',#5461);
#1516=VERTEX_POINT('',#5463);
#1517=VERTEX_POINT('',#5467);
#1518=VERTEX_POINT('',#5469);
#1519=VERTEX_POINT('',#5471);
#1520=VERTEX_POINT('',#5473);
#1521=VERTEX_POINT('',#5475);
#1522=VERTEX_POINT('',#5477);
#1523=VERTEX_POINT('',#5479);
#1524=VERTEX_POINT('',#5482);
#1525=VERTEX_POINT('',#5484);
#1526=VERTEX_POINT('',#5500);
#1527=VERTEX_POINT('',#5502);
#1528=VERTEX_POINT('',#5515);
#1529=VERTEX_POINT('',#5516);
#1530=VERTEX_POINT('',#5521);
#1531=VERTEX_POINT('',#5525);
#1532=VERTEX_POINT('',#5527);
#1533=VERTEX_POINT('',#5529);
#1534=VERTEX_POINT('',#5531);
#1535=VERTEX_POINT('',#5533);
#1536=VERTEX_POINT('',#5535);
#1537=VERTEX_POINT('',#5537);
#1538=VERTEX_POINT('',#5539);
#1539=VERTEX_POINT('',#5545);
#1540=VERTEX_POINT('',#5552);
#1541=VERTEX_POINT('',#5561);
#1542=VERTEX_POINT('',#5566);
#1543=VERTEX_POINT('',#5577);
#1544=VERTEX_POINT('',#5579);
#1545=VERTEX_POINT('',#5613);
#1546=VERTEX_POINT('',#5635);
#1547=VERTEX_POINT('',#5639);
#1548=VERTEX_POINT('',#5643);
#1549=VERTEX_POINT('',#5647);
#1550=VERTEX_POINT('',#5651);
#1551=VERTEX_POINT('',#5655);
#1552=VERTEX_POINT('',#5659);
#1553=VERTEX_POINT('',#5663);
#1554=VERTEX_POINT('',#5664);
#1555=VERTEX_POINT('',#5666);
#1556=VERTEX_POINT('',#5671);
#1557=VERTEX_POINT('',#5673);
#1558=VERTEX_POINT('',#5677);
#1559=VERTEX_POINT('',#5679);
#1560=VERTEX_POINT('',#5683);
#1561=VERTEX_POINT('',#5685);
#1562=VERTEX_POINT('',#5689);
#1563=VERTEX_POINT('',#5694);
#1564=VERTEX_POINT('',#5698);
#1565=VERTEX_POINT('',#5702);
#1566=VERTEX_POINT('',#5706);
#1567=VERTEX_POINT('',#5713);
#1568=VERTEX_POINT('',#5715);
#1569=VERTEX_POINT('',#5719);
#1570=VERTEX_POINT('',#5732);
#1571=VERTEX_POINT('',#5734);
#1572=VERTEX_POINT('',#5736);
#1573=VERTEX_POINT('',#5742);
#1574=VERTEX_POINT('',#5746);
#1575=VERTEX_POINT('',#5748);
#1576=VERTEX_POINT('',#5750);
#1577=VERTEX_POINT('',#5752);
#1578=VERTEX_POINT('',#5756);
#1579=VERTEX_POINT('',#5757);
#1580=VERTEX_POINT('',#5759);
#1581=VERTEX_POINT('',#5761);
#1582=VERTEX_POINT('',#5765);
#1583=VERTEX_POINT('',#5766);
#1584=VERTEX_POINT('',#5768);
#1585=VERTEX_POINT('',#5770);
#1586=VERTEX_POINT('',#5774);
#1587=VERTEX_POINT('',#5776);
#1588=VERTEX_POINT('',#5780);
#1589=VERTEX_POINT('',#5782);
#1590=VERTEX_POINT('',#5784);
#1591=VERTEX_POINT('',#5786);
#1592=VERTEX_POINT('',#5788);
#1593=VERTEX_POINT('',#5790);
#1594=VERTEX_POINT('',#5792);
#1595=VERTEX_POINT('',#5794);
#1596=VERTEX_POINT('',#5799);
#1597=VERTEX_POINT('',#5805);
#1598=VERTEX_POINT('',#5811);
#1599=VERTEX_POINT('',#5813);
#1600=VERTEX_POINT('',#5815);
#1601=VERTEX_POINT('',#5821);
#1602=VERTEX_POINT('',#5827);
#1603=VERTEX_POINT('',#5832);
#1604=VERTEX_POINT('',#5834);
#1605=VERTEX_POINT('',#5836);
#1606=VERTEX_POINT('',#5838);
#1607=VERTEX_POINT('',#5841);
#1608=VERTEX_POINT('',#5843);
#1609=VERTEX_POINT('',#5844);
#1610=VERTEX_POINT('',#5846);
#1611=VERTEX_POINT('',#5848);
#1612=VERTEX_POINT('',#5850);
#1613=VERTEX_POINT('',#5852);
#1614=VERTEX_POINT('',#5854);
#1615=VERTEX_POINT('',#5856);
#1616=VERTEX_POINT('',#5859);
#1617=VERTEX_POINT('',#5860);
#1618=VERTEX_POINT('',#5862);
#1619=VERTEX_POINT('',#5864);
#1620=VERTEX_POINT('',#5866);
#1621=VERTEX_POINT('',#5868);
#1622=VERTEX_POINT('',#5870);
#1623=VERTEX_POINT('',#5872);
#1624=VERTEX_POINT('',#5876);
#1625=VERTEX_POINT('',#5880);
#1626=VERTEX_POINT('',#5884);
#1627=VERTEX_POINT('',#5917);
#1628=VERTEX_POINT('',#5922);
#1629=VERTEX_POINT('',#5926);
#1630=VERTEX_POINT('',#5927);
#1631=VERTEX_POINT('',#5932);
#1632=VERTEX_POINT('',#5933);
#1633=VERTEX_POINT('',#5967);
#1634=VERTEX_POINT('',#5968);
#1635=VERTEX_POINT('',#5982);
#1636=VERTEX_POINT('',#5984);
#1637=VERTEX_POINT('',#6018);
#1638=VERTEX_POINT('',#6019);
#1639=VERTEX_POINT('',#6024);
#1640=VERTEX_POINT('',#6025);
#1641=VERTEX_POINT('',#6030);
#1642=VERTEX_POINT('',#6031);
#1643=VERTEX_POINT('',#6036);
#1644=VERTEX_POINT('',#6037);
#1645=VERTEX_POINT('',#6074);
#1646=VERTEX_POINT('',#6078);
#1647=VERTEX_POINT('',#6080);
#1648=VERTEX_POINT('',#6082);
#1649=VERTEX_POINT('',#6084);
#1650=VERTEX_POINT('',#6086);
#1651=VERTEX_POINT('',#6088);
#1652=VERTEX_POINT('',#6099);
#1653=VERTEX_POINT('',#6105);
#1654=VERTEX_POINT('',#6109);
#1655=VERTEX_POINT('',#6114);
#1656=VERTEX_POINT('',#6116);
#1657=VERTEX_POINT('',#6133);
#1658=VERTEX_POINT('',#6143);
#1659=VERTEX_POINT('',#6145);
#1660=VERTEX_POINT('',#6168);
#1661=VERTEX_POINT('',#6170);
#1662=VERTEX_POINT('',#6219);
#1663=VERTEX_POINT('',#6238);
#1664=VERTEX_POINT('',#6242);
#1665=VERTEX_POINT('',#6246);
#1666=VERTEX_POINT('',#6250);
#1667=VERTEX_POINT('',#6301);
#1668=VERTEX_POINT('',#6303);
#1669=VERTEX_POINT('',#6326);
#1670=VERTEX_POINT('',#6353);
#1671=VERTEX_POINT('',#6380);
#1672=VERTEX_POINT('',#6405);
#1673=VERTEX_POINT('',#6407);
#1674=VERTEX_POINT('',#6411);
#1675=VERTEX_POINT('',#6415);
#1676=VERTEX_POINT('',#6419);
#1677=VERTEX_POINT('',#6423);
#1678=VERTEX_POINT('',#6425);
#1679=VERTEX_POINT('',#6429);
#1680=VERTEX_POINT('',#6431);
#1681=VERTEX_POINT('',#6436);
#1682=VERTEX_POINT('',#6440);
#1683=VERTEX_POINT('',#6444);
#1684=VERTEX_POINT('',#6470);
#1685=VERTEX_POINT('',#6474);
#1686=VERTEX_POINT('',#6476);
#1687=VERTEX_POINT('',#6508);
#1688=VERTEX_POINT('',#6516);
#1689=VERTEX_POINT('',#6524);
#1690=VERTEX_POINT('',#6531);
#1691=VERTEX_POINT('',#6566);
#1692=VERTEX_POINT('',#6567);
#1693=VERTEX_POINT('',#6569);
#1694=VERTEX_POINT('',#6580);
#1695=VERTEX_POINT('',#6582);
#1696=VERTEX_POINT('',#6616);
#1697=VERTEX_POINT('',#6713);
#1698=VERTEX_POINT('',#6736);
#1699=VERTEX_POINT('',#6738);
#1700=VERTEX_POINT('',#6787);
#1701=VERTEX_POINT('',#6806);
#1702=VERTEX_POINT('',#6815);
#1703=VERTEX_POINT('',#6866);
#1704=VERTEX_POINT('',#6889);
#1705=VERTEX_POINT('',#6916);
#1706=VERTEX_POINT('',#6940);
#1707=VERTEX_POINT('',#6968);
#1708=VERTEX_POINT('',#6970);
#1709=VERTEX_POINT('',#6974);
#1710=VERTEX_POINT('',#6978);
#1711=VERTEX_POINT('',#6982);
#1712=VERTEX_POINT('',#6986);
#1713=VERTEX_POINT('',#6988);
#1714=VERTEX_POINT('',#6992);
#1715=VERTEX_POINT('',#6994);
#1716=VERTEX_POINT('',#6999);
#1717=VERTEX_POINT('',#7003);
#1718=VERTEX_POINT('',#7007);
#1719=VERTEX_POINT('',#7033);
#1720=VERTEX_POINT('',#7043);
#1721=VERTEX_POINT('',#7079);
#1722=VERTEX_POINT('',#7114);
#1723=VERTEX_POINT('',#7116);
#1724=VERTEX_POINT('',#7123);
#1725=VERTEX_POINT('',#7130);
#1726=VERTEX_POINT('',#7132);
#1727=VERTEX_POINT('',#7164);
#1728=EDGE_CURVE('',#1406,#1406,#1236,.T.);
#1729=EDGE_CURVE('',#1406,#1407,#678,.T.);
#1730=EDGE_CURVE('',#1407,#1407,#1237,.T.);
#1731=EDGE_CURVE('',#1408,#1408,#1238,.T.);
#1732=EDGE_CURVE('',#1408,#1409,#679,.T.);
#1733=EDGE_CURVE('',#1409,#1409,#1239,.T.);
#1734=EDGE_CURVE('',#1410,#1411,#1240,.T.);
#1735=EDGE_CURVE('',#1411,#1412,#680,.T.);
#1736=EDGE_CURVE('',#1412,#1413,#1241,.T.);
#1737=EDGE_CURVE('',#1413,#1410,#681,.T.);
#1738=EDGE_CURVE('',#1414,#1415,#1242,.T.);
#1739=EDGE_CURVE('',#1415,#1411,#1243,.T.);
#1740=EDGE_CURVE('',#1410,#1414,#1244,.T.);
#1741=EDGE_CURVE('',#1416,#1417,#1245,.T.);
#1742=EDGE_CURVE('',#1417,#1415,#682,.T.);
#1743=EDGE_CURVE('',#1414,#1416,#683,.T.);
#1744=EDGE_CURVE('',#1418,#1419,#1246,.T.);
#1745=EDGE_CURVE('',#1419,#1417,#1247,.T.);
#1746=EDGE_CURVE('',#1416,#1418,#1248,.T.);
#1747=EDGE_CURVE('',#1420,#1419,#684,.T.);
#1748=EDGE_CURVE('',#1418,#1421,#685,.T.);
#1749=EDGE_CURVE('',#1421,#1420,#120,.T.);
#1750=EDGE_CURVE('',#1421,#1422,#686,.T.);
#1751=EDGE_CURVE('',#1422,#1423,#121,.T.);
#1752=EDGE_CURVE('',#1423,#1420,#687,.T.);
#1753=EDGE_CURVE('',#1424,#1412,#688,.T.);
#1754=EDGE_CURVE('',#1425,#1411,#689,.T.);
#1755=EDGE_CURVE('',#1426,#1425,#690,.T.);
#1756=EDGE_CURVE('',#1426,#1427,#691,.T.);
#1757=EDGE_CURVE('',#1427,#1428,#692,.T.);
#1758=EDGE_CURVE('',#1429,#1428,#693,.T.);
#1759=EDGE_CURVE('',#1429,#1424,#694,.T.);
#1760=EDGE_CURVE('',#1415,#1430,#695,.T.);
#1761=EDGE_CURVE('',#1430,#1431,#122,.T.);
#1762=EDGE_CURVE('',#1431,#1425,#123,.T.);
#1763=EDGE_CURVE('',#1417,#1432,#696,.T.);
#1764=EDGE_CURVE('',#1430,#1432,#697,.T.);
#1765=EDGE_CURVE('',#1419,#1433,#698,.T.);
#1766=EDGE_CURVE('',#1432,#1433,#1249,.T.);
#1767=EDGE_CURVE('',#1420,#1434,#699,.T.);
#1768=EDGE_CURVE('',#1433,#1434,#700,.T.);
#1769=EDGE_CURVE('',#1423,#1435,#701,.T.);
#1770=EDGE_CURVE('',#1436,#1435,#702,.T.);
#1771=EDGE_CURVE('',#1437,#1436,#703,.T.);
#1772=EDGE_CURVE('',#1437,#1438,#704,.T.);
#1773=EDGE_CURVE('',#1439,#1438,#705,.T.);
#1774=EDGE_CURVE('',#1440,#1439,#68,.T.);
#1775=EDGE_CURVE('',#1434,#1440,#706,.T.);
#1776=EDGE_CURVE('',#1441,#1442,#707,.T.);
#1777=EDGE_CURVE('',#1442,#1443,#1250,.T.);
#1778=EDGE_CURVE('',#1443,#1444,#708,.T.);
#1779=EDGE_CURVE('',#1444,#1441,#124,.T.);
#1780=EDGE_CURVE('',#1445,#1446,#1251,.T.);
#1781=EDGE_CURVE('',#1446,#1443,#1252,.T.);
#1782=EDGE_CURVE('',#1442,#1445,#1253,.T.);
#1783=EDGE_CURVE('',#1447,#1448,#1254,.T.);
#1784=EDGE_CURVE('',#1448,#1446,#709,.T.);
#1785=EDGE_CURVE('',#1445,#1447,#710,.T.);
#1786=EDGE_CURVE('',#1449,#1450,#69,.T.);
#1787=EDGE_CURVE('',#1449,#1451,#70,.T.);
#1788=EDGE_CURVE('',#1451,#1452,#1255,.T.);
#1789=EDGE_CURVE('',#1452,#1450,#711,.T.);
#1790=EDGE_CURVE('',#1453,#1454,#1256,.T.);
#1791=EDGE_CURVE('',#1454,#1452,#71,.T.);
#1792=EDGE_CURVE('',#1451,#1453,#72,.T.);
#1793=EDGE_CURVE('',#1455,#1456,#1257,.T.);
#1794=EDGE_CURVE('',#1456,#1454,#125,.T.);
#1795=EDGE_CURVE('',#1453,#1455,#126,.T.);
#1796=EDGE_CURVE('',#1444,#1456,#712,.T.);
#1797=EDGE_CURVE('',#1455,#1441,#713,.T.);
#1798=EDGE_CURVE('',#1413,#1447,#714,.T.);
#1799=EDGE_CURVE('',#1457,#1441,#715,.T.);
#1800=EDGE_CURVE('',#1457,#1458,#716,.T.);
#1801=EDGE_CURVE('',#1458,#1459,#717,.T.);
#1802=EDGE_CURVE('',#1459,#1422,#718,.T.);
#1803=EDGE_CURVE('',#1460,#1453,#719,.T.);
#1804=EDGE_CURVE('',#1460,#1457,#720,.T.);
#1805=EDGE_CURVE('',#1449,#1461,#1258,.T.);
#1806=EDGE_CURVE('',#1462,#1461,#721,.T.);
#1807=EDGE_CURVE('',#1462,#1460,#1259,.T.);
#1808=EDGE_CURVE('',#1463,#1464,#1260,.T.);
#1809=EDGE_CURVE('',#1464,#1465,#722,.T.);
#1810=EDGE_CURVE('',#1465,#1466,#1261,.T.);
#1811=EDGE_CURVE('',#1466,#1463,#723,.T.);
#1812=EDGE_CURVE('',#1467,#1464,#724,.T.);
#1813=EDGE_CURVE('',#1468,#1467,#725,.T.);
#1814=EDGE_CURVE('',#1469,#1468,#127,.T.);
#1815=EDGE_CURVE('',#1469,#1470,#726,.T.);
#1816=EDGE_CURVE('',#1465,#1470,#727,.T.);
#1817=EDGE_CURVE('',#1471,#1472,#1262,.T.);
#1818=EDGE_CURVE('',#1472,#1473,#728,.T.);
#1819=EDGE_CURVE('',#1474,#1473,#1263,.T.);
#1820=EDGE_CURVE('',#1474,#1471,#729,.T.);
#1821=EDGE_CURVE('',#1467,#1450,#730,.T.);
#1822=EDGE_CURVE('',#1463,#1472,#731,.T.);
#1823=EDGE_CURVE('',#1471,#1475,#1264,.T.);
#1824=EDGE_CURVE('',#1476,#1475,#1265,.T.);
#1825=EDGE_CURVE('',#1476,#1477,#732,.T.);
#1826=EDGE_CURVE('',#1477,#1478,#1266,.T.);
#1827=EDGE_CURVE('',#1478,#1479,#733,.T.);
#1828=EDGE_CURVE('',#1480,#1479,#1267,.T.);
#1829=EDGE_CURVE('',#1480,#1481,#734,.T.);
#1830=EDGE_CURVE('',#1482,#1481,#1268,.T.);
#1831=EDGE_CURVE('',#1482,#1483,#735,.T.);
#1832=EDGE_CURVE('',#1484,#1483,#1269,.T.);
#1833=EDGE_CURVE('',#1484,#1485,#736,.T.);
#1834=EDGE_CURVE('',#1486,#1485,#1270,.T.);
#1835=EDGE_CURVE('',#1486,#1487,#737,.T.);
#1836=EDGE_CURVE('',#1487,#1488,#1271,.T.);
#1837=EDGE_CURVE('',#1489,#1488,#1272,.T.);
#1838=EDGE_CURVE('',#1490,#1489,#738,.T.);
#1839=EDGE_CURVE('',#1491,#1490,#1273,.T.);
#1840=EDGE_CURVE('',#1492,#1491,#739,.T.);
#1841=EDGE_CURVE('',#1493,#1492,#740,.T.);
#1842=EDGE_CURVE('',#1494,#1493,#1274,.T.);
#1843=EDGE_CURVE('',#1461,#1494,#741,.T.);
#1844=EDGE_CURVE('',#1495,#1474,#1275,.T.);
#1845=EDGE_CURVE('',#1475,#1495,#742,.T.);
#1846=EDGE_CURVE('',#1496,#1497,#73,.T.);
#1847=EDGE_CURVE('',#1496,#1476,#743,.T.);
#1848=EDGE_CURVE('',#1497,#1495,#1276,.T.);
#1849=EDGE_CURVE('',#1498,#1499,#1277,.T.);
#1850=EDGE_CURVE('',#1499,#1486,#744,.T.);
#1851=EDGE_CURVE('',#1485,#1498,#745,.T.);
#1852=EDGE_CURVE('',#1500,#1499,#746,.T.);
#1853=EDGE_CURVE('',#1487,#1500,#747,.T.);
#1854=EDGE_CURVE('',#1498,#1501,#748,.T.);
#1855=EDGE_CURVE('',#1502,#1501,#1278,.T.);
#1856=EDGE_CURVE('',#1502,#1503,#749,.T.);
#1857=EDGE_CURVE('',#1504,#1503,#1279,.T.);
#1858=EDGE_CURVE('',#1504,#1505,#750,.T.);
#1859=EDGE_CURVE('',#1506,#1505,#1280,.T.);
#1860=EDGE_CURVE('',#1506,#1507,#751,.T.);
#1861=EDGE_CURVE('',#1507,#1508,#1281,.T.);
#1862=EDGE_CURVE('',#1508,#1509,#752,.T.);
#1863=EDGE_CURVE('',#1510,#1509,#1282,.T.);
#1864=EDGE_CURVE('',#1510,#1511,#753,.T.);
#1865=EDGE_CURVE('',#1511,#1466,#754,.T.);
#1866=EDGE_CURVE('',#1470,#1512,#74,.T.);
#1867=EDGE_CURVE('',#1513,#1512,#1283,.T.);
#1868=EDGE_CURVE('',#1514,#1513,#128,.T.);
#1869=EDGE_CURVE('',#1515,#1514,#755,.T.);
#1870=EDGE_CURVE('',#1516,#1515,#756,.T.);
#1871=EDGE_CURVE('',#1448,#1516,#757,.T.);
#1872=EDGE_CURVE('',#1435,#1424,#758,.T.);
#1873=EDGE_CURVE('',#1517,#1459,#1284,.T.);
#1874=EDGE_CURVE('',#1518,#1517,#759,.T.);
#1875=EDGE_CURVE('',#1519,#1518,#1285,.T.);
#1876=EDGE_CURVE('',#1520,#1519,#760,.T.);
#1877=EDGE_CURVE('',#1521,#1520,#761,.T.);
#1878=EDGE_CURVE('',#1521,#1522,#762,.T.);
#1879=EDGE_CURVE('',#1522,#1523,#763,.T.);
#1880=EDGE_CURVE('',#1523,#1500,#1286,.T.);
#1881=EDGE_CURVE('',#1524,#1524,#1287,.T.);
#1882=EDGE_CURVE('',#1525,#1525,#1288,.T.);
#1883=EDGE_CURVE('',#1483,#1502,#764,.T.);
#1884=EDGE_CURVE('',#1501,#1484,#765,.T.);
#1885=EDGE_CURVE('',#1503,#1482,#766,.T.);
#1886=EDGE_CURVE('',#1479,#1506,#767,.T.);
#1887=EDGE_CURVE('',#1505,#1480,#768,.T.);
#1888=EDGE_CURVE('',#1478,#1507,#769,.T.);
#1889=EDGE_CURVE('',#1481,#1504,#770,.T.);
#1890=EDGE_CURVE('',#1526,#1510,#1289,.T.);
#1891=EDGE_CURVE('',#1509,#1527,#75,.T.);
#1892=EDGE_CURVE('',#1527,#1526,#1290,.T.);
#1893=EDGE_CURVE('',#1528,#1529,#1291,.T.);
#1894=EDGE_CURVE('',#1511,#1529,#771,.T.);
#1895=EDGE_CURVE('',#1526,#1528,#772,.T.);
#1896=EDGE_CURVE('',#1530,#1495,#1292,.T.);
#1897=EDGE_CURVE('',#1497,#1530,#1293,.T.);
#1898=EDGE_CURVE('',#1473,#1531,#773,.T.);
#1899=EDGE_CURVE('',#1532,#1531,#1294,.T.);
#1900=EDGE_CURVE('',#1533,#1532,#1295,.T.);
#1901=EDGE_CURVE('',#1534,#1533,#1296,.T.);
#1902=EDGE_CURVE('',#1535,#1534,#774,.T.);
#1903=EDGE_CURVE('',#1536,#1535,#775,.T.);
#1904=EDGE_CURVE('',#1537,#1536,#776,.T.);
#1905=EDGE_CURVE('',#1538,#1537,#76,.T.);
#1906=EDGE_CURVE('',#1539,#1538,#77,.T.);
#1907=EDGE_CURVE('',#1474,#1539,#1297,.T.);
#1908=EDGE_CURVE('',#1540,#1496,#78,.T.);
#1909=EDGE_CURVE('',#1541,#1530,#79,.T.);
#1910=EDGE_CURVE('',#1542,#1541,#1298,.T.);
#1911=EDGE_CURVE('',#1542,#1540,#1299,.T.);
#1912=EDGE_CURVE('',#1531,#1529,#80,.T.);
#1913=EDGE_CURVE('',#1529,#1532,#1300,.T.);
#1914=EDGE_CURVE('',#1527,#1540,#777,.T.);
#1915=EDGE_CURVE('',#1542,#1543,#778,.T.);
#1916=EDGE_CURVE('',#1544,#1543,#1301,.T.);
#1917=EDGE_CURVE('',#1544,#1528,#779,.T.);
#1918=EDGE_CURVE('',#1477,#1508,#780,.T.);
#1919=EDGE_CURVE('',#1545,#1469,#81,.T.);
#1920=EDGE_CURVE('',#1545,#1512,#82,.T.);
#1921=EDGE_CURVE('',#1513,#1545,#83,.T.);
#1922=EDGE_CURVE('',#1546,#1494,#781,.T.);
#1923=EDGE_CURVE('',#1546,#1462,#782,.T.);
#1924=EDGE_CURVE('',#1547,#1493,#783,.T.);
#1925=EDGE_CURVE('',#1547,#1546,#1302,.T.);
#1926=EDGE_CURVE('',#1548,#1492,#784,.T.);
#1927=EDGE_CURVE('',#1548,#1547,#785,.T.);
#1928=EDGE_CURVE('',#1549,#1491,#786,.T.);
#1929=EDGE_CURVE('',#1549,#1548,#787,.T.);
#1930=EDGE_CURVE('',#1550,#1490,#788,.T.);
#1931=EDGE_CURVE('',#1550,#1549,#1303,.T.);
#1932=EDGE_CURVE('',#1551,#1489,#789,.T.);
#1933=EDGE_CURVE('',#1551,#1550,#790,.T.);
#1934=EDGE_CURVE('',#1552,#1488,#791,.T.);
#1935=EDGE_CURVE('',#1552,#1551,#1304,.T.);
#1936=EDGE_CURVE('',#1553,#1554,#1305,.T.);
#1937=EDGE_CURVE('',#1555,#1553,#792,.T.);
#1938=EDGE_CURVE('',#1555,#1552,#1306,.T.);
#1939=EDGE_CURVE('',#1488,#1554,#793,.T.);
#1940=EDGE_CURVE('',#1556,#1553,#794,.T.);
#1941=EDGE_CURVE('',#1557,#1556,#795,.T.);
#1942=EDGE_CURVE('',#1557,#1555,#796,.T.);
#1943=EDGE_CURVE('',#1558,#1556,#797,.T.);
#1944=EDGE_CURVE('',#1559,#1558,#798,.T.);
#1945=EDGE_CURVE('',#1559,#1557,#799,.T.);
#1946=EDGE_CURVE('',#1560,#1560,#1307,.T.);
#1947=EDGE_CURVE('',#1560,#1561,#800,.T.);
#1948=EDGE_CURVE('',#1561,#1561,#1308,.T.);
#1949=EDGE_CURVE('',#1562,#1520,#801,.T.);
#1950=EDGE_CURVE('',#1562,#1559,#802,.T.);
#1951=EDGE_CURVE('',#1558,#1521,#803,.T.);
#1952=EDGE_CURVE('',#1525,#1563,#804,.T.);
#1953=EDGE_CURVE('',#1563,#1563,#1309,.T.);
#1954=EDGE_CURVE('',#1564,#1519,#805,.T.);
#1955=EDGE_CURVE('',#1564,#1562,#806,.T.);
#1956=EDGE_CURVE('',#1565,#1518,#807,.T.);
#1957=EDGE_CURVE('',#1565,#1564,#1310,.T.);
#1958=EDGE_CURVE('',#1566,#1517,#808,.T.);
#1959=EDGE_CURVE('',#1566,#1565,#809,.T.);
#1960=EDGE_CURVE('',#1458,#1566,#1311,.T.);
#1961=EDGE_CURVE('',#1567,#1567,#1312,.T.);
#1962=EDGE_CURVE('',#1567,#1568,#810,.T.);
#1963=EDGE_CURVE('',#1568,#1568,#1313,.T.);
#1964=EDGE_CURVE('',#1569,#1569,#1314,.T.);
#1965=EDGE_CURVE('',#1524,#1569,#811,.T.);
#1966=EDGE_CURVE('',#1553,#1523,#812,.T.);
#1967=EDGE_CURVE('',#1556,#1522,#813,.T.);
#1968=EDGE_CURVE('',#1456,#1570,#814,.T.);
#1969=EDGE_CURVE('',#1571,#1570,#129,.T.);
#1970=EDGE_CURVE('',#1571,#1572,#130,.T.);
#1971=EDGE_CURVE('',#1572,#1452,#815,.T.);
#1972=EDGE_CURVE('',#1570,#1443,#816,.T.);
#1973=EDGE_CURVE('',#1446,#1573,#817,.T.);
#1974=EDGE_CURVE('',#1573,#1571,#131,.T.);
#1975=EDGE_CURVE('',#1516,#1574,#818,.T.);
#1976=EDGE_CURVE('',#1574,#1575,#819,.T.);
#1977=EDGE_CURVE('',#1576,#1575,#820,.T.);
#1978=EDGE_CURVE('',#1577,#1576,#821,.T.);
#1979=EDGE_CURVE('',#1573,#1577,#822,.T.);
#1980=EDGE_CURVE('',#1578,#1579,#132,.T.);
#1981=EDGE_CURVE('',#1578,#1580,#823,.T.);
#1982=EDGE_CURVE('',#1581,#1580,#133,.F.);
#1983=EDGE_CURVE('',#1581,#1579,#824,.T.);
#1984=EDGE_CURVE('',#1582,#1583,#134,.T.);
#1985=EDGE_CURVE('',#1584,#1582,#825,.T.);
#1986=EDGE_CURVE('',#1584,#1585,#135,.F.);
#1987=EDGE_CURVE('',#1583,#1585,#826,.T.);
#1988=EDGE_CURVE('',#1586,#1586,#1315,.T.);
#1989=EDGE_CURVE('',#1586,#1587,#827,.T.);
#1990=EDGE_CURVE('',#1587,#1587,#1316,.T.);
#1991=EDGE_CURVE('',#1588,#1436,#828,.T.);
#1992=EDGE_CURVE('',#1589,#1588,#829,.T.);
#1993=EDGE_CURVE('',#1590,#1589,#1317,.T.);
#1994=EDGE_CURVE('',#1591,#1590,#1318,.T.);
#1995=EDGE_CURVE('',#1592,#1591,#1319,.T.);
#1996=EDGE_CURVE('',#1593,#1592,#830,.T.);
#1997=EDGE_CURVE('',#1594,#1593,#1320,.T.);
#1998=EDGE_CURVE('',#1595,#1594,#84,.T.);
#1999=EDGE_CURVE('',#1596,#1595,#85,.T.);
#2000=EDGE_CURVE('',#1597,#1596,#86,.T.);
#2001=EDGE_CURVE('',#1598,#1597,#831,.T.);
#2002=EDGE_CURVE('',#1598,#1599,#832,.T.);
#2003=EDGE_CURVE('',#1599,#1600,#87,.T.);
#2004=EDGE_CURVE('',#1600,#1601,#88,.T.);
#2005=EDGE_CURVE('',#1601,#1602,#89,.T.);
#2006=EDGE_CURVE('',#1602,#1603,#1321,.T.);
#2007=EDGE_CURVE('',#1603,#1604,#833,.T.);
#2008=EDGE_CURVE('',#1604,#1605,#1322,.T.);
#2009=EDGE_CURVE('',#1605,#1606,#1323,.T.);
#2010=EDGE_CURVE('',#1606,#1437,#1324,.T.);
#2011=EDGE_CURVE('',#1607,#1607,#1325,.T.);
#2012=EDGE_CURVE('',#1608,#1609,#834,.T.);
#2013=EDGE_CURVE('',#1609,#1610,#1326,.T.);
#2014=EDGE_CURVE('',#1610,#1611,#835,.T.);
#2015=EDGE_CURVE('',#1611,#1612,#1327,.T.);
#2016=EDGE_CURVE('',#1612,#1613,#836,.T.);
#2017=EDGE_CURVE('',#1613,#1614,#1328,.T.);
#2018=EDGE_CURVE('',#1614,#1615,#837,.T.);
#2019=EDGE_CURVE('',#1615,#1608,#1329,.T.);
#2020=EDGE_CURVE('',#1616,#1617,#838,.T.);
#2021=EDGE_CURVE('',#1618,#1616,#1330,.T.);
#2022=EDGE_CURVE('',#1619,#1618,#839,.T.);
#2023=EDGE_CURVE('',#1620,#1619,#1331,.T.);
#2024=EDGE_CURVE('',#1621,#1620,#840,.T.);
#2025=EDGE_CURVE('',#1622,#1621,#1332,.T.);
#2026=EDGE_CURVE('',#1623,#1622,#841,.T.);
#2027=EDGE_CURVE('',#1617,#1623,#1333,.T.);
#2028=EDGE_CURVE('',#1586,#1624,#842,.T.);
#2029=EDGE_CURVE('',#1624,#1624,#1334,.T.);
#2030=EDGE_CURVE('',#1625,#1625,#1335,.T.);
#2031=EDGE_CURVE('',#1625,#1607,#843,.T.);
#2032=EDGE_CURVE('',#1626,#1626,#1336,.T.);
#2033=EDGE_CURVE('',#1626,#1625,#844,.T.);
#2034=EDGE_CURVE('',#1536,#1627,#1337,.T.);
#2035=EDGE_CURVE('',#1627,#1577,#136,.T.);
#2036=EDGE_CURVE('',#1577,#1536,#137,.T.);
#2037=EDGE_CURVE('',#1535,#1628,#1338,.T.);
#2038=EDGE_CURVE('',#1628,#1627,#845,.T.);
#2039=EDGE_CURVE('',#1629,#1630,#1339,.T.);
#2040=EDGE_CURVE('',#1630,#1628,#1340,.T.);
#2041=EDGE_CURVE('',#1535,#1629,#1341,.T.);
#2042=EDGE_CURVE('',#1631,#1632,#1342,.T.);
#2043=EDGE_CURVE('',#1632,#1630,#846,.T.);
#2044=EDGE_CURVE('',#1629,#1631,#847,.T.);
#2045=EDGE_CURVE('',#1633,#1634,#90,.T.);
#2046=EDGE_CURVE('',#1634,#1632,#138,.T.);
#2047=EDGE_CURVE('',#1631,#1633,#139,.T.);
#2048=EDGE_CURVE('',#1635,#1629,#848,.T.);
#2049=EDGE_CURVE('',#1636,#1635,#849,.T.);
#2050=EDGE_CURVE('',#1633,#1636,#850,.T.);
#2051=EDGE_CURVE('',#1635,#1534,#1343,.T.);
#2052=EDGE_CURVE('',#1576,#1537,#1344,.T.);
#2053=EDGE_CURVE('',#1627,#1572,#851,.T.);
#2054=EDGE_CURVE('',#1637,#1638,#1345,.T.);
#2055=EDGE_CURVE('',#1638,#1440,#140,.T.);
#2056=EDGE_CURVE('',#1439,#1637,#141,.T.);
#2057=EDGE_CURVE('',#1639,#1640,#1346,.T.);
#2058=EDGE_CURVE('',#1640,#1638,#852,.T.);
#2059=EDGE_CURVE('',#1637,#1639,#853,.T.);
#2060=EDGE_CURVE('',#1641,#1642,#1347,.T.);
#2061=EDGE_CURVE('',#1642,#1640,#1348,.T.);
#2062=EDGE_CURVE('',#1639,#1641,#1349,.T.);
#2063=EDGE_CURVE('',#1643,#1644,#1350,.T.);
#2064=EDGE_CURVE('',#1644,#1642,#854,.T.);
#2065=EDGE_CURVE('',#1641,#1643,#855,.T.);
#2066=EDGE_CURVE('',#1643,#1426,#142,.T.);
#2067=EDGE_CURVE('',#1426,#1644,#143,.T.);
#2068=EDGE_CURVE('',#1645,#1643,#856,.T.);
#2069=EDGE_CURVE('',#1427,#1645,#1351,.T.);
#2070=EDGE_CURVE('',#1641,#1646,#857,.T.);
#2071=EDGE_CURVE('',#1646,#1647,#1352,.T.);
#2072=EDGE_CURVE('',#1647,#1648,#1353,.T.);
#2073=EDGE_CURVE('',#1648,#1649,#1354,.T.);
#2074=EDGE_CURVE('',#1649,#1650,#1355,.T.);
#2075=EDGE_CURVE('',#1650,#1651,#91,.T.);
#2076=EDGE_CURVE('',#1651,#1645,#92,.T.);
#2077=EDGE_CURVE('',#1652,#1639,#858,.T.);
#2078=EDGE_CURVE('',#1652,#1646,#1356,.T.);
#2079=EDGE_CURVE('',#1438,#1652,#859,.T.);
#2080=EDGE_CURVE('',#1653,#1431,#144,.T.);
#2081=EDGE_CURVE('',#1653,#1644,#860,.T.);
#2082=EDGE_CURVE('',#1432,#1654,#1357,.T.);
#2083=EDGE_CURVE('',#1654,#1653,#861,.T.);
#2084=EDGE_CURVE('',#1582,#1429,#862,.T.);
#2085=EDGE_CURVE('',#1583,#1655,#863,.T.);
#2086=EDGE_CURVE('',#1655,#1656,#864,.T.);
#2087=EDGE_CURVE('',#1656,#1578,#865,.T.);
#2088=EDGE_CURVE('',#1574,#1579,#866,.T.);
#2089=EDGE_CURVE('',#1515,#1588,#867,.T.);
#2090=EDGE_CURVE('',#1656,#1580,#868,.T.);
#2091=EDGE_CURVE('',#1655,#1585,#869,.T.);
#2092=EDGE_CURVE('',#1580,#1585,#870,.T.);
#2093=EDGE_CURVE('',#1468,#1632,#871,.T.);
#2094=EDGE_CURVE('',#1634,#1514,#872,.T.);
#2095=EDGE_CURVE('',#1589,#1636,#873,.T.);
#2096=EDGE_CURVE('',#1657,#1654,#874,.T.);
#2097=EDGE_CURVE('',#1654,#1433,#1358,.T.);
#2098=EDGE_CURVE('',#1434,#1657,#145,.T.);
#2099=EDGE_CURVE('',#1638,#1657,#875,.T.);
#2100=EDGE_CURVE('',#1658,#1598,#876,.T.);
#2101=EDGE_CURVE('',#1659,#1658,#877,.T.);
#2102=EDGE_CURVE('',#1599,#1659,#878,.T.);
#2103=EDGE_CURVE('',#1660,#1600,#879,.T.);
#2104=EDGE_CURVE('',#1661,#1660,#93,.T.);
#2105=EDGE_CURVE('',#1601,#1661,#880,.T.);
#2106=EDGE_CURVE('',#1662,#1661,#94,.T.);
#2107=EDGE_CURVE('',#1602,#1662,#881,.T.);
#2108=EDGE_CURVE('',#1603,#1663,#882,.T.);
#2109=EDGE_CURVE('',#1663,#1662,#1359,.T.);
#2110=EDGE_CURVE('',#1664,#1663,#883,.T.);
#2111=EDGE_CURVE('',#1604,#1664,#884,.T.);
#2112=EDGE_CURVE('',#1605,#1665,#885,.T.);
#2113=EDGE_CURVE('',#1665,#1664,#1360,.T.);
#2114=EDGE_CURVE('',#1606,#1666,#886,.T.);
#2115=EDGE_CURVE('',#1666,#1665,#1361,.T.);
#2116=EDGE_CURVE('',#1438,#1666,#1362,.T.);
#2117=EDGE_CURVE('',#1660,#1659,#95,.T.);
#2118=EDGE_CURVE('',#1667,#1658,#887,.T.);
#2119=EDGE_CURVE('',#1667,#1668,#888,.T.);
#2120=EDGE_CURVE('',#1668,#1659,#889,.T.);
#2121=EDGE_CURVE('',#1668,#1669,#96,.T.);
#2122=EDGE_CURVE('',#1660,#1669,#890,.T.);
#2123=EDGE_CURVE('',#1669,#1670,#97,.F.);
#2124=EDGE_CURVE('',#1428,#1670,#1363,.T.);
#2125=EDGE_CURVE('',#1427,#1671,#98,.T.);
#2126=EDGE_CURVE('',#1661,#1671,#891,.T.);
#2127=EDGE_CURVE('',#1672,#1614,#892,.T.);
#2128=EDGE_CURVE('',#1613,#1673,#893,.T.);
#2129=EDGE_CURVE('',#1672,#1673,#1364,.T.);
#2130=EDGE_CURVE('',#1674,#1612,#894,.T.);
#2131=EDGE_CURVE('',#1673,#1674,#895,.T.);
#2132=EDGE_CURVE('',#1611,#1675,#896,.T.);
#2133=EDGE_CURVE('',#1674,#1675,#1365,.T.);
#2134=EDGE_CURVE('',#1676,#1610,#897,.T.);
#2135=EDGE_CURVE('',#1675,#1676,#898,.T.);
#2136=EDGE_CURVE('',#1662,#1677,#899,.T.);
#2137=EDGE_CURVE('',#1677,#1678,#1366,.T.);
#2138=EDGE_CURVE('',#1663,#1678,#900,.T.);
#2139=EDGE_CURVE('',#1679,#1679,#1367,.T.);
#2140=EDGE_CURVE('',#1680,#1680,#1368,.T.);
#2141=EDGE_CURVE('',#1626,#1680,#901,.T.);
#2142=EDGE_CURVE('',#1681,#1672,#902,.T.);
#2143=EDGE_CURVE('',#1615,#1681,#903,.T.);
#2144=EDGE_CURVE('',#1682,#1681,#1369,.T.);
#2145=EDGE_CURVE('',#1682,#1608,#904,.T.);
#2146=EDGE_CURVE('',#1683,#1682,#905,.T.);
#2147=EDGE_CURVE('',#1609,#1683,#906,.T.);
#2148=EDGE_CURVE('',#1676,#1683,#1370,.T.);
#2149=EDGE_CURVE('',#1671,#1677,#99,.T.);
#2150=EDGE_CURVE('',#1678,#1684,#907,.T.);
#2151=EDGE_CURVE('',#1684,#1664,#908,.T.);
#2152=EDGE_CURVE('',#1665,#1685,#909,.T.);
#2153=EDGE_CURVE('',#1685,#1686,#1371,.T.);
#2154=EDGE_CURVE('',#1686,#1666,#910,.T.);
#2155=EDGE_CURVE('',#1684,#1685,#1372,.T.);
#2156=EDGE_CURVE('',#1686,#1652,#1373,.T.);
#2157=EDGE_CURVE('',#1668,#1687,#1374,.T.);
#2158=EDGE_CURVE('',#1670,#1687,#100,.T.);
#2159=EDGE_CURVE('',#1688,#1667,#1375,.T.);
#2160=EDGE_CURVE('',#1687,#1688,#911,.T.);
#2161=EDGE_CURVE('',#1686,#1647,#1376,.T.);
#2162=EDGE_CURVE('',#1685,#1648,#1377,.T.);
#2163=EDGE_CURVE('',#1689,#1649,#101,.T.);
#2164=EDGE_CURVE('',#1684,#1689,#1378,.T.);
#2165=EDGE_CURVE('',#1690,#1689,#102,.T.);
#2166=EDGE_CURVE('',#1678,#1690,#1379,.T.);
#2167=EDGE_CURVE('',#1671,#1651,#1380,.T.);
#2168=EDGE_CURVE('',#1691,#1692,#1381,.T.);
#2169=EDGE_CURVE('',#1692,#1693,#103,.T.);
#2170=EDGE_CURVE('',#1693,#1694,#1382,.T.);
#2171=EDGE_CURVE('',#1694,#1695,#104,.T.);
#2172=EDGE_CURVE('',#1695,#1691,#105,.T.);
#2173=EDGE_CURVE('',#1691,#1679,#912,.T.);
#2174=EDGE_CURVE('',#1650,#1696,#106,.T.);
#2175=EDGE_CURVE('',#1677,#1696,#1383,.T.);
#2176=EDGE_CURVE('',#1696,#1690,#1384,.T.);
#2177=EDGE_CURVE('',#1690,#1691,#913,.T.);
#2178=EDGE_CURVE('',#1695,#1689,#914,.T.);
#2179=EDGE_CURVE('',#1694,#1649,#915,.T.);
#2180=EDGE_CURVE('',#1650,#1693,#916,.T.);
#2181=EDGE_CURVE('',#1692,#1696,#917,.T.);
#2182=EDGE_CURVE('',#1584,#1581,#918,.T.);
#2183=EDGE_CURVE('',#1597,#1697,#919,.T.);
#2184=EDGE_CURVE('',#1697,#1658,#920,.T.);
#2185=EDGE_CURVE('',#1698,#1596,#921,.T.);
#2186=EDGE_CURVE('',#1595,#1699,#922,.T.);
#2187=EDGE_CURVE('',#1699,#1698,#107,.T.);
#2188=EDGE_CURVE('',#1594,#1700,#923,.T.);
#2189=EDGE_CURVE('',#1700,#1699,#108,.T.);
#2190=EDGE_CURVE('',#1593,#1701,#924,.T.);
#2191=EDGE_CURVE('',#1701,#1700,#1385,.T.);
#2192=EDGE_CURVE('',#1592,#1543,#925,.T.);
#2193=EDGE_CURVE('',#1543,#1701,#926,.T.);
#2194=EDGE_CURVE('',#1591,#1544,#927,.T.);
#2195=EDGE_CURVE('',#1590,#1702,#928,.T.);
#2196=EDGE_CURVE('',#1702,#1544,#1386,.T.);
#2197=EDGE_CURVE('',#1636,#1702,#1387,.T.);
#2198=EDGE_CURVE('',#1698,#1697,#109,.T.);
#2199=EDGE_CURVE('',#1703,#1697,#929,.T.);
#2200=EDGE_CURVE('',#1667,#1703,#930,.T.);
#2201=EDGE_CURVE('',#1698,#1704,#931,.T.);
#2202=EDGE_CURVE('',#1703,#1704,#110,.T.);
#2203=EDGE_CURVE('',#1699,#1705,#932,.T.);
#2204=EDGE_CURVE('',#1576,#1705,#111,.T.);
#2205=EDGE_CURVE('',#1575,#1706,#1388,.T.);
#2206=EDGE_CURVE('',#1704,#1706,#112,.F.);
#2207=EDGE_CURVE('',#1707,#1619,#933,.T.);
#2208=EDGE_CURVE('',#1707,#1708,#1389,.T.);
#2209=EDGE_CURVE('',#1620,#1708,#934,.T.);
#2210=EDGE_CURVE('',#1708,#1709,#935,.T.);
#2211=EDGE_CURVE('',#1709,#1621,#936,.T.);
#2212=EDGE_CURVE('',#1709,#1710,#1390,.T.);
#2213=EDGE_CURVE('',#1622,#1710,#937,.T.);
#2214=EDGE_CURVE('',#1711,#1623,#938,.T.);
#2215=EDGE_CURVE('',#1710,#1711,#939,.T.);
#2216=EDGE_CURVE('',#1701,#1712,#940,.T.);
#2217=EDGE_CURVE('',#1713,#1712,#1391,.T.);
#2218=EDGE_CURVE('',#1700,#1713,#941,.T.);
#2219=EDGE_CURVE('',#1714,#1714,#1392,.T.);
#2220=EDGE_CURVE('',#1715,#1715,#1393,.T.);
#2221=EDGE_CURVE('',#1624,#1715,#942,.T.);
#2222=EDGE_CURVE('',#1716,#1707,#943,.T.);
#2223=EDGE_CURVE('',#1618,#1716,#944,.T.);
#2224=EDGE_CURVE('',#1717,#1616,#945,.T.);
#2225=EDGE_CURVE('',#1717,#1716,#1394,.T.);
#2226=EDGE_CURVE('',#1617,#1718,#946,.T.);
#2227=EDGE_CURVE('',#1718,#1717,#947,.T.);
#2228=EDGE_CURVE('',#1711,#1718,#1395,.T.);
#2229=EDGE_CURVE('',#1705,#1713,#113,.T.);
#2230=EDGE_CURVE('',#1719,#1688,#948,.T.);
#2231=EDGE_CURVE('',#1706,#1719,#114,.T.);
#2232=EDGE_CURVE('',#1712,#1542,#949,.T.);
#2233=EDGE_CURVE('',#1720,#1702,#950,.T.);
#2234=EDGE_CURVE('',#1528,#1720,#1396,.T.);
#2235=EDGE_CURVE('',#1720,#1635,#1397,.T.);
#2236=EDGE_CURVE('',#1703,#1719,#1398,.T.);
#2237=EDGE_CURVE('',#1720,#1533,#1399,.T.);
#2238=EDGE_CURVE('',#1721,#1541,#115,.T.);
#2239=EDGE_CURVE('',#1712,#1721,#1400,.T.);
#2240=EDGE_CURVE('',#1705,#1538,#1401,.T.);
#2241=EDGE_CURVE('',#1714,#1722,#951,.T.);
#2242=EDGE_CURVE('',#1723,#1722,#116,.T.);
#2243=EDGE_CURVE('',#1724,#1723,#117,.T.);
#2244=EDGE_CURVE('',#1725,#1724,#1402,.T.);
#2245=EDGE_CURVE('',#1726,#1725,#118,.T.);
#2246=EDGE_CURVE('',#1722,#1726,#1403,.T.);
#2247=EDGE_CURVE('',#1539,#1727,#119,.T.);
#2248=EDGE_CURVE('',#1713,#1727,#1404,.T.);
#2249=EDGE_CURVE('',#1727,#1721,#1405,.T.);
#2250=EDGE_CURVE('',#1721,#1722,#952,.T.);
#2251=EDGE_CURVE('',#1723,#1541,#953,.T.);
#2252=EDGE_CURVE('',#1724,#1530,#954,.T.);
#2253=EDGE_CURVE('',#1539,#1725,#955,.T.);
#2254=EDGE_CURVE('',#1726,#1727,#956,.T.);
#2255=ORIENTED_EDGE('',*,*,#1728,.T.);
#2256=ORIENTED_EDGE('',*,*,#1729,.T.);
#2257=ORIENTED_EDGE('',*,*,#1730,.F.);
#2258=ORIENTED_EDGE('',*,*,#1729,.F.);
#2259=ORIENTED_EDGE('',*,*,#1728,.F.);
#2260=ORIENTED_EDGE('',*,*,#1731,.T.);
#2261=ORIENTED_EDGE('',*,*,#1732,.T.);
#2262=ORIENTED_EDGE('',*,*,#1733,.F.);
#2263=ORIENTED_EDGE('',*,*,#1732,.F.);
#2264=ORIENTED_EDGE('',*,*,#1731,.F.);
#2265=ORIENTED_EDGE('',*,*,#1734,.T.);
#2266=ORIENTED_EDGE('',*,*,#1735,.T.);
#2267=ORIENTED_EDGE('',*,*,#1736,.T.);
#2268=ORIENTED_EDGE('',*,*,#1737,.T.);
#2269=ORIENTED_EDGE('',*,*,#1738,.T.);
#2270=ORIENTED_EDGE('',*,*,#1739,.T.);
#2271=ORIENTED_EDGE('',*,*,#1734,.F.);
#2272=ORIENTED_EDGE('',*,*,#1740,.T.);
#2273=ORIENTED_EDGE('',*,*,#1741,.T.);
#2274=ORIENTED_EDGE('',*,*,#1742,.T.);
#2275=ORIENTED_EDGE('',*,*,#1738,.F.);
#2276=ORIENTED_EDGE('',*,*,#1743,.T.);
#2277=ORIENTED_EDGE('',*,*,#1744,.T.);
#2278=ORIENTED_EDGE('',*,*,#1745,.T.);
#2279=ORIENTED_EDGE('',*,*,#1741,.F.);
#2280=ORIENTED_EDGE('',*,*,#1746,.T.);
#2281=ORIENTED_EDGE('',*,*,#1747,.T.);
#2282=ORIENTED_EDGE('',*,*,#1744,.F.);
#2283=ORIENTED_EDGE('',*,*,#1748,.T.);
#2284=ORIENTED_EDGE('',*,*,#1749,.T.);
#2285=ORIENTED_EDGE('',*,*,#1750,.T.);
#2286=ORIENTED_EDGE('',*,*,#1751,.T.);
#2287=ORIENTED_EDGE('',*,*,#1752,.T.);
#2288=ORIENTED_EDGE('',*,*,#1749,.F.);
#2289=ORIENTED_EDGE('',*,*,#1753,.T.);
#2290=ORIENTED_EDGE('',*,*,#1735,.F.);
#2291=ORIENTED_EDGE('',*,*,#1754,.F.);
#2292=ORIENTED_EDGE('',*,*,#1755,.F.);
#2293=ORIENTED_EDGE('',*,*,#1756,.T.);
#2294=ORIENTED_EDGE('',*,*,#1757,.T.);
#2295=ORIENTED_EDGE('',*,*,#1758,.F.);
#2296=ORIENTED_EDGE('',*,*,#1759,.T.);
#2297=ORIENTED_EDGE('',*,*,#1739,.F.);
#2298=ORIENTED_EDGE('',*,*,#1760,.T.);
#2299=ORIENTED_EDGE('',*,*,#1761,.T.);
#2300=ORIENTED_EDGE('',*,*,#1762,.T.);
#2301=ORIENTED_EDGE('',*,*,#1754,.T.);
#2302=ORIENTED_EDGE('',*,*,#1742,.F.);
#2303=ORIENTED_EDGE('',*,*,#1763,.T.);
#2304=ORIENTED_EDGE('',*,*,#1764,.F.);
#2305=ORIENTED_EDGE('',*,*,#1760,.F.);
#2306=ORIENTED_EDGE('',*,*,#1745,.F.);
#2307=ORIENTED_EDGE('',*,*,#1765,.T.);
#2308=ORIENTED_EDGE('',*,*,#1766,.F.);
#2309=ORIENTED_EDGE('',*,*,#1763,.F.);
#2310=ORIENTED_EDGE('',*,*,#1747,.F.);
#2311=ORIENTED_EDGE('',*,*,#1767,.T.);
#2312=ORIENTED_EDGE('',*,*,#1768,.F.);
#2313=ORIENTED_EDGE('',*,*,#1765,.F.);
#2314=ORIENTED_EDGE('',*,*,#1752,.F.);
#2315=ORIENTED_EDGE('',*,*,#1769,.T.);
#2316=ORIENTED_EDGE('',*,*,#1770,.F.);
#2317=ORIENTED_EDGE('',*,*,#1771,.F.);
#2318=ORIENTED_EDGE('',*,*,#1772,.T.);
#2319=ORIENTED_EDGE('',*,*,#1773,.F.);
#2320=ORIENTED_EDGE('',*,*,#1774,.F.);
#2321=ORIENTED_EDGE('',*,*,#1775,.F.);
#2322=ORIENTED_EDGE('',*,*,#1767,.F.);
#2323=ORIENTED_EDGE('',*,*,#1776,.T.);
#2324=ORIENTED_EDGE('',*,*,#1777,.T.);
#2325=ORIENTED_EDGE('',*,*,#1778,.T.);
#2326=ORIENTED_EDGE('',*,*,#1779,.T.);
#2327=ORIENTED_EDGE('',*,*,#1780,.T.);
#2328=ORIENTED_EDGE('',*,*,#1781,.T.);
#2329=ORIENTED_EDGE('',*,*,#1777,.F.);
#2330=ORIENTED_EDGE('',*,*,#1782,.T.);
#2331=ORIENTED_EDGE('',*,*,#1783,.T.);
#2332=ORIENTED_EDGE('',*,*,#1784,.T.);
#2333=ORIENTED_EDGE('',*,*,#1780,.F.);
#2334=ORIENTED_EDGE('',*,*,#1785,.T.);
#2335=ORIENTED_EDGE('',*,*,#1786,.F.);
#2336=ORIENTED_EDGE('',*,*,#1787,.T.);
#2337=ORIENTED_EDGE('',*,*,#1788,.T.);
#2338=ORIENTED_EDGE('',*,*,#1789,.T.);
#2339=ORIENTED_EDGE('',*,*,#1790,.T.);
#2340=ORIENTED_EDGE('',*,*,#1791,.T.);
#2341=ORIENTED_EDGE('',*,*,#1788,.F.);
#2342=ORIENTED_EDGE('',*,*,#1792,.T.);
#2343=ORIENTED_EDGE('',*,*,#1793,.T.);
#2344=ORIENTED_EDGE('',*,*,#1794,.T.);
#2345=ORIENTED_EDGE('',*,*,#1790,.F.);
#2346=ORIENTED_EDGE('',*,*,#1795,.T.);
#2347=ORIENTED_EDGE('',*,*,#1796,.T.);
#2348=ORIENTED_EDGE('',*,*,#1793,.F.);
#2349=ORIENTED_EDGE('',*,*,#1797,.T.);
#2350=ORIENTED_EDGE('',*,*,#1779,.F.);
#2351=ORIENTED_EDGE('',*,*,#1737,.F.);
#2352=ORIENTED_EDGE('',*,*,#1798,.T.);
#2353=ORIENTED_EDGE('',*,*,#1785,.F.);
#2354=ORIENTED_EDGE('',*,*,#1782,.F.);
#2355=ORIENTED_EDGE('',*,*,#1776,.F.);
#2356=ORIENTED_EDGE('',*,*,#1799,.F.);
#2357=ORIENTED_EDGE('',*,*,#1800,.T.);
#2358=ORIENTED_EDGE('',*,*,#1801,.T.);
#2359=ORIENTED_EDGE('',*,*,#1802,.T.);
#2360=ORIENTED_EDGE('',*,*,#1750,.F.);
#2361=ORIENTED_EDGE('',*,*,#1748,.F.);
#2362=ORIENTED_EDGE('',*,*,#1746,.F.);
#2363=ORIENTED_EDGE('',*,*,#1743,.F.);
#2364=ORIENTED_EDGE('',*,*,#1740,.F.);
#2365=ORIENTED_EDGE('',*,*,#1797,.F.);
#2366=ORIENTED_EDGE('',*,*,#1795,.F.);
#2367=ORIENTED_EDGE('',*,*,#1803,.F.);
#2368=ORIENTED_EDGE('',*,*,#1804,.T.);
#2369=ORIENTED_EDGE('',*,*,#1799,.T.);
#2370=ORIENTED_EDGE('',*,*,#1792,.F.);
#2371=ORIENTED_EDGE('',*,*,#1787,.F.);
#2372=ORIENTED_EDGE('',*,*,#1805,.T.);
#2373=ORIENTED_EDGE('',*,*,#1806,.F.);
#2374=ORIENTED_EDGE('',*,*,#1807,.T.);
#2375=ORIENTED_EDGE('',*,*,#1803,.T.);
#2376=ORIENTED_EDGE('',*,*,#1808,.T.);
#2377=ORIENTED_EDGE('',*,*,#1809,.T.);
#2378=ORIENTED_EDGE('',*,*,#1810,.T.);
#2379=ORIENTED_EDGE('',*,*,#1811,.T.);
#2380=ORIENTED_EDGE('',*,*,#1809,.F.);
#2381=ORIENTED_EDGE('',*,*,#1812,.F.);
#2382=ORIENTED_EDGE('',*,*,#1813,.F.);
#2383=ORIENTED_EDGE('',*,*,#1814,.F.);
#2384=ORIENTED_EDGE('',*,*,#1815,.T.);
#2385=ORIENTED_EDGE('',*,*,#1816,.F.);
#2386=ORIENTED_EDGE('',*,*,#1817,.T.);
#2387=ORIENTED_EDGE('',*,*,#1818,.T.);
#2388=ORIENTED_EDGE('',*,*,#1819,.F.);
#2389=ORIENTED_EDGE('',*,*,#1820,.T.);
#2390=ORIENTED_EDGE('',*,*,#1786,.T.);
#2391=ORIENTED_EDGE('',*,*,#1821,.F.);
#2392=ORIENTED_EDGE('',*,*,#1812,.T.);
#2393=ORIENTED_EDGE('',*,*,#1808,.F.);
#2394=ORIENTED_EDGE('',*,*,#1822,.T.);
#2395=ORIENTED_EDGE('',*,*,#1817,.F.);
#2396=ORIENTED_EDGE('',*,*,#1823,.T.);
#2397=ORIENTED_EDGE('',*,*,#1824,.F.);
#2398=ORIENTED_EDGE('',*,*,#1825,.T.);
#2399=ORIENTED_EDGE('',*,*,#1826,.T.);
#2400=ORIENTED_EDGE('',*,*,#1827,.T.);
#2401=ORIENTED_EDGE('',*,*,#1828,.F.);
#2402=ORIENTED_EDGE('',*,*,#1829,.T.);
#2403=ORIENTED_EDGE('',*,*,#1830,.F.);
#2404=ORIENTED_EDGE('',*,*,#1831,.T.);
#2405=ORIENTED_EDGE('',*,*,#1832,.F.);
#2406=ORIENTED_EDGE('',*,*,#1833,.T.);
#2407=ORIENTED_EDGE('',*,*,#1834,.F.);
#2408=ORIENTED_EDGE('',*,*,#1835,.T.);
#2409=ORIENTED_EDGE('',*,*,#1836,.T.);
#2410=ORIENTED_EDGE('',*,*,#1837,.F.);
#2411=ORIENTED_EDGE('',*,*,#1838,.F.);
#2412=ORIENTED_EDGE('',*,*,#1839,.F.);
#2413=ORIENTED_EDGE('',*,*,#1840,.F.);
#2414=ORIENTED_EDGE('',*,*,#1841,.F.);
#2415=ORIENTED_EDGE('',*,*,#1842,.F.);
#2416=ORIENTED_EDGE('',*,*,#1843,.F.);
#2417=ORIENTED_EDGE('',*,*,#1805,.F.);
#2418=ORIENTED_EDGE('',*,*,#1820,.F.);
#2419=ORIENTED_EDGE('',*,*,#1844,.F.);
#2420=ORIENTED_EDGE('',*,*,#1845,.F.);
#2421=ORIENTED_EDGE('',*,*,#1823,.F.);
#2422=ORIENTED_EDGE('',*,*,#1846,.F.);
#2423=ORIENTED_EDGE('',*,*,#1847,.T.);
#2424=ORIENTED_EDGE('',*,*,#1824,.T.);
#2425=ORIENTED_EDGE('',*,*,#1845,.T.);
#2426=ORIENTED_EDGE('',*,*,#1848,.F.);
#2427=ORIENTED_EDGE('',*,*,#1849,.T.);
#2428=ORIENTED_EDGE('',*,*,#1850,.T.);
#2429=ORIENTED_EDGE('',*,*,#1834,.T.);
#2430=ORIENTED_EDGE('',*,*,#1851,.T.);
#2431=ORIENTED_EDGE('',*,*,#1850,.F.);
#2432=ORIENTED_EDGE('',*,*,#1852,.F.);
#2433=ORIENTED_EDGE('',*,*,#1853,.F.);
#2434=ORIENTED_EDGE('',*,*,#1835,.F.);
#2435=ORIENTED_EDGE('',*,*,#1849,.F.);
#2436=ORIENTED_EDGE('',*,*,#1854,.T.);
#2437=ORIENTED_EDGE('',*,*,#1855,.F.);
#2438=ORIENTED_EDGE('',*,*,#1856,.T.);
#2439=ORIENTED_EDGE('',*,*,#1857,.F.);
#2440=ORIENTED_EDGE('',*,*,#1858,.T.);
#2441=ORIENTED_EDGE('',*,*,#1859,.F.);
#2442=ORIENTED_EDGE('',*,*,#1860,.T.);
#2443=ORIENTED_EDGE('',*,*,#1861,.T.);
#2444=ORIENTED_EDGE('',*,*,#1862,.T.);
#2445=ORIENTED_EDGE('',*,*,#1863,.F.);
#2446=ORIENTED_EDGE('',*,*,#1864,.T.);
#2447=ORIENTED_EDGE('',*,*,#1865,.T.);
#2448=ORIENTED_EDGE('',*,*,#1810,.F.);
#2449=ORIENTED_EDGE('',*,*,#1816,.T.);
#2450=ORIENTED_EDGE('',*,*,#1866,.T.);
#2451=ORIENTED_EDGE('',*,*,#1867,.F.);
#2452=ORIENTED_EDGE('',*,*,#1868,.F.);
#2453=ORIENTED_EDGE('',*,*,#1869,.F.);
#2454=ORIENTED_EDGE('',*,*,#1870,.F.);
#2455=ORIENTED_EDGE('',*,*,#1871,.F.);
#2456=ORIENTED_EDGE('',*,*,#1783,.F.);
#2457=ORIENTED_EDGE('',*,*,#1798,.F.);
#2458=ORIENTED_EDGE('',*,*,#1736,.F.);
#2459=ORIENTED_EDGE('',*,*,#1753,.F.);
#2460=ORIENTED_EDGE('',*,*,#1872,.F.);
#2461=ORIENTED_EDGE('',*,*,#1769,.F.);
#2462=ORIENTED_EDGE('',*,*,#1751,.F.);
#2463=ORIENTED_EDGE('',*,*,#1802,.F.);
#2464=ORIENTED_EDGE('',*,*,#1873,.F.);
#2465=ORIENTED_EDGE('',*,*,#1874,.F.);
#2466=ORIENTED_EDGE('',*,*,#1875,.F.);
#2467=ORIENTED_EDGE('',*,*,#1876,.F.);
#2468=ORIENTED_EDGE('',*,*,#1877,.F.);
#2469=ORIENTED_EDGE('',*,*,#1878,.T.);
#2470=ORIENTED_EDGE('',*,*,#1879,.T.);
#2471=ORIENTED_EDGE('',*,*,#1880,.T.);
#2472=ORIENTED_EDGE('',*,*,#1852,.T.);
#2473=ORIENTED_EDGE('',*,*,#1730,.T.);
#2474=ORIENTED_EDGE('',*,*,#1733,.T.);
#2475=ORIENTED_EDGE('',*,*,#1881,.T.);
#2476=ORIENTED_EDGE('',*,*,#1882,.F.);
#2477=ORIENTED_EDGE('',*,*,#1832,.T.);
#2478=ORIENTED_EDGE('',*,*,#1883,.T.);
#2479=ORIENTED_EDGE('',*,*,#1855,.T.);
#2480=ORIENTED_EDGE('',*,*,#1884,.T.);
#2481=ORIENTED_EDGE('',*,*,#1883,.F.);
#2482=ORIENTED_EDGE('',*,*,#1831,.F.);
#2483=ORIENTED_EDGE('',*,*,#1885,.F.);
#2484=ORIENTED_EDGE('',*,*,#1856,.F.);
#2485=ORIENTED_EDGE('',*,*,#1828,.T.);
#2486=ORIENTED_EDGE('',*,*,#1886,.T.);
#2487=ORIENTED_EDGE('',*,*,#1859,.T.);
#2488=ORIENTED_EDGE('',*,*,#1887,.T.);
#2489=ORIENTED_EDGE('',*,*,#1886,.F.);
#2490=ORIENTED_EDGE('',*,*,#1827,.F.);
#2491=ORIENTED_EDGE('',*,*,#1888,.T.);
#2492=ORIENTED_EDGE('',*,*,#1860,.F.);
#2493=ORIENTED_EDGE('',*,*,#1830,.T.);
#2494=ORIENTED_EDGE('',*,*,#1889,.T.);
#2495=ORIENTED_EDGE('',*,*,#1857,.T.);
#2496=ORIENTED_EDGE('',*,*,#1885,.T.);
#2497=ORIENTED_EDGE('',*,*,#1887,.F.);
#2498=ORIENTED_EDGE('',*,*,#1858,.F.);
#2499=ORIENTED_EDGE('',*,*,#1889,.F.);
#2500=ORIENTED_EDGE('',*,*,#1829,.F.);
#2501=ORIENTED_EDGE('',*,*,#1890,.T.);
#2502=ORIENTED_EDGE('',*,*,#1863,.T.);
#2503=ORIENTED_EDGE('',*,*,#1891,.T.);
#2504=ORIENTED_EDGE('',*,*,#1892,.T.);
#2505=ORIENTED_EDGE('',*,*,#1893,.T.);
#2506=ORIENTED_EDGE('',*,*,#1894,.F.);
#2507=ORIENTED_EDGE('',*,*,#1864,.F.);
#2508=ORIENTED_EDGE('',*,*,#1890,.F.);
#2509=ORIENTED_EDGE('',*,*,#1895,.T.);
#2510=ORIENTED_EDGE('',*,*,#1896,.F.);
#2511=ORIENTED_EDGE('',*,*,#1897,.F.);
#2512=ORIENTED_EDGE('',*,*,#1848,.T.);
#2513=ORIENTED_EDGE('',*,*,#1898,.T.);
#2514=ORIENTED_EDGE('',*,*,#1899,.F.);
#2515=ORIENTED_EDGE('',*,*,#1900,.F.);
#2516=ORIENTED_EDGE('',*,*,#1901,.F.);
#2517=ORIENTED_EDGE('',*,*,#1902,.F.);
#2518=ORIENTED_EDGE('',*,*,#1903,.F.);
#2519=ORIENTED_EDGE('',*,*,#1904,.F.);
#2520=ORIENTED_EDGE('',*,*,#1905,.F.);
#2521=ORIENTED_EDGE('',*,*,#1906,.F.);
#2522=ORIENTED_EDGE('',*,*,#1907,.F.);
#2523=ORIENTED_EDGE('',*,*,#1819,.T.);
#2524=ORIENTED_EDGE('',*,*,#1908,.T.);
#2525=ORIENTED_EDGE('',*,*,#1846,.T.);
#2526=ORIENTED_EDGE('',*,*,#1897,.T.);
#2527=ORIENTED_EDGE('',*,*,#1909,.F.);
#2528=ORIENTED_EDGE('',*,*,#1910,.F.);
#2529=ORIENTED_EDGE('',*,*,#1911,.T.);
#2530=ORIENTED_EDGE('',*,*,#1912,.T.);
#2531=ORIENTED_EDGE('',*,*,#1913,.T.);
#2532=ORIENTED_EDGE('',*,*,#1899,.T.);
#2533=ORIENTED_EDGE('',*,*,#1892,.F.);
#2534=ORIENTED_EDGE('',*,*,#1914,.T.);
#2535=ORIENTED_EDGE('',*,*,#1911,.F.);
#2536=ORIENTED_EDGE('',*,*,#1915,.T.);
#2537=ORIENTED_EDGE('',*,*,#1916,.F.);
#2538=ORIENTED_EDGE('',*,*,#1917,.T.);
#2539=ORIENTED_EDGE('',*,*,#1895,.F.);
#2540=ORIENTED_EDGE('',*,*,#1811,.F.);
#2541=ORIENTED_EDGE('',*,*,#1865,.F.);
#2542=ORIENTED_EDGE('',*,*,#1894,.T.);
#2543=ORIENTED_EDGE('',*,*,#1912,.F.);
#2544=ORIENTED_EDGE('',*,*,#1898,.F.);
#2545=ORIENTED_EDGE('',*,*,#1818,.F.);
#2546=ORIENTED_EDGE('',*,*,#1822,.F.);
#2547=ORIENTED_EDGE('',*,*,#1847,.F.);
#2548=ORIENTED_EDGE('',*,*,#1908,.F.);
#2549=ORIENTED_EDGE('',*,*,#1914,.F.);
#2550=ORIENTED_EDGE('',*,*,#1891,.F.);
#2551=ORIENTED_EDGE('',*,*,#1862,.F.);
#2552=ORIENTED_EDGE('',*,*,#1918,.F.);
#2553=ORIENTED_EDGE('',*,*,#1825,.F.);
#2554=ORIENTED_EDGE('',*,*,#1919,.F.);
#2555=ORIENTED_EDGE('',*,*,#1920,.T.);
#2556=ORIENTED_EDGE('',*,*,#1866,.F.);
#2557=ORIENTED_EDGE('',*,*,#1815,.F.);
#2558=ORIENTED_EDGE('',*,*,#1921,.F.);
#2559=ORIENTED_EDGE('',*,*,#1867,.T.);
#2560=ORIENTED_EDGE('',*,*,#1920,.F.);
#2561=ORIENTED_EDGE('',*,*,#1843,.T.);
#2562=ORIENTED_EDGE('',*,*,#1922,.F.);
#2563=ORIENTED_EDGE('',*,*,#1923,.T.);
#2564=ORIENTED_EDGE('',*,*,#1806,.T.);
#2565=ORIENTED_EDGE('',*,*,#1842,.T.);
#2566=ORIENTED_EDGE('',*,*,#1924,.F.);
#2567=ORIENTED_EDGE('',*,*,#1925,.T.);
#2568=ORIENTED_EDGE('',*,*,#1922,.T.);
#2569=ORIENTED_EDGE('',*,*,#1841,.T.);
#2570=ORIENTED_EDGE('',*,*,#1926,.F.);
#2571=ORIENTED_EDGE('',*,*,#1927,.T.);
#2572=ORIENTED_EDGE('',*,*,#1924,.T.);
#2573=ORIENTED_EDGE('',*,*,#1840,.T.);
#2574=ORIENTED_EDGE('',*,*,#1928,.F.);
#2575=ORIENTED_EDGE('',*,*,#1929,.T.);
#2576=ORIENTED_EDGE('',*,*,#1926,.T.);
#2577=ORIENTED_EDGE('',*,*,#1839,.T.);
#2578=ORIENTED_EDGE('',*,*,#1930,.F.);
#2579=ORIENTED_EDGE('',*,*,#1931,.T.);
#2580=ORIENTED_EDGE('',*,*,#1928,.T.);
#2581=ORIENTED_EDGE('',*,*,#1838,.T.);
#2582=ORIENTED_EDGE('',*,*,#1932,.F.);
#2583=ORIENTED_EDGE('',*,*,#1933,.T.);
#2584=ORIENTED_EDGE('',*,*,#1930,.T.);
#2585=ORIENTED_EDGE('',*,*,#1837,.T.);
#2586=ORIENTED_EDGE('',*,*,#1934,.F.);
#2587=ORIENTED_EDGE('',*,*,#1935,.T.);
#2588=ORIENTED_EDGE('',*,*,#1932,.T.);
#2589=ORIENTED_EDGE('',*,*,#1936,.F.);
#2590=ORIENTED_EDGE('',*,*,#1937,.F.);
#2591=ORIENTED_EDGE('',*,*,#1938,.T.);
#2592=ORIENTED_EDGE('',*,*,#1934,.T.);
#2593=ORIENTED_EDGE('',*,*,#1939,.T.);
#2594=ORIENTED_EDGE('',*,*,#1940,.F.);
#2595=ORIENTED_EDGE('',*,*,#1941,.F.);
#2596=ORIENTED_EDGE('',*,*,#1942,.T.);
#2597=ORIENTED_EDGE('',*,*,#1937,.T.);
#2598=ORIENTED_EDGE('',*,*,#1943,.F.);
#2599=ORIENTED_EDGE('',*,*,#1944,.F.);
#2600=ORIENTED_EDGE('',*,*,#1945,.T.);
#2601=ORIENTED_EDGE('',*,*,#1941,.T.);
#2602=ORIENTED_EDGE('',*,*,#1946,.F.);
#2603=ORIENTED_EDGE('',*,*,#1947,.T.);
#2604=ORIENTED_EDGE('',*,*,#1948,.T.);
#2605=ORIENTED_EDGE('',*,*,#1947,.F.);
#2606=ORIENTED_EDGE('',*,*,#1877,.T.);
#2607=ORIENTED_EDGE('',*,*,#1949,.F.);
#2608=ORIENTED_EDGE('',*,*,#1950,.T.);
#2609=ORIENTED_EDGE('',*,*,#1944,.T.);
#2610=ORIENTED_EDGE('',*,*,#1951,.T.);
#2611=ORIENTED_EDGE('',*,*,#1882,.T.);
#2612=ORIENTED_EDGE('',*,*,#1952,.T.);
#2613=ORIENTED_EDGE('',*,*,#1953,.T.);
#2614=ORIENTED_EDGE('',*,*,#1952,.F.);
#2615=ORIENTED_EDGE('',*,*,#1876,.T.);
#2616=ORIENTED_EDGE('',*,*,#1954,.F.);
#2617=ORIENTED_EDGE('',*,*,#1955,.T.);
#2618=ORIENTED_EDGE('',*,*,#1949,.T.);
#2619=ORIENTED_EDGE('',*,*,#1875,.T.);
#2620=ORIENTED_EDGE('',*,*,#1956,.F.);
#2621=ORIENTED_EDGE('',*,*,#1957,.T.);
#2622=ORIENTED_EDGE('',*,*,#1954,.T.);
#2623=ORIENTED_EDGE('',*,*,#1874,.T.);
#2624=ORIENTED_EDGE('',*,*,#1958,.F.);
#2625=ORIENTED_EDGE('',*,*,#1959,.T.);
#2626=ORIENTED_EDGE('',*,*,#1956,.T.);
#2627=ORIENTED_EDGE('',*,*,#1873,.T.);
#2628=ORIENTED_EDGE('',*,*,#1801,.F.);
#2629=ORIENTED_EDGE('',*,*,#1960,.T.);
#2630=ORIENTED_EDGE('',*,*,#1958,.T.);
#2631=ORIENTED_EDGE('',*,*,#1950,.F.);
#2632=ORIENTED_EDGE('',*,*,#1955,.F.);
#2633=ORIENTED_EDGE('',*,*,#1957,.F.);
#2634=ORIENTED_EDGE('',*,*,#1959,.F.);
#2635=ORIENTED_EDGE('',*,*,#1960,.F.);
#2636=ORIENTED_EDGE('',*,*,#1800,.F.);
#2637=ORIENTED_EDGE('',*,*,#1804,.F.);
#2638=ORIENTED_EDGE('',*,*,#1807,.F.);
#2639=ORIENTED_EDGE('',*,*,#1923,.F.);
#2640=ORIENTED_EDGE('',*,*,#1925,.F.);
#2641=ORIENTED_EDGE('',*,*,#1927,.F.);
#2642=ORIENTED_EDGE('',*,*,#1929,.F.);
#2643=ORIENTED_EDGE('',*,*,#1931,.F.);
#2644=ORIENTED_EDGE('',*,*,#1933,.F.);
#2645=ORIENTED_EDGE('',*,*,#1935,.F.);
#2646=ORIENTED_EDGE('',*,*,#1938,.F.);
#2647=ORIENTED_EDGE('',*,*,#1942,.F.);
#2648=ORIENTED_EDGE('',*,*,#1945,.F.);
#2649=ORIENTED_EDGE('',*,*,#1953,.F.);
#2650=ORIENTED_EDGE('',*,*,#1948,.F.);
#2651=ORIENTED_EDGE('',*,*,#1961,.F.);
#2652=ORIENTED_EDGE('',*,*,#1962,.T.);
#2653=ORIENTED_EDGE('',*,*,#1963,.F.);
#2654=ORIENTED_EDGE('',*,*,#1962,.F.);
#2655=ORIENTED_EDGE('',*,*,#1964,.F.);
#2656=ORIENTED_EDGE('',*,*,#1961,.T.);
#2657=ORIENTED_EDGE('',*,*,#1881,.F.);
#2658=ORIENTED_EDGE('',*,*,#1965,.T.);
#2659=ORIENTED_EDGE('',*,*,#1964,.T.);
#2660=ORIENTED_EDGE('',*,*,#1965,.F.);
#2661=ORIENTED_EDGE('',*,*,#1851,.F.);
#2662=ORIENTED_EDGE('',*,*,#1833,.F.);
#2663=ORIENTED_EDGE('',*,*,#1884,.F.);
#2664=ORIENTED_EDGE('',*,*,#1854,.F.);
#2665=ORIENTED_EDGE('',*,*,#1853,.T.);
#2666=ORIENTED_EDGE('',*,*,#1880,.F.);
#2667=ORIENTED_EDGE('',*,*,#1966,.F.);
#2668=ORIENTED_EDGE('',*,*,#1936,.T.);
#2669=ORIENTED_EDGE('',*,*,#1939,.F.);
#2670=ORIENTED_EDGE('',*,*,#1836,.F.);
#2671=ORIENTED_EDGE('',*,*,#1940,.T.);
#2672=ORIENTED_EDGE('',*,*,#1966,.T.);
#2673=ORIENTED_EDGE('',*,*,#1879,.F.);
#2674=ORIENTED_EDGE('',*,*,#1967,.F.);
#2675=ORIENTED_EDGE('',*,*,#1943,.T.);
#2676=ORIENTED_EDGE('',*,*,#1967,.T.);
#2677=ORIENTED_EDGE('',*,*,#1878,.F.);
#2678=ORIENTED_EDGE('',*,*,#1951,.F.);
#2679=ORIENTED_EDGE('',*,*,#1918,.T.);
#2680=ORIENTED_EDGE('',*,*,#1861,.F.);
#2681=ORIENTED_EDGE('',*,*,#1888,.F.);
#2682=ORIENTED_EDGE('',*,*,#1826,.F.);
#2683=ORIENTED_EDGE('',*,*,#1946,.T.);
#2684=ORIENTED_EDGE('',*,*,#1963,.T.);
#2685=ORIENTED_EDGE('',*,*,#1794,.F.);
#2686=ORIENTED_EDGE('',*,*,#1968,.T.);
#2687=ORIENTED_EDGE('',*,*,#1969,.F.);
#2688=ORIENTED_EDGE('',*,*,#1970,.T.);
#2689=ORIENTED_EDGE('',*,*,#1971,.T.);
#2690=ORIENTED_EDGE('',*,*,#1791,.F.);
#2691=ORIENTED_EDGE('',*,*,#1778,.F.);
#2692=ORIENTED_EDGE('',*,*,#1972,.F.);
#2693=ORIENTED_EDGE('',*,*,#1968,.F.);
#2694=ORIENTED_EDGE('',*,*,#1796,.F.);
#2695=ORIENTED_EDGE('',*,*,#1781,.F.);
#2696=ORIENTED_EDGE('',*,*,#1973,.T.);
#2697=ORIENTED_EDGE('',*,*,#1974,.T.);
#2698=ORIENTED_EDGE('',*,*,#1969,.T.);
#2699=ORIENTED_EDGE('',*,*,#1972,.T.);
#2700=ORIENTED_EDGE('',*,*,#1871,.T.);
#2701=ORIENTED_EDGE('',*,*,#1975,.T.);
#2702=ORIENTED_EDGE('',*,*,#1976,.T.);
#2703=ORIENTED_EDGE('',*,*,#1977,.F.);
#2704=ORIENTED_EDGE('',*,*,#1978,.F.);
#2705=ORIENTED_EDGE('',*,*,#1979,.F.);
#2706=ORIENTED_EDGE('',*,*,#1973,.F.);
#2707=ORIENTED_EDGE('',*,*,#1784,.F.);
#2708=ORIENTED_EDGE('',*,*,#1980,.F.);
#2709=ORIENTED_EDGE('',*,*,#1981,.T.);
#2710=ORIENTED_EDGE('',*,*,#1982,.F.);
#2711=ORIENTED_EDGE('',*,*,#1983,.T.);
#2712=ORIENTED_EDGE('',*,*,#1984,.F.);
#2713=ORIENTED_EDGE('',*,*,#1985,.F.);
#2714=ORIENTED_EDGE('',*,*,#1986,.T.);
#2715=ORIENTED_EDGE('',*,*,#1987,.F.);
#2716=ORIENTED_EDGE('',*,*,#1988,.T.);
#2717=ORIENTED_EDGE('',*,*,#1989,.T.);
#2718=ORIENTED_EDGE('',*,*,#1990,.T.);
#2719=ORIENTED_EDGE('',*,*,#1989,.F.);
#2720=ORIENTED_EDGE('',*,*,#1991,.F.);
#2721=ORIENTED_EDGE('',*,*,#1992,.F.);
#2722=ORIENTED_EDGE('',*,*,#1993,.F.);
#2723=ORIENTED_EDGE('',*,*,#1994,.F.);
#2724=ORIENTED_EDGE('',*,*,#1995,.F.);
#2725=ORIENTED_EDGE('',*,*,#1996,.F.);
#2726=ORIENTED_EDGE('',*,*,#1997,.F.);
#2727=ORIENTED_EDGE('',*,*,#1998,.F.);
#2728=ORIENTED_EDGE('',*,*,#1999,.F.);
#2729=ORIENTED_EDGE('',*,*,#2000,.F.);
#2730=ORIENTED_EDGE('',*,*,#2001,.F.);
#2731=ORIENTED_EDGE('',*,*,#2002,.T.);
#2732=ORIENTED_EDGE('',*,*,#2003,.T.);
#2733=ORIENTED_EDGE('',*,*,#2004,.T.);
#2734=ORIENTED_EDGE('',*,*,#2005,.T.);
#2735=ORIENTED_EDGE('',*,*,#2006,.T.);
#2736=ORIENTED_EDGE('',*,*,#2007,.T.);
#2737=ORIENTED_EDGE('',*,*,#2008,.T.);
#2738=ORIENTED_EDGE('',*,*,#2009,.T.);
#2739=ORIENTED_EDGE('',*,*,#2010,.T.);
#2740=ORIENTED_EDGE('',*,*,#1771,.T.);
#2741=ORIENTED_EDGE('',*,*,#2011,.F.);
#2742=ORIENTED_EDGE('',*,*,#2012,.T.);
#2743=ORIENTED_EDGE('',*,*,#2013,.T.);
#2744=ORIENTED_EDGE('',*,*,#2014,.T.);
#2745=ORIENTED_EDGE('',*,*,#2015,.T.);
#2746=ORIENTED_EDGE('',*,*,#2016,.T.);
#2747=ORIENTED_EDGE('',*,*,#2017,.T.);
#2748=ORIENTED_EDGE('',*,*,#2018,.T.);
#2749=ORIENTED_EDGE('',*,*,#2019,.T.);
#2750=ORIENTED_EDGE('',*,*,#2020,.F.);
#2751=ORIENTED_EDGE('',*,*,#2021,.F.);
#2752=ORIENTED_EDGE('',*,*,#2022,.F.);
#2753=ORIENTED_EDGE('',*,*,#2023,.F.);
#2754=ORIENTED_EDGE('',*,*,#2024,.F.);
#2755=ORIENTED_EDGE('',*,*,#2025,.F.);
#2756=ORIENTED_EDGE('',*,*,#2026,.F.);
#2757=ORIENTED_EDGE('',*,*,#2027,.F.);
#2758=ORIENTED_EDGE('',*,*,#1990,.F.);
#2759=ORIENTED_EDGE('',*,*,#1988,.F.);
#2760=ORIENTED_EDGE('',*,*,#2028,.T.);
#2761=ORIENTED_EDGE('',*,*,#2029,.T.);
#2762=ORIENTED_EDGE('',*,*,#2028,.F.);
#2763=ORIENTED_EDGE('',*,*,#2030,.T.);
#2764=ORIENTED_EDGE('',*,*,#2031,.T.);
#2765=ORIENTED_EDGE('',*,*,#2011,.T.);
#2766=ORIENTED_EDGE('',*,*,#2031,.F.);
#2767=ORIENTED_EDGE('',*,*,#2032,.F.);
#2768=ORIENTED_EDGE('',*,*,#2033,.T.);
#2769=ORIENTED_EDGE('',*,*,#2030,.F.);
#2770=ORIENTED_EDGE('',*,*,#2033,.F.);
#2771=ORIENTED_EDGE('',*,*,#2034,.T.);
#2772=ORIENTED_EDGE('',*,*,#2035,.T.);
#2773=ORIENTED_EDGE('',*,*,#2036,.T.);
#2774=ORIENTED_EDGE('',*,*,#2037,.T.);
#2775=ORIENTED_EDGE('',*,*,#2038,.T.);
#2776=ORIENTED_EDGE('',*,*,#2034,.F.);
#2777=ORIENTED_EDGE('',*,*,#1903,.T.);
#2778=ORIENTED_EDGE('',*,*,#2039,.T.);
#2779=ORIENTED_EDGE('',*,*,#2040,.T.);
#2780=ORIENTED_EDGE('',*,*,#2037,.F.);
#2781=ORIENTED_EDGE('',*,*,#2041,.T.);
#2782=ORIENTED_EDGE('',*,*,#2042,.T.);
#2783=ORIENTED_EDGE('',*,*,#2043,.T.);
#2784=ORIENTED_EDGE('',*,*,#2039,.F.);
#2785=ORIENTED_EDGE('',*,*,#2044,.T.);
#2786=ORIENTED_EDGE('',*,*,#2045,.T.);
#2787=ORIENTED_EDGE('',*,*,#2046,.T.);
#2788=ORIENTED_EDGE('',*,*,#2042,.F.);
#2789=ORIENTED_EDGE('',*,*,#2047,.T.);
#2790=ORIENTED_EDGE('',*,*,#2047,.F.);
#2791=ORIENTED_EDGE('',*,*,#2044,.F.);
#2792=ORIENTED_EDGE('',*,*,#2048,.F.);
#2793=ORIENTED_EDGE('',*,*,#2049,.F.);
#2794=ORIENTED_EDGE('',*,*,#2050,.F.);
#2795=ORIENTED_EDGE('',*,*,#2041,.F.);
#2796=ORIENTED_EDGE('',*,*,#1902,.T.);
#2797=ORIENTED_EDGE('',*,*,#2051,.F.);
#2798=ORIENTED_EDGE('',*,*,#2048,.T.);
#2799=ORIENTED_EDGE('',*,*,#2036,.F.);
#2800=ORIENTED_EDGE('',*,*,#1978,.T.);
#2801=ORIENTED_EDGE('',*,*,#2052,.T.);
#2802=ORIENTED_EDGE('',*,*,#1904,.T.);
#2803=ORIENTED_EDGE('',*,*,#2035,.F.);
#2804=ORIENTED_EDGE('',*,*,#2053,.T.);
#2805=ORIENTED_EDGE('',*,*,#1970,.F.);
#2806=ORIENTED_EDGE('',*,*,#1974,.F.);
#2807=ORIENTED_EDGE('',*,*,#1979,.T.);
#2808=ORIENTED_EDGE('',*,*,#2054,.T.);
#2809=ORIENTED_EDGE('',*,*,#2055,.T.);
#2810=ORIENTED_EDGE('',*,*,#1774,.T.);
#2811=ORIENTED_EDGE('',*,*,#2056,.T.);
#2812=ORIENTED_EDGE('',*,*,#2057,.T.);
#2813=ORIENTED_EDGE('',*,*,#2058,.T.);
#2814=ORIENTED_EDGE('',*,*,#2054,.F.);
#2815=ORIENTED_EDGE('',*,*,#2059,.T.);
#2816=ORIENTED_EDGE('',*,*,#2060,.T.);
#2817=ORIENTED_EDGE('',*,*,#2061,.T.);
#2818=ORIENTED_EDGE('',*,*,#2057,.F.);
#2819=ORIENTED_EDGE('',*,*,#2062,.T.);
#2820=ORIENTED_EDGE('',*,*,#2063,.T.);
#2821=ORIENTED_EDGE('',*,*,#2064,.T.);
#2822=ORIENTED_EDGE('',*,*,#2060,.F.);
#2823=ORIENTED_EDGE('',*,*,#2065,.T.);
#2824=ORIENTED_EDGE('',*,*,#2063,.F.);
#2825=ORIENTED_EDGE('',*,*,#2066,.T.);
#2826=ORIENTED_EDGE('',*,*,#2067,.T.);
#2827=ORIENTED_EDGE('',*,*,#2066,.F.);
#2828=ORIENTED_EDGE('',*,*,#2068,.F.);
#2829=ORIENTED_EDGE('',*,*,#2069,.F.);
#2830=ORIENTED_EDGE('',*,*,#1756,.F.);
#2831=ORIENTED_EDGE('',*,*,#2065,.F.);
#2832=ORIENTED_EDGE('',*,*,#2070,.T.);
#2833=ORIENTED_EDGE('',*,*,#2071,.T.);
#2834=ORIENTED_EDGE('',*,*,#2072,.T.);
#2835=ORIENTED_EDGE('',*,*,#2073,.T.);
#2836=ORIENTED_EDGE('',*,*,#2074,.T.);
#2837=ORIENTED_EDGE('',*,*,#2075,.T.);
#2838=ORIENTED_EDGE('',*,*,#2076,.T.);
#2839=ORIENTED_EDGE('',*,*,#2068,.T.);
#2840=ORIENTED_EDGE('',*,*,#2062,.F.);
#2841=ORIENTED_EDGE('',*,*,#2077,.F.);
#2842=ORIENTED_EDGE('',*,*,#2078,.T.);
#2843=ORIENTED_EDGE('',*,*,#2070,.F.);
#2844=ORIENTED_EDGE('',*,*,#2059,.F.);
#2845=ORIENTED_EDGE('',*,*,#2056,.F.);
#2846=ORIENTED_EDGE('',*,*,#1773,.T.);
#2847=ORIENTED_EDGE('',*,*,#2079,.T.);
#2848=ORIENTED_EDGE('',*,*,#2077,.T.);
#2849=ORIENTED_EDGE('',*,*,#2067,.F.);
#2850=ORIENTED_EDGE('',*,*,#1755,.T.);
#2851=ORIENTED_EDGE('',*,*,#1762,.F.);
#2852=ORIENTED_EDGE('',*,*,#2080,.F.);
#2853=ORIENTED_EDGE('',*,*,#2081,.T.);
#2854=ORIENTED_EDGE('',*,*,#1761,.F.);
#2855=ORIENTED_EDGE('',*,*,#1764,.T.);
#2856=ORIENTED_EDGE('',*,*,#2082,.T.);
#2857=ORIENTED_EDGE('',*,*,#2083,.T.);
#2858=ORIENTED_EDGE('',*,*,#2080,.T.);
#2859=ORIENTED_EDGE('',*,*,#1872,.T.);
#2860=ORIENTED_EDGE('',*,*,#1759,.F.);
#2861=ORIENTED_EDGE('',*,*,#2084,.F.);
#2862=ORIENTED_EDGE('',*,*,#1984,.T.);
#2863=ORIENTED_EDGE('',*,*,#2085,.T.);
#2864=ORIENTED_EDGE('',*,*,#2086,.T.);
#2865=ORIENTED_EDGE('',*,*,#2087,.T.);
#2866=ORIENTED_EDGE('',*,*,#1980,.T.);
#2867=ORIENTED_EDGE('',*,*,#2088,.F.);
#2868=ORIENTED_EDGE('',*,*,#1975,.F.);
#2869=ORIENTED_EDGE('',*,*,#1870,.T.);
#2870=ORIENTED_EDGE('',*,*,#2089,.T.);
#2871=ORIENTED_EDGE('',*,*,#1991,.T.);
#2872=ORIENTED_EDGE('',*,*,#1770,.T.);
#2873=ORIENTED_EDGE('',*,*,#2087,.F.);
#2874=ORIENTED_EDGE('',*,*,#2090,.T.);
#2875=ORIENTED_EDGE('',*,*,#1981,.F.);
#2876=ORIENTED_EDGE('',*,*,#2086,.F.);
#2877=ORIENTED_EDGE('',*,*,#2091,.T.);
#2878=ORIENTED_EDGE('',*,*,#2092,.F.);
#2879=ORIENTED_EDGE('',*,*,#2090,.F.);
#2880=ORIENTED_EDGE('',*,*,#2085,.F.);
#2881=ORIENTED_EDGE('',*,*,#1987,.T.);
#2882=ORIENTED_EDGE('',*,*,#2091,.F.);
#2883=ORIENTED_EDGE('',*,*,#1814,.T.);
#2884=ORIENTED_EDGE('',*,*,#2093,.T.);
#2885=ORIENTED_EDGE('',*,*,#2046,.F.);
#2886=ORIENTED_EDGE('',*,*,#2094,.T.);
#2887=ORIENTED_EDGE('',*,*,#1868,.T.);
#2888=ORIENTED_EDGE('',*,*,#1921,.T.);
#2889=ORIENTED_EDGE('',*,*,#1919,.T.);
#2890=ORIENTED_EDGE('',*,*,#1869,.T.);
#2891=ORIENTED_EDGE('',*,*,#2094,.F.);
#2892=ORIENTED_EDGE('',*,*,#2045,.F.);
#2893=ORIENTED_EDGE('',*,*,#2050,.T.);
#2894=ORIENTED_EDGE('',*,*,#2095,.F.);
#2895=ORIENTED_EDGE('',*,*,#1992,.T.);
#2896=ORIENTED_EDGE('',*,*,#2089,.F.);
#2897=ORIENTED_EDGE('',*,*,#2096,.T.);
#2898=ORIENTED_EDGE('',*,*,#2097,.T.);
#2899=ORIENTED_EDGE('',*,*,#1768,.T.);
#2900=ORIENTED_EDGE('',*,*,#2098,.T.);
#2901=ORIENTED_EDGE('',*,*,#2055,.F.);
#2902=ORIENTED_EDGE('',*,*,#2099,.T.);
#2903=ORIENTED_EDGE('',*,*,#2098,.F.);
#2904=ORIENTED_EDGE('',*,*,#1775,.T.);
#2905=ORIENTED_EDGE('',*,*,#2097,.F.);
#2906=ORIENTED_EDGE('',*,*,#2082,.F.);
#2907=ORIENTED_EDGE('',*,*,#1766,.T.);
#2908=ORIENTED_EDGE('',*,*,#2064,.F.);
#2909=ORIENTED_EDGE('',*,*,#2081,.F.);
#2910=ORIENTED_EDGE('',*,*,#2083,.F.);
#2911=ORIENTED_EDGE('',*,*,#2096,.F.);
#2912=ORIENTED_EDGE('',*,*,#2099,.F.);
#2913=ORIENTED_EDGE('',*,*,#2058,.F.);
#2914=ORIENTED_EDGE('',*,*,#2061,.F.);
#2915=ORIENTED_EDGE('',*,*,#1789,.F.);
#2916=ORIENTED_EDGE('',*,*,#1971,.F.);
#2917=ORIENTED_EDGE('',*,*,#2053,.F.);
#2918=ORIENTED_EDGE('',*,*,#2038,.F.);
#2919=ORIENTED_EDGE('',*,*,#2040,.F.);
#2920=ORIENTED_EDGE('',*,*,#2043,.F.);
#2921=ORIENTED_EDGE('',*,*,#2093,.F.);
#2922=ORIENTED_EDGE('',*,*,#1813,.T.);
#2923=ORIENTED_EDGE('',*,*,#1821,.T.);
#2924=ORIENTED_EDGE('',*,*,#2100,.F.);
#2925=ORIENTED_EDGE('',*,*,#2101,.F.);
#2926=ORIENTED_EDGE('',*,*,#2102,.F.);
#2927=ORIENTED_EDGE('',*,*,#2002,.F.);
#2928=ORIENTED_EDGE('',*,*,#2103,.F.);
#2929=ORIENTED_EDGE('',*,*,#2104,.F.);
#2930=ORIENTED_EDGE('',*,*,#2105,.F.);
#2931=ORIENTED_EDGE('',*,*,#2004,.F.);
#2932=ORIENTED_EDGE('',*,*,#2105,.T.);
#2933=ORIENTED_EDGE('',*,*,#2106,.F.);
#2934=ORIENTED_EDGE('',*,*,#2107,.F.);
#2935=ORIENTED_EDGE('',*,*,#2005,.F.);
#2936=ORIENTED_EDGE('',*,*,#2108,.F.);
#2937=ORIENTED_EDGE('',*,*,#2006,.F.);
#2938=ORIENTED_EDGE('',*,*,#2107,.T.);
#2939=ORIENTED_EDGE('',*,*,#2109,.F.);
#2940=ORIENTED_EDGE('',*,*,#2108,.T.);
#2941=ORIENTED_EDGE('',*,*,#2110,.F.);
#2942=ORIENTED_EDGE('',*,*,#2111,.F.);
#2943=ORIENTED_EDGE('',*,*,#2007,.F.);
#2944=ORIENTED_EDGE('',*,*,#2112,.F.);
#2945=ORIENTED_EDGE('',*,*,#2008,.F.);
#2946=ORIENTED_EDGE('',*,*,#2111,.T.);
#2947=ORIENTED_EDGE('',*,*,#2113,.F.);
#2948=ORIENTED_EDGE('',*,*,#2114,.F.);
#2949=ORIENTED_EDGE('',*,*,#2009,.F.);
#2950=ORIENTED_EDGE('',*,*,#2112,.T.);
#2951=ORIENTED_EDGE('',*,*,#2115,.F.);
#2952=ORIENTED_EDGE('',*,*,#1772,.F.);
#2953=ORIENTED_EDGE('',*,*,#2010,.F.);
#2954=ORIENTED_EDGE('',*,*,#2114,.T.);
#2955=ORIENTED_EDGE('',*,*,#2116,.F.);
#2956=ORIENTED_EDGE('',*,*,#2103,.T.);
#2957=ORIENTED_EDGE('',*,*,#2003,.F.);
#2958=ORIENTED_EDGE('',*,*,#2102,.T.);
#2959=ORIENTED_EDGE('',*,*,#2117,.F.);
#2960=ORIENTED_EDGE('',*,*,#2118,.F.);
#2961=ORIENTED_EDGE('',*,*,#2119,.T.);
#2962=ORIENTED_EDGE('',*,*,#2120,.T.);
#2963=ORIENTED_EDGE('',*,*,#2101,.T.);
#2964=ORIENTED_EDGE('',*,*,#2117,.T.);
#2965=ORIENTED_EDGE('',*,*,#2120,.F.);
#2966=ORIENTED_EDGE('',*,*,#2121,.T.);
#2967=ORIENTED_EDGE('',*,*,#2122,.F.);
#2968=ORIENTED_EDGE('',*,*,#2104,.T.);
#2969=ORIENTED_EDGE('',*,*,#2122,.T.);
#2970=ORIENTED_EDGE('',*,*,#2123,.T.);
#2971=ORIENTED_EDGE('',*,*,#2124,.F.);
#2972=ORIENTED_EDGE('',*,*,#1757,.F.);
#2973=ORIENTED_EDGE('',*,*,#2125,.T.);
#2974=ORIENTED_EDGE('',*,*,#2126,.F.);
#2975=ORIENTED_EDGE('',*,*,#2127,.T.);
#2976=ORIENTED_EDGE('',*,*,#2017,.F.);
#2977=ORIENTED_EDGE('',*,*,#2128,.T.);
#2978=ORIENTED_EDGE('',*,*,#2129,.F.);
#2979=ORIENTED_EDGE('',*,*,#2128,.F.);
#2980=ORIENTED_EDGE('',*,*,#2016,.F.);
#2981=ORIENTED_EDGE('',*,*,#2130,.F.);
#2982=ORIENTED_EDGE('',*,*,#2131,.F.);
#2983=ORIENTED_EDGE('',*,*,#2130,.T.);
#2984=ORIENTED_EDGE('',*,*,#2015,.F.);
#2985=ORIENTED_EDGE('',*,*,#2132,.T.);
#2986=ORIENTED_EDGE('',*,*,#2133,.F.);
#2987=ORIENTED_EDGE('',*,*,#2134,.F.);
#2988=ORIENTED_EDGE('',*,*,#2135,.F.);
#2989=ORIENTED_EDGE('',*,*,#2132,.F.);
#2990=ORIENTED_EDGE('',*,*,#2014,.F.);
#2991=ORIENTED_EDGE('',*,*,#2109,.T.);
#2992=ORIENTED_EDGE('',*,*,#2136,.T.);
#2993=ORIENTED_EDGE('',*,*,#2137,.T.);
#2994=ORIENTED_EDGE('',*,*,#2138,.F.);
#2995=ORIENTED_EDGE('',*,*,#2139,.F.);
#2996=ORIENTED_EDGE('',*,*,#2140,.F.);
#2997=ORIENTED_EDGE('',*,*,#2032,.T.);
#2998=ORIENTED_EDGE('',*,*,#2141,.T.);
#2999=ORIENTED_EDGE('',*,*,#2140,.T.);
#3000=ORIENTED_EDGE('',*,*,#2141,.F.);
#3001=ORIENTED_EDGE('',*,*,#2142,.F.);
#3002=ORIENTED_EDGE('',*,*,#2143,.F.);
#3003=ORIENTED_EDGE('',*,*,#2018,.F.);
#3004=ORIENTED_EDGE('',*,*,#2127,.F.);
#3005=ORIENTED_EDGE('',*,*,#2143,.T.);
#3006=ORIENTED_EDGE('',*,*,#2144,.F.);
#3007=ORIENTED_EDGE('',*,*,#2145,.T.);
#3008=ORIENTED_EDGE('',*,*,#2019,.F.);
#3009=ORIENTED_EDGE('',*,*,#2145,.F.);
#3010=ORIENTED_EDGE('',*,*,#2146,.F.);
#3011=ORIENTED_EDGE('',*,*,#2147,.F.);
#3012=ORIENTED_EDGE('',*,*,#2012,.F.);
#3013=ORIENTED_EDGE('',*,*,#2134,.T.);
#3014=ORIENTED_EDGE('',*,*,#2013,.F.);
#3015=ORIENTED_EDGE('',*,*,#2147,.T.);
#3016=ORIENTED_EDGE('',*,*,#2148,.F.);
#3017=ORIENTED_EDGE('',*,*,#2106,.T.);
#3018=ORIENTED_EDGE('',*,*,#2126,.T.);
#3019=ORIENTED_EDGE('',*,*,#2149,.T.);
#3020=ORIENTED_EDGE('',*,*,#2136,.F.);
#3021=ORIENTED_EDGE('',*,*,#2110,.T.);
#3022=ORIENTED_EDGE('',*,*,#2138,.T.);
#3023=ORIENTED_EDGE('',*,*,#2150,.T.);
#3024=ORIENTED_EDGE('',*,*,#2151,.T.);
#3025=ORIENTED_EDGE('',*,*,#2115,.T.);
#3026=ORIENTED_EDGE('',*,*,#2152,.T.);
#3027=ORIENTED_EDGE('',*,*,#2153,.T.);
#3028=ORIENTED_EDGE('',*,*,#2154,.T.);
#3029=ORIENTED_EDGE('',*,*,#2113,.T.);
#3030=ORIENTED_EDGE('',*,*,#2151,.F.);
#3031=ORIENTED_EDGE('',*,*,#2155,.T.);
#3032=ORIENTED_EDGE('',*,*,#2152,.F.);
#3033=ORIENTED_EDGE('',*,*,#2116,.T.);
#3034=ORIENTED_EDGE('',*,*,#2154,.F.);
#3035=ORIENTED_EDGE('',*,*,#2156,.T.);
#3036=ORIENTED_EDGE('',*,*,#2079,.F.);
#3037=ORIENTED_EDGE('',*,*,#2123,.F.);
#3038=ORIENTED_EDGE('',*,*,#2121,.F.);
#3039=ORIENTED_EDGE('',*,*,#2157,.T.);
#3040=ORIENTED_EDGE('',*,*,#2158,.F.);
#3041=ORIENTED_EDGE('',*,*,#2159,.F.);
#3042=ORIENTED_EDGE('',*,*,#2160,.F.);
#3043=ORIENTED_EDGE('',*,*,#2157,.F.);
#3044=ORIENTED_EDGE('',*,*,#2119,.F.);
#3045=ORIENTED_EDGE('',*,*,#2078,.F.);
#3046=ORIENTED_EDGE('',*,*,#2156,.F.);
#3047=ORIENTED_EDGE('',*,*,#2161,.T.);
#3048=ORIENTED_EDGE('',*,*,#2071,.F.);
#3049=ORIENTED_EDGE('',*,*,#2161,.F.);
#3050=ORIENTED_EDGE('',*,*,#2153,.F.);
#3051=ORIENTED_EDGE('',*,*,#2162,.T.);
#3052=ORIENTED_EDGE('',*,*,#2072,.F.);
#3053=ORIENTED_EDGE('',*,*,#2163,.T.);
#3054=ORIENTED_EDGE('',*,*,#2073,.F.);
#3055=ORIENTED_EDGE('',*,*,#2162,.F.);
#3056=ORIENTED_EDGE('',*,*,#2155,.F.);
#3057=ORIENTED_EDGE('',*,*,#2164,.T.);
#3058=ORIENTED_EDGE('',*,*,#2165,.T.);
#3059=ORIENTED_EDGE('',*,*,#2164,.F.);
#3060=ORIENTED_EDGE('',*,*,#2150,.F.);
#3061=ORIENTED_EDGE('',*,*,#2166,.T.);
#3062=ORIENTED_EDGE('',*,*,#2069,.T.);
#3063=ORIENTED_EDGE('',*,*,#2076,.F.);
#3064=ORIENTED_EDGE('',*,*,#2167,.F.);
#3065=ORIENTED_EDGE('',*,*,#2125,.F.);
#3066=ORIENTED_EDGE('',*,*,#2168,.T.);
#3067=ORIENTED_EDGE('',*,*,#2169,.T.);
#3068=ORIENTED_EDGE('',*,*,#2170,.T.);
#3069=ORIENTED_EDGE('',*,*,#2171,.T.);
#3070=ORIENTED_EDGE('',*,*,#2172,.T.);
#3071=ORIENTED_EDGE('',*,*,#2173,.T.);
#3072=ORIENTED_EDGE('',*,*,#2139,.T.);
#3073=ORIENTED_EDGE('',*,*,#2173,.F.);
#3074=ORIENTED_EDGE('',*,*,#2174,.T.);
#3075=ORIENTED_EDGE('',*,*,#2175,.F.);
#3076=ORIENTED_EDGE('',*,*,#2149,.F.);
#3077=ORIENTED_EDGE('',*,*,#2167,.T.);
#3078=ORIENTED_EDGE('',*,*,#2075,.F.);
#3079=ORIENTED_EDGE('',*,*,#2176,.T.);
#3080=ORIENTED_EDGE('',*,*,#2166,.F.);
#3081=ORIENTED_EDGE('',*,*,#2137,.F.);
#3082=ORIENTED_EDGE('',*,*,#2175,.T.);
#3083=ORIENTED_EDGE('',*,*,#2177,.T.);
#3084=ORIENTED_EDGE('',*,*,#2172,.F.);
#3085=ORIENTED_EDGE('',*,*,#2178,.T.);
#3086=ORIENTED_EDGE('',*,*,#2165,.F.);
#3087=ORIENTED_EDGE('',*,*,#2178,.F.);
#3088=ORIENTED_EDGE('',*,*,#2171,.F.);
#3089=ORIENTED_EDGE('',*,*,#2179,.T.);
#3090=ORIENTED_EDGE('',*,*,#2163,.F.);
#3091=ORIENTED_EDGE('',*,*,#2180,.T.);
#3092=ORIENTED_EDGE('',*,*,#2169,.F.);
#3093=ORIENTED_EDGE('',*,*,#2181,.T.);
#3094=ORIENTED_EDGE('',*,*,#2174,.F.);
#3095=ORIENTED_EDGE('',*,*,#2180,.F.);
#3096=ORIENTED_EDGE('',*,*,#2074,.F.);
#3097=ORIENTED_EDGE('',*,*,#2179,.F.);
#3098=ORIENTED_EDGE('',*,*,#2170,.F.);
#3099=ORIENTED_EDGE('',*,*,#2181,.F.);
#3100=ORIENTED_EDGE('',*,*,#2168,.F.);
#3101=ORIENTED_EDGE('',*,*,#2177,.F.);
#3102=ORIENTED_EDGE('',*,*,#2176,.F.);
#3103=ORIENTED_EDGE('',*,*,#2182,.T.);
#3104=ORIENTED_EDGE('',*,*,#1982,.T.);
#3105=ORIENTED_EDGE('',*,*,#2092,.T.);
#3106=ORIENTED_EDGE('',*,*,#1986,.F.);
#3107=ORIENTED_EDGE('',*,*,#2100,.T.);
#3108=ORIENTED_EDGE('',*,*,#2001,.T.);
#3109=ORIENTED_EDGE('',*,*,#2183,.T.);
#3110=ORIENTED_EDGE('',*,*,#2184,.T.);
#3111=ORIENTED_EDGE('',*,*,#2185,.T.);
#3112=ORIENTED_EDGE('',*,*,#1999,.T.);
#3113=ORIENTED_EDGE('',*,*,#2186,.T.);
#3114=ORIENTED_EDGE('',*,*,#2187,.T.);
#3115=ORIENTED_EDGE('',*,*,#2186,.F.);
#3116=ORIENTED_EDGE('',*,*,#1998,.T.);
#3117=ORIENTED_EDGE('',*,*,#2188,.T.);
#3118=ORIENTED_EDGE('',*,*,#2189,.T.);
#3119=ORIENTED_EDGE('',*,*,#2190,.T.);
#3120=ORIENTED_EDGE('',*,*,#2191,.T.);
#3121=ORIENTED_EDGE('',*,*,#2188,.F.);
#3122=ORIENTED_EDGE('',*,*,#1997,.T.);
#3123=ORIENTED_EDGE('',*,*,#2190,.F.);
#3124=ORIENTED_EDGE('',*,*,#1996,.T.);
#3125=ORIENTED_EDGE('',*,*,#2192,.T.);
#3126=ORIENTED_EDGE('',*,*,#2193,.T.);
#3127=ORIENTED_EDGE('',*,*,#2194,.T.);
#3128=ORIENTED_EDGE('',*,*,#1916,.T.);
#3129=ORIENTED_EDGE('',*,*,#2192,.F.);
#3130=ORIENTED_EDGE('',*,*,#1995,.T.);
#3131=ORIENTED_EDGE('',*,*,#2195,.T.);
#3132=ORIENTED_EDGE('',*,*,#2196,.T.);
#3133=ORIENTED_EDGE('',*,*,#2194,.F.);
#3134=ORIENTED_EDGE('',*,*,#1994,.T.);
#3135=ORIENTED_EDGE('',*,*,#2095,.T.);
#3136=ORIENTED_EDGE('',*,*,#2197,.T.);
#3137=ORIENTED_EDGE('',*,*,#2195,.F.);
#3138=ORIENTED_EDGE('',*,*,#1993,.T.);
#3139=ORIENTED_EDGE('',*,*,#2185,.F.);
#3140=ORIENTED_EDGE('',*,*,#2198,.T.);
#3141=ORIENTED_EDGE('',*,*,#2183,.F.);
#3142=ORIENTED_EDGE('',*,*,#2000,.T.);
#3143=ORIENTED_EDGE('',*,*,#2118,.T.);
#3144=ORIENTED_EDGE('',*,*,#2184,.F.);
#3145=ORIENTED_EDGE('',*,*,#2199,.F.);
#3146=ORIENTED_EDGE('',*,*,#2200,.F.);
#3147=ORIENTED_EDGE('',*,*,#2198,.F.);
#3148=ORIENTED_EDGE('',*,*,#2201,.T.);
#3149=ORIENTED_EDGE('',*,*,#2202,.F.);
#3150=ORIENTED_EDGE('',*,*,#2199,.T.);
#3151=ORIENTED_EDGE('',*,*,#2187,.F.);
#3152=ORIENTED_EDGE('',*,*,#2203,.T.);
#3153=ORIENTED_EDGE('',*,*,#2204,.F.);
#3154=ORIENTED_EDGE('',*,*,#1977,.T.);
#3155=ORIENTED_EDGE('',*,*,#2205,.T.);
#3156=ORIENTED_EDGE('',*,*,#2206,.F.);
#3157=ORIENTED_EDGE('',*,*,#2201,.F.);
#3158=ORIENTED_EDGE('',*,*,#2207,.F.);
#3159=ORIENTED_EDGE('',*,*,#2208,.T.);
#3160=ORIENTED_EDGE('',*,*,#2209,.F.);
#3161=ORIENTED_EDGE('',*,*,#2023,.T.);
#3162=ORIENTED_EDGE('',*,*,#2209,.T.);
#3163=ORIENTED_EDGE('',*,*,#2210,.T.);
#3164=ORIENTED_EDGE('',*,*,#2211,.T.);
#3165=ORIENTED_EDGE('',*,*,#2024,.T.);
#3166=ORIENTED_EDGE('',*,*,#2211,.F.);
#3167=ORIENTED_EDGE('',*,*,#2212,.T.);
#3168=ORIENTED_EDGE('',*,*,#2213,.F.);
#3169=ORIENTED_EDGE('',*,*,#2025,.T.);
#3170=ORIENTED_EDGE('',*,*,#2214,.T.);
#3171=ORIENTED_EDGE('',*,*,#2026,.T.);
#3172=ORIENTED_EDGE('',*,*,#2213,.T.);
#3173=ORIENTED_EDGE('',*,*,#2215,.T.);
#3174=ORIENTED_EDGE('',*,*,#2191,.F.);
#3175=ORIENTED_EDGE('',*,*,#2216,.T.);
#3176=ORIENTED_EDGE('',*,*,#2217,.F.);
#3177=ORIENTED_EDGE('',*,*,#2218,.F.);
#3178=ORIENTED_EDGE('',*,*,#2219,.T.);
#3179=ORIENTED_EDGE('',*,*,#2220,.T.);
#3180=ORIENTED_EDGE('',*,*,#2029,.F.);
#3181=ORIENTED_EDGE('',*,*,#2221,.T.);
#3182=ORIENTED_EDGE('',*,*,#2220,.F.);
#3183=ORIENTED_EDGE('',*,*,#2221,.F.);
#3184=ORIENTED_EDGE('',*,*,#2222,.T.);
#3185=ORIENTED_EDGE('',*,*,#2207,.T.);
#3186=ORIENTED_EDGE('',*,*,#2022,.T.);
#3187=ORIENTED_EDGE('',*,*,#2223,.T.);
#3188=ORIENTED_EDGE('',*,*,#2223,.F.);
#3189=ORIENTED_EDGE('',*,*,#2021,.T.);
#3190=ORIENTED_EDGE('',*,*,#2224,.F.);
#3191=ORIENTED_EDGE('',*,*,#2225,.T.);
#3192=ORIENTED_EDGE('',*,*,#2224,.T.);
#3193=ORIENTED_EDGE('',*,*,#2020,.T.);
#3194=ORIENTED_EDGE('',*,*,#2226,.T.);
#3195=ORIENTED_EDGE('',*,*,#2227,.T.);
#3196=ORIENTED_EDGE('',*,*,#2214,.F.);
#3197=ORIENTED_EDGE('',*,*,#2228,.T.);
#3198=ORIENTED_EDGE('',*,*,#2226,.F.);
#3199=ORIENTED_EDGE('',*,*,#2027,.T.);
#3200=ORIENTED_EDGE('',*,*,#2189,.F.);
#3201=ORIENTED_EDGE('',*,*,#2218,.T.);
#3202=ORIENTED_EDGE('',*,*,#2229,.F.);
#3203=ORIENTED_EDGE('',*,*,#2203,.F.);
#3204=ORIENTED_EDGE('',*,*,#2088,.T.);
#3205=ORIENTED_EDGE('',*,*,#1983,.F.);
#3206=ORIENTED_EDGE('',*,*,#2182,.F.);
#3207=ORIENTED_EDGE('',*,*,#1985,.T.);
#3208=ORIENTED_EDGE('',*,*,#2084,.T.);
#3209=ORIENTED_EDGE('',*,*,#1758,.T.);
#3210=ORIENTED_EDGE('',*,*,#2124,.T.);
#3211=ORIENTED_EDGE('',*,*,#2158,.T.);
#3212=ORIENTED_EDGE('',*,*,#2160,.T.);
#3213=ORIENTED_EDGE('',*,*,#2230,.F.);
#3214=ORIENTED_EDGE('',*,*,#2231,.F.);
#3215=ORIENTED_EDGE('',*,*,#2205,.F.);
#3216=ORIENTED_EDGE('',*,*,#1976,.F.);
#3217=ORIENTED_EDGE('',*,*,#2142,.T.);
#3218=ORIENTED_EDGE('',*,*,#2129,.T.);
#3219=ORIENTED_EDGE('',*,*,#2131,.T.);
#3220=ORIENTED_EDGE('',*,*,#2133,.T.);
#3221=ORIENTED_EDGE('',*,*,#2135,.T.);
#3222=ORIENTED_EDGE('',*,*,#2148,.T.);
#3223=ORIENTED_EDGE('',*,*,#2146,.T.);
#3224=ORIENTED_EDGE('',*,*,#2144,.T.);
#3225=ORIENTED_EDGE('',*,*,#2222,.F.);
#3226=ORIENTED_EDGE('',*,*,#2225,.F.);
#3227=ORIENTED_EDGE('',*,*,#2227,.F.);
#3228=ORIENTED_EDGE('',*,*,#2228,.F.);
#3229=ORIENTED_EDGE('',*,*,#2215,.F.);
#3230=ORIENTED_EDGE('',*,*,#2212,.F.);
#3231=ORIENTED_EDGE('',*,*,#2210,.F.);
#3232=ORIENTED_EDGE('',*,*,#2208,.F.);
#3233=ORIENTED_EDGE('',*,*,#2193,.F.);
#3234=ORIENTED_EDGE('',*,*,#1915,.F.);
#3235=ORIENTED_EDGE('',*,*,#2232,.F.);
#3236=ORIENTED_EDGE('',*,*,#2216,.F.);
#3237=ORIENTED_EDGE('',*,*,#2196,.F.);
#3238=ORIENTED_EDGE('',*,*,#2233,.F.);
#3239=ORIENTED_EDGE('',*,*,#2234,.F.);
#3240=ORIENTED_EDGE('',*,*,#1917,.F.);
#3241=ORIENTED_EDGE('',*,*,#2197,.F.);
#3242=ORIENTED_EDGE('',*,*,#2049,.T.);
#3243=ORIENTED_EDGE('',*,*,#2235,.F.);
#3244=ORIENTED_EDGE('',*,*,#2233,.T.);
#3245=ORIENTED_EDGE('',*,*,#2206,.T.);
#3246=ORIENTED_EDGE('',*,*,#2231,.T.);
#3247=ORIENTED_EDGE('',*,*,#2236,.F.);
#3248=ORIENTED_EDGE('',*,*,#2202,.T.);
#3249=ORIENTED_EDGE('',*,*,#2159,.T.);
#3250=ORIENTED_EDGE('',*,*,#2200,.T.);
#3251=ORIENTED_EDGE('',*,*,#2236,.T.);
#3252=ORIENTED_EDGE('',*,*,#2230,.T.);
#3253=ORIENTED_EDGE('',*,*,#2051,.T.);
#3254=ORIENTED_EDGE('',*,*,#1901,.T.);
#3255=ORIENTED_EDGE('',*,*,#2237,.F.);
#3256=ORIENTED_EDGE('',*,*,#2235,.T.);
#3257=ORIENTED_EDGE('',*,*,#2237,.T.);
#3258=ORIENTED_EDGE('',*,*,#1900,.T.);
#3259=ORIENTED_EDGE('',*,*,#1913,.F.);
#3260=ORIENTED_EDGE('',*,*,#1893,.F.);
#3261=ORIENTED_EDGE('',*,*,#2234,.T.);
#3262=ORIENTED_EDGE('',*,*,#2238,.F.);
#3263=ORIENTED_EDGE('',*,*,#2239,.F.);
#3264=ORIENTED_EDGE('',*,*,#2232,.T.);
#3265=ORIENTED_EDGE('',*,*,#1910,.T.);
#3266=ORIENTED_EDGE('',*,*,#2052,.F.);
#3267=ORIENTED_EDGE('',*,*,#2204,.T.);
#3268=ORIENTED_EDGE('',*,*,#2240,.T.);
#3269=ORIENTED_EDGE('',*,*,#1905,.T.);
#3270=ORIENTED_EDGE('',*,*,#2219,.F.);
#3271=ORIENTED_EDGE('',*,*,#2241,.T.);
#3272=ORIENTED_EDGE('',*,*,#2242,.F.);
#3273=ORIENTED_EDGE('',*,*,#2243,.F.);
#3274=ORIENTED_EDGE('',*,*,#2244,.F.);
#3275=ORIENTED_EDGE('',*,*,#2245,.F.);
#3276=ORIENTED_EDGE('',*,*,#2246,.F.);
#3277=ORIENTED_EDGE('',*,*,#2241,.F.);
#3278=ORIENTED_EDGE('',*,*,#2247,.F.);
#3279=ORIENTED_EDGE('',*,*,#1906,.T.);
#3280=ORIENTED_EDGE('',*,*,#2240,.F.);
#3281=ORIENTED_EDGE('',*,*,#2229,.T.);
#3282=ORIENTED_EDGE('',*,*,#2248,.T.);
#3283=ORIENTED_EDGE('',*,*,#2249,.F.);
#3284=ORIENTED_EDGE('',*,*,#2248,.F.);
#3285=ORIENTED_EDGE('',*,*,#2217,.T.);
#3286=ORIENTED_EDGE('',*,*,#2239,.T.);
#3287=ORIENTED_EDGE('',*,*,#2250,.F.);
#3288=ORIENTED_EDGE('',*,*,#2238,.T.);
#3289=ORIENTED_EDGE('',*,*,#2251,.F.);
#3290=ORIENTED_EDGE('',*,*,#2242,.T.);
#3291=ORIENTED_EDGE('',*,*,#2251,.T.);
#3292=ORIENTED_EDGE('',*,*,#1909,.T.);
#3293=ORIENTED_EDGE('',*,*,#2252,.F.);
#3294=ORIENTED_EDGE('',*,*,#2243,.T.);
#3295=ORIENTED_EDGE('',*,*,#2253,.F.);
#3296=ORIENTED_EDGE('',*,*,#2247,.T.);
#3297=ORIENTED_EDGE('',*,*,#2254,.F.);
#3298=ORIENTED_EDGE('',*,*,#2245,.T.);
#3299=ORIENTED_EDGE('',*,*,#2253,.T.);
#3300=ORIENTED_EDGE('',*,*,#2244,.T.);
#3301=ORIENTED_EDGE('',*,*,#2252,.T.);
#3302=ORIENTED_EDGE('',*,*,#1896,.T.);
#3303=ORIENTED_EDGE('',*,*,#1844,.T.);
#3304=ORIENTED_EDGE('',*,*,#1907,.T.);
#3305=ORIENTED_EDGE('',*,*,#2254,.T.);
#3306=ORIENTED_EDGE('',*,*,#2249,.T.);
#3307=ORIENTED_EDGE('',*,*,#2250,.T.);
#3308=ORIENTED_EDGE('',*,*,#2246,.T.);
#3309=CYLINDRICAL_SURFACE('',#3608,1.85000000000002);
#3310=CYLINDRICAL_SURFACE('',#3612,1.85000000000002);
#3311=CYLINDRICAL_SURFACE('',#3616,0.3);
#3312=CYLINDRICAL_SURFACE('',#3622,0.3);
#3313=CYLINDRICAL_SURFACE('',#3627,0.3);
#3314=CYLINDRICAL_SURFACE('',#3629,0.3);
#3315=CYLINDRICAL_SURFACE('',#3632,1.);
#3316=CYLINDRICAL_SURFACE('',#3636,1.);
#3317=CYLINDRICAL_SURFACE('',#3640,0.3);
#3318=CYLINDRICAL_SURFACE('',#3646,0.3);
#3319=CYLINDRICAL_SURFACE('',#3653,0.3);
#3320=CYLINDRICAL_SURFACE('',#3656,3.);
#3321=CYLINDRICAL_SURFACE('',#3659,1.);
#3322=CYLINDRICAL_SURFACE('',#3664,1.);
#3323=CYLINDRICAL_SURFACE('',#3679,3.4);
#3324=CYLINDRICAL_SURFACE('',#3681,1.);
#3325=CYLINDRICAL_SURFACE('',#3683,1.);
#3326=CYLINDRICAL_SURFACE('',#3699,1.);
#3327=CYLINDRICAL_SURFACE('',#3701,1.);
#3328=CYLINDRICAL_SURFACE('',#3703,1.);
#3329=CYLINDRICAL_SURFACE('',#3723,5.);
#3330=CYLINDRICAL_SURFACE('',#3727,3.);
#3331=CYLINDRICAL_SURFACE('',#3729,3.);
#3332=CYLINDRICAL_SURFACE('',#3733,0.499999999999994);
#3333=CYLINDRICAL_SURFACE('',#3736,0.500000000000003);
#3334=CYLINDRICAL_SURFACE('',#3738,0.499999999999994);
#3335=CYLINDRICAL_SURFACE('',#3743,2.75);
#3336=CYLINDRICAL_SURFACE('',#3747,1.4);
#3337=CYLINDRICAL_SURFACE('',#3750,0.500000000000003);
#3338=CYLINDRICAL_SURFACE('',#3753,0.500000000000003);
#3339=CYLINDRICAL_SURFACE('',#3756,1.25);
#3340=CYLINDRICAL_SURFACE('',#3761,2.75);
#3341=CYLINDRICAL_SURFACE('',#3763,0.499999999999998);
#3342=CYLINDRICAL_SURFACE('',#3766,0.3);
#3343=CYLINDRICAL_SURFACE('',#3768,1.);
#3344=CYLINDRICAL_SURFACE('',#3772,1.);
#3345=CYLINDRICAL_SURFACE('',#3775,1.);
#3346=CYLINDRICAL_SURFACE('',#3778,1.);
#3347=CYLINDRICAL_SURFACE('',#3802,1.7);
#3348=CYLINDRICAL_SURFACE('',#3806,1.7);
#3349=CYLINDRICAL_SURFACE('',#3811,1.);
#3350=CYLINDRICAL_SURFACE('',#3817,1.);
#3351=CYLINDRICAL_SURFACE('',#3822,1.);
#3352=CYLINDRICAL_SURFACE('',#3824,1.);
#3353=CYLINDRICAL_SURFACE('',#3826,1.);
#3354=CYLINDRICAL_SURFACE('',#3830,1.);
#3355=CYLINDRICAL_SURFACE('',#3836,1.);
#3356=CYLINDRICAL_SURFACE('',#3840,1.);
#3357=CYLINDRICAL_SURFACE('',#3847,1.);
#3358=CYLINDRICAL_SURFACE('',#3850,1.);
#3359=CYLINDRICAL_SURFACE('',#3852,1.);
#3360=CYLINDRICAL_SURFACE('',#3858,1.);
#3361=CYLINDRICAL_SURFACE('',#3860,1.);
#3362=CYLINDRICAL_SURFACE('',#3863,1.);
#3363=CYLINDRICAL_SURFACE('',#3879,1.6999999999994);
#3364=CYLINDRICAL_SURFACE('',#3882,1.70000000000219);
#3365=CYLINDRICAL_SURFACE('',#3885,4.);
#3366=CYLINDRICAL_SURFACE('',#3892,1.69999999999896);
#3367=CYLINDRICAL_SURFACE('',#3895,1.69999999999896);
#3368=CYLINDRICAL_SURFACE('',#3898,11.);
#3369=CYLINDRICAL_SURFACE('',#3900,5.);
#3370=CYLINDRICAL_SURFACE('',#3902,6.);
#3371=CYLINDRICAL_SURFACE('',#3905,1.);
#3372=CYLINDRICAL_SURFACE('',#3913,1.);
#3373=CYLINDRICAL_SURFACE('',#3916,3.);
#3374=CYLINDRICAL_SURFACE('',#3924,1.);
#3375=CYLINDRICAL_SURFACE('',#3936,1.6999999999994);
#3376=CYLINDRICAL_SURFACE('',#3939,1.70000000000219);
#3377=CYLINDRICAL_SURFACE('',#3942,4.);
#3378=CYLINDRICAL_SURFACE('',#3949,1.69999999999896);
#3379=CYLINDRICAL_SURFACE('',#3952,1.69999999999896);
#3380=CYLINDRICAL_SURFACE('',#3956,11.);
#3381=CYLINDRICAL_SURFACE('',#3958,6.);
#3382=CYLINDRICAL_SURFACE('',#3961,1.);
#3383=CYLINDRICAL_SURFACE('',#3965,1.);
#3384=CYLINDRICAL_SURFACE('',#3968,3.);
#3385=ADVANCED_FACE('',(#248),#3309,.F.);
#3386=ADVANCED_FACE('',(#249),#181,.F.);
#3387=ADVANCED_FACE('',(#250),#3310,.F.);
#3388=ADVANCED_FACE('',(#251),#182,.F.);
#3389=ADVANCED_FACE('',(#252),#3311,.F.);
#3390=ADVANCED_FACE('',(#253),#146,.T.);
#3391=ADVANCED_FACE('',(#254),#3312,.F.);
#3392=ADVANCED_FACE('',(#255),#147,.T.);
#3393=ADVANCED_FACE('',(#256),#3313,.F.);
#3394=ADVANCED_FACE('',(#257),#3314,.F.);
#3395=ADVANCED_FACE('',(#258),#183,.T.);
#3396=ADVANCED_FACE('',(#259),#3315,.T.);
#3397=ADVANCED_FACE('',(#260),#184,.F.);
#3398=ADVANCED_FACE('',(#261),#3316,.T.);
#3399=ADVANCED_FACE('',(#262),#185,.F.);
#3400=ADVANCED_FACE('',(#263),#186,.F.);
#3401=ADVANCED_FACE('',(#264),#3317,.F.);
#3402=ADVANCED_FACE('',(#265),#148,.T.);
#3403=ADVANCED_FACE('',(#266),#3318,.F.);
#3404=ADVANCED_FACE('',(#267),#149,.T.);
#3405=ADVANCED_FACE('',(#268),#150,.T.);
#3406=ADVANCED_FACE('',(#269),#151,.T.);
#3407=ADVANCED_FACE('',(#270),#3319,.F.);
#3408=ADVANCED_FACE('',(#271),#187,.T.);
#3409=ADVANCED_FACE('',(#272),#188,.T.);
#3410=ADVANCED_FACE('',(#273),#3320,.T.);
#3411=ADVANCED_FACE('',(#274),#3321,.F.);
#3412=ADVANCED_FACE('',(#275),#189,.T.);
#3413=ADVANCED_FACE('',(#276),#3322,.T.);
#3414=ADVANCED_FACE('',(#277),#190,.F.);
#3415=ADVANCED_FACE('',(#278),#3323,.F.);
#3416=ADVANCED_FACE('',(#279),#3324,.T.);
#3417=ADVANCED_FACE('',(#280),#3325,.T.);
#3418=ADVANCED_FACE('',(#281),#191,.T.);
#3419=ADVANCED_FACE('',(#282,#52,#53,#54,#55),#192,.T.);
#3420=ADVANCED_FACE('',(#283),#3326,.F.);
#3421=ADVANCED_FACE('',(#284),#193,.T.);
#3422=ADVANCED_FACE('',(#285),#3327,.F.);
#3423=ADVANCED_FACE('',(#286),#194,.T.);
#3424=ADVANCED_FACE('',(#287),#3328,.T.);
#3425=ADVANCED_FACE('',(#288),#195,.T.);
#3426=ADVANCED_FACE('',(#289),#40,.F.);
#3427=ADVANCED_FACE('',(#290),#196,.T.);
#3428=ADVANCED_FACE('',(#291),#197,.F.);
#3429=ADVANCED_FACE('',(#292),#198,.F.);
#3430=ADVANCED_FACE('',(#293),#41,.T.);
#3431=ADVANCED_FACE('',(#294),#42,.T.);
#3432=ADVANCED_FACE('',(#295),#3329,.T.);
#3433=ADVANCED_FACE('',(#296),#199,.T.);
#3434=ADVANCED_FACE('',(#297),#200,.T.);
#3435=ADVANCED_FACE('',(#298),#152,.T.);
#3436=ADVANCED_FACE('',(#299),#3330,.T.);
#3437=ADVANCED_FACE('',(#300),#201,.T.);
#3438=ADVANCED_FACE('',(#301),#3331,.T.);
#3439=ADVANCED_FACE('',(#302),#202,.T.);
#3440=ADVANCED_FACE('',(#303),#203,.T.);
#3441=ADVANCED_FACE('',(#304),#3332,.T.);
#3442=ADVANCED_FACE('',(#305),#204,.T.);
#3443=ADVANCED_FACE('',(#306),#3333,.T.);
#3444=ADVANCED_FACE('',(#307),#3334,.T.);
#3445=ADVANCED_FACE('',(#308),#205,.T.);
#3446=ADVANCED_FACE('',(#309),#206,.T.);
#3447=ADVANCED_FACE('',(#310),#3335,.F.);
#3448=ADVANCED_FACE('',(#311),#207,.T.);
#3449=ADVANCED_FACE('',(#312),#3336,.F.);
#3450=ADVANCED_FACE('',(#313),#208,.T.);
#3451=ADVANCED_FACE('',(#314),#3337,.T.);
#3452=ADVANCED_FACE('',(#315),#209,.T.);
#3453=ADVANCED_FACE('',(#316),#3338,.T.);
#3454=ADVANCED_FACE('',(#317,#56,#57),#210,.F.);
#3455=ADVANCED_FACE('',(#318),#3339,.F.);
#3456=ADVANCED_FACE('',(#319,#58),#211,.F.);
#3457=ADVANCED_FACE('',(#320),#3340,.F.);
#3458=ADVANCED_FACE('',(#321),#212,.T.);
#3459=ADVANCED_FACE('',(#322),#3341,.T.);
#3460=ADVANCED_FACE('',(#323),#213,.T.);
#3461=ADVANCED_FACE('',(#324),#214,.T.);
#3462=ADVANCED_FACE('',(#325),#3342,.T.);
#3463=ADVANCED_FACE('',(#326,#59),#215,.F.);
#3464=ADVANCED_FACE('',(#327),#3343,.T.);
#3465=ADVANCED_FACE('',(#328),#216,.F.);
#3466=ADVANCED_FACE('',(#329),#3344,.T.);
#3467=ADVANCED_FACE('',(#330),#217,.F.);
#3468=ADVANCED_FACE('',(#331),#3345,.T.);
#3469=ADVANCED_FACE('',(#332),#3346,.T.);
#3470=ADVANCED_FACE('',(#333),#24,.F.);
#3471=ADVANCED_FACE('',(#334,#60,#61,#62,#63),#218,.T.);
#3472=ADVANCED_FACE('',(#335),#3347,.F.);
#3473=ADVANCED_FACE('',(#336),#25,.F.);
#3474=ADVANCED_FACE('',(#337),#3348,.F.);
#3475=ADVANCED_FACE('',(#338),#153,.T.);
#3476=ADVANCED_FACE('',(#339),#3349,.F.);
#3477=ADVANCED_FACE('',(#340),#43,.F.);
#3478=ADVANCED_FACE('',(#341),#3350,.F.);
#3479=ADVANCED_FACE('',(#342),#154,.T.);
#3480=ADVANCED_FACE('',(#343),#219,.F.);
#3481=ADVANCED_FACE('',(#344),#3351,.T.);
#3482=ADVANCED_FACE('',(#345),#3352,.T.);
#3483=ADVANCED_FACE('',(#346),#3353,.T.);
#3484=ADVANCED_FACE('',(#347),#155,.T.);
#3485=ADVANCED_FACE('',(#348),#3354,.F.);
#3486=ADVANCED_FACE('',(#349),#44,.F.);
#3487=ADVANCED_FACE('',(#350),#3355,.F.);
#3488=ADVANCED_FACE('',(#351),#156,.T.);
#3489=ADVANCED_FACE('',(#352),#3356,.T.);
#3490=ADVANCED_FACE('',(#353),#220,.T.);
#3491=ADVANCED_FACE('',(#354),#3357,.T.);
#3492=ADVANCED_FACE('',(#355),#221,.T.);
#3493=ADVANCED_FACE('',(#356),#3358,.T.);
#3494=ADVANCED_FACE('',(#357),#3359,.T.);
#3495=ADVANCED_FACE('',(#358),#222,.T.);
#3496=ADVANCED_FACE('',(#359),#223,.F.);
#3497=ADVANCED_FACE('',(#360),#224,.T.);
#3498=ADVANCED_FACE('',(#361),#225,.T.);
#3499=ADVANCED_FACE('',(#362),#3360,.T.);
#3500=ADVANCED_FACE('',(#363),#226,.T.);
#3501=ADVANCED_FACE('',(#364),#3361,.T.);
#3502=ADVANCED_FACE('',(#365),#3362,.T.);
#3503=ADVANCED_FACE('',(#366),#23,.T.);
#3504=ADVANCED_FACE('',(#367),#227,.F.);
#3505=ADVANCED_FACE('',(#368),#228,.F.);
#3506=ADVANCED_FACE('',(#369),#229,.F.);
#3507=ADVANCED_FACE('',(#370),#157,.F.);
#3508=ADVANCED_FACE('',(#371),#158,.F.);
#3509=ADVANCED_FACE('',(#372),#26,.T.);
#3510=ADVANCED_FACE('',(#373),#230,.F.);
#3511=ADVANCED_FACE('',(#374),#27,.T.);
#3512=ADVANCED_FACE('',(#375),#28,.F.);
#3513=ADVANCED_FACE('',(#376),#29,.F.);
#3514=ADVANCED_FACE('',(#377),#159,.F.);
#3515=ADVANCED_FACE('',(#378),#231,.T.);
#3516=ADVANCED_FACE('',(#379),#160,.F.);
#3517=ADVANCED_FACE('',(#380),#161,.T.);
#3518=ADVANCED_FACE('',(#381),#3363,.F.);
#3519=ADVANCED_FACE('',(#382),#232,.T.);
#3520=ADVANCED_FACE('',(#383),#3364,.F.);
#3521=ADVANCED_FACE('',(#384),#233,.T.);
#3522=ADVANCED_FACE('',(#385),#3365,.T.);
#3523=ADVANCED_FACE('',(#386,#64),#234,.T.);
#3524=ADVANCED_FACE('',(#387),#30,.F.);
#3525=ADVANCED_FACE('',(#388),#235,.T.);
#3526=ADVANCED_FACE('',(#389),#3366,.F.);
#3527=ADVANCED_FACE('',(#390),#236,.T.);
#3528=ADVANCED_FACE('',(#391),#3367,.F.);
#3529=ADVANCED_FACE('',(#392),#162,.F.);
#3530=ADVANCED_FACE('',(#393),#237,.T.);
#3531=ADVANCED_FACE('',(#394),#3368,.F.);
#3532=ADVANCED_FACE('',(#395),#3369,.T.);
#3533=ADVANCED_FACE('',(#396),#3370,.F.);
#3534=ADVANCED_FACE('',(#397),#163,.T.);
#3535=ADVANCED_FACE('',(#398),#3371,.T.);
#3536=ADVANCED_FACE('',(#399),#45,.T.);
#3537=ADVANCED_FACE('',(#400),#46,.T.);
#3538=ADVANCED_FACE('',(#401),#47,.T.);
#3539=ADVANCED_FACE('',(#402),#3372,.T.);
#3540=ADVANCED_FACE('',(#403),#164,.T.);
#3541=ADVANCED_FACE('',(#404),#3373,.F.);
#3542=ADVANCED_FACE('',(#405),#165,.T.);
#3543=ADVANCED_FACE('',(#406),#48,.T.);
#3544=ADVANCED_FACE('',(#407),#166,.F.);
#3545=ADVANCED_FACE('',(#408),#167,.F.);
#3546=ADVANCED_FACE('',(#409),#168,.F.);
#3547=ADVANCED_FACE('',(#410),#31,.F.);
#3548=ADVANCED_FACE('',(#411),#32,.F.);
#3549=ADVANCED_FACE('',(#412),#3374,.T.);
#3550=ADVANCED_FACE('',(#413),#238,.T.);
#3551=ADVANCED_FACE('',(#414),#169,.T.);
#3552=ADVANCED_FACE('',(#415),#170,.T.);
#3553=ADVANCED_FACE('',(#416),#33,.T.);
#3554=ADVANCED_FACE('',(#417),#239,.T.);
#3555=ADVANCED_FACE('',(#418),#34,.T.);
#3556=ADVANCED_FACE('',(#419),#35,.F.);
#3557=ADVANCED_FACE('',(#420),#36,.F.);
#3558=ADVANCED_FACE('',(#421),#171,.T.);
#3559=ADVANCED_FACE('',(#422),#240,.F.);
#3560=ADVANCED_FACE('',(#423),#172,.T.);
#3561=ADVANCED_FACE('',(#424),#173,.F.);
#3562=ADVANCED_FACE('',(#425),#3375,.F.);
#3563=ADVANCED_FACE('',(#426),#241,.F.);
#3564=ADVANCED_FACE('',(#427),#3376,.F.);
#3565=ADVANCED_FACE('',(#428),#242,.F.);
#3566=ADVANCED_FACE('',(#429),#3377,.T.);
#3567=ADVANCED_FACE('',(#430,#65),#243,.F.);
#3568=ADVANCED_FACE('',(#431),#37,.F.);
#3569=ADVANCED_FACE('',(#432),#244,.F.);
#3570=ADVANCED_FACE('',(#433),#3378,.F.);
#3571=ADVANCED_FACE('',(#434),#245,.F.);
#3572=ADVANCED_FACE('',(#435),#3379,.F.);
#3573=ADVANCED_FACE('',(#436),#174,.T.);
#3574=ADVANCED_FACE('',(#437,#66,#67),#246,.F.);
#3575=ADVANCED_FACE('',(#438),#247,.F.);
#3576=ADVANCED_FACE('',(#439),#3380,.F.);
#3577=ADVANCED_FACE('',(#440),#3381,.F.);
#3578=ADVANCED_FACE('',(#441),#175,.F.);
#3579=ADVANCED_FACE('',(#442),#3382,.T.);
#3580=ADVANCED_FACE('',(#443),#49,.T.);
#3581=ADVANCED_FACE('',(#444),#50,.T.);
#3582=ADVANCED_FACE('',(#445),#3383,.T.);
#3583=ADVANCED_FACE('',(#446),#176,.F.);
#3584=ADVANCED_FACE('',(#447),#3384,.F.);
#3585=ADVANCED_FACE('',(#448),#177,.F.);
#3586=ADVANCED_FACE('',(#449),#51,.T.);
#3587=ADVANCED_FACE('',(#450),#178,.T.);
#3588=ADVANCED_FACE('',(#451),#179,.T.);
#3589=ADVANCED_FACE('',(#452),#180,.T.);
#3590=ADVANCED_FACE('',(#453),#38,.F.);
#3591=ADVANCED_FACE('',(#454),#39,.F.);
#3592=CLOSED_SHELL('',(#3385,#3386,#3387,#3388,#3389,#3390,#3391,#3392,
#3393,#3394,#3395,#3396,#3397,#3398,#3399,#3400,#3401,#3402,#3403,#3404,
#3405,#3406,#3407,#3408,#3409,#3410,#3411,#3412,#3413,#3414,#3415,#3416,
#3417,#3418,#3419,#3420,#3421,#3422,#3423,#3424,#3425,#3426,#3427,#3428,
#3429,#3430,#3431,#3432,#3433,#3434,#3435,#3436,#3437,#3438,#3439,#3440,
#3441,#3442,#3443,#3444,#3445,#3446,#3447,#3448,#3449,#3450,#3451,#3452,
#3453,#3454,#3455,#3456,#3457,#3458,#3459,#3460,#3461,#3462,#3463,#3464,
#3465,#3466,#3467,#3468,#3469,#3470,#3471,#3472,#3473,#3474,#3475,#3476,
#3477,#3478,#3479,#3480,#3481,#3482,#3483,#3484,#3485,#3486,#3487,#3488,
#3489,#3490,#3491,#3492,#3493,#3494,#3495,#3496,#3497,#3498,#3499,#3500,
#3501,#3502,#3503,#3504,#3505,#3506,#3507,#3508,#3509,#3510,#3511,#3512,
#3513,#3514,#3515,#3516,#3517,#3518,#3519,#3520,#3521,#3522,#3523,#3524,
#3525,#3526,#3527,#3528,#3529,#3530,#3531,#3532,#3533,#3534,#3535,#3536,
#3537,#3538,#3539,#3540,#3541,#3542,#3543,#3544,#3545,#3546,#3547,#3548,
#3549,#3550,#3551,#3552,#3553,#3554,#3555,#3556,#3557,#3558,#3559,#3560,
#3561,#3562,#3563,#3564,#3565,#3566,#3567,#3568,#3569,#3570,#3571,#3572,
#3573,#3574,#3575,#3576,#3577,#3578,#3579,#3580,#3581,#3582,#3583,#3584,
#3585,#3586,#3587,#3588,#3589,#3590,#3591));
#3593=DERIVED_UNIT_ELEMENT(#3595,1.);
#3594=DERIVED_UNIT_ELEMENT(#7269,-3.);
#3595=(
MASS_UNIT()
NAMED_UNIT(*)
SI_UNIT(.KILO.,.GRAM.)
);
#3596=DERIVED_UNIT((#3593,#3594));
#3597=MEASURE_REPRESENTATION_ITEM('density measure',
POSITIVE_RATIO_MEASURE(8000.),#3596);
#3598=PROPERTY_DEFINITION_REPRESENTATION(#3603,#3600);
#3599=PROPERTY_DEFINITION_REPRESENTATION(#3604,#3601);
#3600=REPRESENTATION('material name',(#3602),#7266);
#3601=REPRESENTATION('density',(#3597),#7266);
#3602=DESCRIPTIVE_REPRESENTATION_ITEM('Stainless Steel',
'Stainless Steel');
#3603=PROPERTY_DEFINITION('material property','material name',#7286);
#3604=PROPERTY_DEFINITION('material property','density of part',#7286);
#3605=AXIS2_PLACEMENT_3D('',#5003,#3978,#3979);
#3606=AXIS2_PLACEMENT_3D('',#5004,#3980,#3981);
#3607=AXIS2_PLACEMENT_3D('',#5005,#3982,#3983);
#3608=AXIS2_PLACEMENT_3D('',#5006,#3984,#3985);
#3609=AXIS2_PLACEMENT_3D('',#5008,#3986,#3987);
#3610=AXIS2_PLACEMENT_3D('',#5011,#3989,#3990);
#3611=AXIS2_PLACEMENT_3D('',#5012,#3991,#3992);
#3612=AXIS2_PLACEMENT_3D('',#5013,#3993,#3994);
#3613=AXIS2_PLACEMENT_3D('',#5015,#3995,#3996);
#3614=AXIS2_PLACEMENT_3D('',#5018,#3998,#3999);
#3615=AXIS2_PLACEMENT_3D('',#5019,#4000,#4001);
#3616=AXIS2_PLACEMENT_3D('',#5020,#4002,#4003);
#3617=AXIS2_PLACEMENT_3D('',#5023,#4004,#4005);
#3618=AXIS2_PLACEMENT_3D('',#5027,#4007,#4008);
#3619=AXIS2_PLACEMENT_3D('',#5056,#4010,#4011);
#3620=AXIS2_PLACEMENT_3D('',#5057,#4012,#4013);
#3621=AXIS2_PLACEMENT_3D('',#5058,#4014,#4015);
#3622=AXIS2_PLACEMENT_3D('',#5059,#4016,#4017);
#3623=AXIS2_PLACEMENT_3D('',#5062,#4018,#4019);
#3624=AXIS2_PLACEMENT_3D('',#5092,#4022,#4023);
#3625=AXIS2_PLACEMENT_3D('',#5093,#4024,#4025);
#3626=AXIS2_PLACEMENT_3D('',#5094,#4026,#4027);
#3627=AXIS2_PLACEMENT_3D('',#5095,#4028,#4029);
#3628=AXIS2_PLACEMENT_3D('',#5100,#4032,#4033);
#3629=AXIS2_PLACEMENT_3D('',#5101,#4034,#4035);
#3630=AXIS2_PLACEMENT_3D('',#5105,#4037,#4038);
#3631=AXIS2_PLACEMENT_3D('',#5107,#4040,#4041);
#3632=AXIS2_PLACEMENT_3D('',#5121,#4049,#4050);
#3633=AXIS2_PLACEMENT_3D('',#5125,#4052,#4053);
#3634=AXIS2_PLACEMENT_3D('',#5126,#4054,#4055);
#3635=AXIS2_PLACEMENT_3D('',#5127,#4056,#4057);
#3636=AXIS2_PLACEMENT_3D('',#5131,#4060,#4061);
#3637=AXIS2_PLACEMENT_3D('',#5134,#4063,#4064);
#3638=AXIS2_PLACEMENT_3D('',#5135,#4065,#4066);
#3639=AXIS2_PLACEMENT_3D('',#5139,#4069,#4070);
#3640=AXIS2_PLACEMENT_3D('',#5162,#4077,#4078);
#3641=AXIS2_PLACEMENT_3D('',#5167,#4080,#4081);
#3642=AXIS2_PLACEMENT_3D('',#5170,#4083,#4084);
#3643=AXIS2_PLACEMENT_3D('',#5198,#4085,#4086);
#3644=AXIS2_PLACEMENT_3D('',#5199,#4087,#4088);
#3645=AXIS2_PLACEMENT_3D('',#5200,#4089,#4090);
#3646=AXIS2_PLACEMENT_3D('',#5201,#4091,#4092);
#3647=AXIS2_PLACEMENT_3D('',#5204,#4093,#4094);
#3648=AXIS2_PLACEMENT_3D('',#5235,#4097,#4098);
#3649=AXIS2_PLACEMENT_3D('',#5269,#4100,#4101);
#3650=AXIS2_PLACEMENT_3D('',#5304,#4102,#4103);
#3651=AXIS2_PLACEMENT_3D('',#5305,#4104,#4105);
#3652=AXIS2_PLACEMENT_3D('',#5306,#4106,#4107);
#3653=AXIS2_PLACEMENT_3D('',#5307,#4108,#4109);
#3654=AXIS2_PLACEMENT_3D('',#5310,#4112,#4113);
#3655=AXIS2_PLACEMENT_3D('',#5319,#4119,#4120);
#3656=AXIS2_PLACEMENT_3D('',#5323,#4123,#4124);
#3657=AXIS2_PLACEMENT_3D('',#5325,#4125,#4126);
#3658=AXIS2_PLACEMENT_3D('',#5328,#4128,#4129);
#3659=AXIS2_PLACEMENT_3D('',#5329,#4130,#4131);
#3660=AXIS2_PLACEMENT_3D('',#5332,#4132,#4133);
#3661=AXIS2_PLACEMENT_3D('',#5336,#4135,#4136);
#3662=AXIS2_PLACEMENT_3D('',#5338,#4138,#4139);
#3663=AXIS2_PLACEMENT_3D('',#5344,#4142,#4143);
#3664=AXIS2_PLACEMENT_3D('',#5348,#4146,#4147);
#3665=AXIS2_PLACEMENT_3D('',#5351,#4148,#4149);
#3666=AXIS2_PLACEMENT_3D('',#5355,#4151,#4152);
#3667=AXIS2_PLACEMENT_3D('',#5357,#4154,#4155);
#3668=AXIS2_PLACEMENT_3D('',#5361,#4158,#4159);
#3669=AXIS2_PLACEMENT_3D('',#5363,#4160,#4161);
#3670=AXIS2_PLACEMENT_3D('',#5367,#4163,#4164);
#3671=AXIS2_PLACEMENT_3D('',#5371,#4166,#4167);
#3672=AXIS2_PLACEMENT_3D('',#5375,#4169,#4170);
#3673=AXIS2_PLACEMENT_3D('',#5379,#4172,#4173);
#3674=AXIS2_PLACEMENT_3D('',#5383,#4175,#4176);
#3675=AXIS2_PLACEMENT_3D('',#5387,#4178,#4179);
#3676=AXIS2_PLACEMENT_3D('',#5389,#4180,#4181);
#3677=AXIS2_PLACEMENT_3D('',#5393,#4183,#4184);
#3678=AXIS2_PLACEMENT_3D('',#5399,#4187,#4188);
#3679=AXIS2_PLACEMENT_3D('',#5401,#4190,#4191);
#3680=AXIS2_PLACEMENT_3D('',#5403,#4192,#4193);
#3681=AXIS2_PLACEMENT_3D('',#5405,#4195,#4196);
#3682=AXIS2_PLACEMENT_3D('',#5417,#4198,#4199);
#3683=AXIS2_PLACEMENT_3D('',#5418,#4200,#4201);
#3684=AXIS2_PLACEMENT_3D('',#5421,#4202,#4203);
#3685=AXIS2_PLACEMENT_3D('',#5424,#4206,#4207);
#3686=AXIS2_PLACEMENT_3D('',#5428,#4210,#4211);
#3687=AXIS2_PLACEMENT_3D('',#5432,#4213,#4214);
#3688=AXIS2_PLACEMENT_3D('',#5436,#4216,#4217);
#3689=AXIS2_PLACEMENT_3D('',#5440,#4219,#4220);
#3690=AXIS2_PLACEMENT_3D('',#5444,#4222,#4223);
#3691=AXIS2_PLACEMENT_3D('',#5448,#4225,#4226);
#3692=AXIS2_PLACEMENT_3D('',#5458,#4229,#4230);
#3693=AXIS2_PLACEMENT_3D('',#5460,#4231,#4232);
#3694=AXIS2_PLACEMENT_3D('',#5468,#4237,#4238);
#3695=AXIS2_PLACEMENT_3D('',#5472,#4240,#4241);
#3696=AXIS2_PLACEMENT_3D('',#5481,#4246,#4247);
#3697=AXIS2_PLACEMENT_3D('',#5483,#4248,#4249);
#3698=AXIS2_PLACEMENT_3D('',#5485,#4250,#4251);
#3699=AXIS2_PLACEMENT_3D('',#5486,#4252,#4253);
#3700=AXIS2_PLACEMENT_3D('',#5489,#4256,#4257);
#3701=AXIS2_PLACEMENT_3D('',#5491,#4259,#4260);
#3702=AXIS2_PLACEMENT_3D('',#5494,#4263,#4264);
#3703=AXIS2_PLACEMENT_3D('',#5496,#4266,#4267);
#3704=AXIS2_PLACEMENT_3D('',#5498,#4269,#4270);
#3705=AXIS2_PLACEMENT_3D('',#5499,#4271,#4272);
#3706=AXIS2_PLACEMENT_3D('',#5501,#4273,#4274);
#3707=AXIS2_PLACEMENT_3D('',#5513,#4275,#4276);
#3708=AXIS2_PLACEMENT_3D('',#5514,#4277,#4278);
#3709=AXIS2_PLACEMENT_3D('',#5517,#4279,#4280);
#3710=AXIS2_PLACEMENT_3D('',#5520,#4283,#4284);
#3711=AXIS2_PLACEMENT_3D('',#5522,#4285,#4286);
#3712=AXIS2_PLACEMENT_3D('',#5523,#4287,#4288);
#3713=AXIS2_PLACEMENT_3D('',#5524,#4289,#4290);
#3714=AXIS2_PLACEMENT_3D('',#5528,#4292,#4293);
#3715=AXIS2_PLACEMENT_3D('',#5530,#4294,#4295);
#3716=AXIS2_PLACEMENT_3D('',#5532,#4296,#4297);
#3717=AXIS2_PLACEMENT_3D('',#5550,#4301,#4302);
#3718=AXIS2_PLACEMENT_3D('',#5551,#4303,#4304);
#3719=AXIS2_PLACEMENT_3D('',#5567,#4305,#4306);
#3720=AXIS2_PLACEMENT_3D('',#5568,#4307,#4308);
#3721=AXIS2_PLACEMENT_3D('',#5569,#4309,#4310);
#3722=AXIS2_PLACEMENT_3D('',#5574,#4311,#4312);
#3723=AXIS2_PLACEMENT_3D('',#5575,#4313,#4314);
#3724=AXIS2_PLACEMENT_3D('',#5580,#4317,#4318);
#3725=AXIS2_PLACEMENT_3D('',#5582,#4320,#4321);
#3726=AXIS2_PLACEMENT_3D('',#5583,#4322,#4323);
#3727=AXIS2_PLACEMENT_3D('',#5625,#4325,#4326);
#3728=AXIS2_PLACEMENT_3D('',#5634,#4327,#4328);
#3729=AXIS2_PLACEMENT_3D('',#5638,#4331,#4332);
#3730=AXIS2_PLACEMENT_3D('',#5641,#4334,#4335);
#3731=AXIS2_PLACEMENT_3D('',#5642,#4336,#4337);
#3732=AXIS2_PLACEMENT_3D('',#5646,#4340,#4341);
#3733=AXIS2_PLACEMENT_3D('',#5650,#4344,#4345);
#3734=AXIS2_PLACEMENT_3D('',#5653,#4347,#4348);
#3735=AXIS2_PLACEMENT_3D('',#5654,#4349,#4350);
#3736=AXIS2_PLACEMENT_3D('',#5658,#4353,#4354);
#3737=AXIS2_PLACEMENT_3D('',#5661,#4356,#4357);
#3738=AXIS2_PLACEMENT_3D('',#5662,#4358,#4359);
#3739=AXIS2_PLACEMENT_3D('',#5665,#4360,#4361);
#3740=AXIS2_PLACEMENT_3D('',#5668,#4363,#4364);
#3741=AXIS2_PLACEMENT_3D('',#5670,#4366,#4367);
#3742=AXIS2_PLACEMENT_3D('',#5676,#4371,#4372);
#3743=AXIS2_PLACEMENT_3D('',#5682,#4376,#4377);
#3744=AXIS2_PLACEMENT_3D('',#5684,#4378,#4379);
#3745=AXIS2_PLACEMENT_3D('',#5687,#4381,#4382);
#3746=AXIS2_PLACEMENT_3D('',#5688,#4383,#4384);
#3747=AXIS2_PLACEMENT_3D('',#5693,#4388,#4389);
#3748=AXIS2_PLACEMENT_3D('',#5696,#4391,#4392);
#3749=AXIS2_PLACEMENT_3D('',#5697,#4393,#4394);
#3750=AXIS2_PLACEMENT_3D('',#5701,#4397,#4398);
#3751=AXIS2_PLACEMENT_3D('',#5704,#4400,#4401);
#3752=AXIS2_PLACEMENT_3D('',#5705,#4402,#4403);
#3753=AXIS2_PLACEMENT_3D('',#5709,#4406,#4407);
#3754=AXIS2_PLACEMENT_3D('',#5710,#4408,#4409);
#3755=AXIS2_PLACEMENT_3D('',#5711,#4410,#4411);
#3756=AXIS2_PLACEMENT_3D('',#5712,#4412,#4413);
#3757=AXIS2_PLACEMENT_3D('',#5714,#4414,#4415);
#3758=AXIS2_PLACEMENT_3D('',#5717,#4417,#4418);
#3759=AXIS2_PLACEMENT_3D('',#5718,#4419,#4420);
#3760=AXIS2_PLACEMENT_3D('',#5720,#4421,#4422);
#3761=AXIS2_PLACEMENT_3D('',#5721,#4423,#4424);
#3762=AXIS2_PLACEMENT_3D('',#5723,#4426,#4427);
#3763=AXIS2_PLACEMENT_3D('',#5724,#4428,#4429);
#3764=AXIS2_PLACEMENT_3D('',#5726,#4431,#4432);
#3765=AXIS2_PLACEMENT_3D('',#5728,#4434,#4435);
#3766=AXIS2_PLACEMENT_3D('',#5729,#4436,#4437);
#3767=AXIS2_PLACEMENT_3D('',#5730,#4438,#4439);
#3768=AXIS2_PLACEMENT_3D('',#5731,#4440,#4441);
#3769=AXIS2_PLACEMENT_3D('',#5735,#4443,#4444);
#3770=AXIS2_PLACEMENT_3D('',#5737,#4445,#4446);
#3771=AXIS2_PLACEMENT_3D('',#5739,#4448,#4449);
#3772=AXIS2_PLACEMENT_3D('',#5741,#4451,#4452);
#3773=AXIS2_PLACEMENT_3D('',#5744,#4454,#4455);
#3774=AXIS2_PLACEMENT_3D('',#5745,#4456,#4457);
#3775=AXIS2_PLACEMENT_3D('',#5755,#4463,#4464);
#3776=AXIS2_PLACEMENT_3D('',#5758,#4465,#4466);
#3777=AXIS2_PLACEMENT_3D('',#5762,#4468,#4469);
#3778=AXIS2_PLACEMENT_3D('',#5764,#4471,#4472);
#3779=AXIS2_PLACEMENT_3D('',#5767,#4473,#4474);
#3780=AXIS2_PLACEMENT_3D('',#5771,#4476,#4477);
#3781=AXIS2_PLACEMENT_3D('',#5773,#4479,#4480);
#3782=AXIS2_PLACEMENT_3D('',#5775,#4481,#4482);
#3783=AXIS2_PLACEMENT_3D('',#5778,#4484,#4485);
#3784=AXIS2_PLACEMENT_3D('',#5779,#4486,#4487);
#3785=AXIS2_PLACEMENT_3D('',#5785,#4490,#4491);
#3786=AXIS2_PLACEMENT_3D('',#5787,#4492,#4493);
#3787=AXIS2_PLACEMENT_3D('',#5789,#4494,#4495);
#3788=AXIS2_PLACEMENT_3D('',#5793,#4497,#4498);
#3789=AXIS2_PLACEMENT_3D('',#5833,#4501,#4502);
#3790=AXIS2_PLACEMENT_3D('',#5837,#4504,#4505);
#3791=AXIS2_PLACEMENT_3D('',#5839,#4506,#4507);
#3792=AXIS2_PLACEMENT_3D('',#5840,#4508,#4509);
#3793=AXIS2_PLACEMENT_3D('',#5842,#4510,#4511);
#3794=AXIS2_PLACEMENT_3D('',#5847,#4513,#4514);
#3795=AXIS2_PLACEMENT_3D('',#5851,#4516,#4517);
#3796=AXIS2_PLACEMENT_3D('',#5855,#4519,#4520);
#3797=AXIS2_PLACEMENT_3D('',#5858,#4522,#4523);
#3798=AXIS2_PLACEMENT_3D('',#5863,#4525,#4526);
#3799=AXIS2_PLACEMENT_3D('',#5867,#4528,#4529);
#3800=AXIS2_PLACEMENT_3D('',#5871,#4531,#4532);
#3801=AXIS2_PLACEMENT_3D('',#5874,#4534,#4535);
#3802=AXIS2_PLACEMENT_3D('',#5875,#4536,#4537);
#3803=AXIS2_PLACEMENT_3D('',#5878,#4539,#4540);
#3804=AXIS2_PLACEMENT_3D('',#5879,#4541,#4542);
#3805=AXIS2_PLACEMENT_3D('',#5881,#4543,#4544);
#3806=AXIS2_PLACEMENT_3D('',#5883,#4546,#4547);
#3807=AXIS2_PLACEMENT_3D('',#5885,#4548,#4549);
#3808=AXIS2_PLACEMENT_3D('',#5918,#4551,#4552);
#3809=AXIS2_PLACEMENT_3D('',#5919,#4553,#4554);
#3810=AXIS2_PLACEMENT_3D('',#5920,#4555,#4556);
#3811=AXIS2_PLACEMENT_3D('',#5921,#4557,#4558);
#3812=AXIS2_PLACEMENT_3D('',#5923,#4559,#4560);
#3813=AXIS2_PLACEMENT_3D('',#5925,#4562,#4563);
#3814=AXIS2_PLACEMENT_3D('',#5928,#4564,#4565);
#3815=AXIS2_PLACEMENT_3D('',#5929,#4566,#4567);
#3816=AXIS2_PLACEMENT_3D('',#5930,#4568,#4569);
#3817=AXIS2_PLACEMENT_3D('',#5931,#4570,#4571);
#3818=AXIS2_PLACEMENT_3D('',#5934,#4572,#4573);
#3819=AXIS2_PLACEMENT_3D('',#5979,#4576,#4577);
#3820=AXIS2_PLACEMENT_3D('',#5980,#4578,#4579);
#3821=AXIS2_PLACEMENT_3D('',#5981,#4580,#4581);
#3822=AXIS2_PLACEMENT_3D('',#5987,#4585,#4586);
#3823=AXIS2_PLACEMENT_3D('',#5988,#4587,#4588);
#3824=AXIS2_PLACEMENT_3D('',#5989,#4589,#4590);
#3825=AXIS2_PLACEMENT_3D('',#5990,#4591,#4592);
#3826=AXIS2_PLACEMENT_3D('',#5991,#4593,#4594);
#3827=AXIS2_PLACEMENT_3D('',#6020,#4596,#4597);
#3828=AXIS2_PLACEMENT_3D('',#6021,#4598,#4599);
#3829=AXIS2_PLACEMENT_3D('',#6022,#4600,#4601);
#3830=AXIS2_PLACEMENT_3D('',#6023,#4602,#4603);
#3831=AXIS2_PLACEMENT_3D('',#6026,#4604,#4605);
#3832=AXIS2_PLACEMENT_3D('',#6029,#4608,#4609);
#3833=AXIS2_PLACEMENT_3D('',#6032,#4610,#4611);
#3834=AXIS2_PLACEMENT_3D('',#6033,#4612,#4613);
#3835=AXIS2_PLACEMENT_3D('',#6034,#4614,#4615);
#3836=AXIS2_PLACEMENT_3D('',#6035,#4616,#4617);
#3837=AXIS2_PLACEMENT_3D('',#6038,#4618,#4619);
#3838=AXIS2_PLACEMENT_3D('',#6071,#4622,#4623);
#3839=AXIS2_PLACEMENT_3D('',#6072,#4624,#4625);
#3840=AXIS2_PLACEMENT_3D('',#6073,#4626,#4627);
#3841=AXIS2_PLACEMENT_3D('',#6076,#4629,#4630);
#3842=AXIS2_PLACEMENT_3D('',#6077,#4631,#4632);
#3843=AXIS2_PLACEMENT_3D('',#6081,#4634,#4635);
#3844=AXIS2_PLACEMENT_3D('',#6083,#4636,#4637);
#3845=AXIS2_PLACEMENT_3D('',#6085,#4638,#4639);
#3846=AXIS2_PLACEMENT_3D('',#6087,#4640,#4641);
#3847=AXIS2_PLACEMENT_3D('',#6098,#4642,#4643);
#3848=AXIS2_PLACEMENT_3D('',#6101,#4645,#4646);
#3849=AXIS2_PLACEMENT_3D('',#6102,#4647,#4648);
#3850=AXIS2_PLACEMENT_3D('',#6104,#4650,#4651);
#3851=AXIS2_PLACEMENT_3D('',#6106,#4652,#4653);
#3852=AXIS2_PLACEMENT_3D('',#6108,#4655,#4656);
#3853=AXIS2_PLACEMENT_3D('',#6110,#4657,#4658);
#3854=AXIS2_PLACEMENT_3D('',#6112,#4660,#4661);
#3855=AXIS2_PLACEMENT_3D('',#6121,#4668,#4669);
#3856=AXIS2_PLACEMENT_3D('',#6123,#4671,#4672);
#3857=AXIS2_PLACEMENT_3D('',#6126,#4675,#4676);
#3858=AXIS2_PLACEMENT_3D('',#6127,#4677,#4678);
#3859=AXIS2_PLACEMENT_3D('',#6130,#4681,#4682);
#3860=AXIS2_PLACEMENT_3D('',#6132,#4684,#4685);
#3861=AXIS2_PLACEMENT_3D('',#6135,#4687,#4688);
#3862=AXIS2_PLACEMENT_3D('',#6136,#4689,#4690);
#3863=AXIS2_PLACEMENT_3D('',#6137,#4691,#4692);
#3864=AXIS2_PLACEMENT_3D('',#6139,#4694,#4695);
#3865=AXIS2_PLACEMENT_3D('',#6140,#4696,#4697);
#3866=AXIS2_PLACEMENT_3D('',#6141,#4698,#4699);
#3867=AXIS2_PLACEMENT_3D('',#6142,#4700,#4701);
#3868=AXIS2_PLACEMENT_3D('',#6237,#4708,#4709);
#3869=AXIS2_PLACEMENT_3D('',#6240,#4711,#4712);
#3870=AXIS2_PLACEMENT_3D('',#6241,#4713,#4714);
#3871=AXIS2_PLACEMENT_3D('',#6245,#4717,#4718);
#3872=AXIS2_PLACEMENT_3D('',#6248,#4720,#4721);
#3873=AXIS2_PLACEMENT_3D('',#6249,#4722,#4723);
#3874=AXIS2_PLACEMENT_3D('',#6252,#4725,#4726);
#3875=AXIS2_PLACEMENT_3D('',#6253,#4727,#4728);
#3876=AXIS2_PLACEMENT_3D('',#6254,#4729,#4730);
#3877=AXIS2_PLACEMENT_3D('',#6300,#4731,#4732);
#3878=AXIS2_PLACEMENT_3D('',#6379,#4737,#4738);
#3879=AXIS2_PLACEMENT_3D('',#6404,#4740,#4741);
#3880=AXIS2_PLACEMENT_3D('',#6409,#4744,#4745);
#3881=AXIS2_PLACEMENT_3D('',#6410,#4746,#4747);
#3882=AXIS2_PLACEMENT_3D('',#6414,#4750,#4751);
#3883=AXIS2_PLACEMENT_3D('',#6417,#4753,#4754);
#3884=AXIS2_PLACEMENT_3D('',#6418,#4755,#4756);
#3885=AXIS2_PLACEMENT_3D('',#6422,#4759,#4760);
#3886=AXIS2_PLACEMENT_3D('',#6426,#4762,#4763);
#3887=AXIS2_PLACEMENT_3D('',#6428,#4765,#4766);
#3888=AXIS2_PLACEMENT_3D('',#6430,#4767,#4768);
#3889=AXIS2_PLACEMENT_3D('',#6432,#4769,#4770);
#3890=AXIS2_PLACEMENT_3D('',#6433,#4771,#4772);
#3891=AXIS2_PLACEMENT_3D('',#6435,#4774,#4775);
#3892=AXIS2_PLACEMENT_3D('',#6439,#4778,#4779);
#3893=AXIS2_PLACEMENT_3D('',#6441,#4780,#4781);
#3894=AXIS2_PLACEMENT_3D('',#6443,#4783,#4784);
#3895=AXIS2_PLACEMENT_3D('',#6447,#4787,#4788);
#3896=AXIS2_PLACEMENT_3D('',#6448,#4789,#4790);
#3897=AXIS2_PLACEMENT_3D('',#6469,#4791,#4792);
#3898=AXIS2_PLACEMENT_3D('',#6473,#4795,#4796);
#3899=AXIS2_PLACEMENT_3D('',#6477,#4798,#4799);
#3900=AXIS2_PLACEMENT_3D('',#6479,#4801,#4802);
#3901=AXIS2_PLACEMENT_3D('',#6480,#4803,#4804);
#3902=AXIS2_PLACEMENT_3D('',#6481,#4805,#4806);
#3903=AXIS2_PLACEMENT_3D('',#6482,#4807,#4808);
#3904=AXIS2_PLACEMENT_3D('',#6509,#4809,#4810);
#3905=AXIS2_PLACEMENT_3D('',#6515,#4811,#4812);
#3906=AXIS2_PLACEMENT_3D('',#6517,#4813,#4814);
#3907=AXIS2_PLACEMENT_3D('',#6519,#4816,#4817);
#3908=AXIS2_PLACEMENT_3D('',#6520,#4818,#4819);
#3909=AXIS2_PLACEMENT_3D('',#6521,#4820,#4821);
#3910=AXIS2_PLACEMENT_3D('',#6522,#4822,#4823);
#3911=AXIS2_PLACEMENT_3D('',#6523,#4824,#4825);
#3912=AXIS2_PLACEMENT_3D('',#6529,#4826,#4827);
#3913=AXIS2_PLACEMENT_3D('',#6530,#4828,#4829);
#3914=AXIS2_PLACEMENT_3D('',#6538,#4830,#4831);
#3915=AXIS2_PLACEMENT_3D('',#6564,#4832,#4833);
#3916=AXIS2_PLACEMENT_3D('',#6565,#4834,#4835);
#3917=AXIS2_PLACEMENT_3D('',#6568,#4836,#4837);
#3918=AXIS2_PLACEMENT_3D('',#6581,#4838,#4839);
#3919=AXIS2_PLACEMENT_3D('',#6648,#4841,#4842);
#3920=AXIS2_PLACEMENT_3D('',#6649,#4843,#4844);
#3921=AXIS2_PLACEMENT_3D('',#6650,#4845,#4846);
#3922=AXIS2_PLACEMENT_3D('',#6708,#4852,#4853);
#3923=AXIS2_PLACEMENT_3D('',#6709,#4854,#4855);
#3924=AXIS2_PLACEMENT_3D('',#6710,#4856,#4857);
#3925=AXIS2_PLACEMENT_3D('',#6712,#4859,#4860);
#3926=AXIS2_PLACEMENT_3D('',#6805,#4866,#4867);
#3927=AXIS2_PLACEMENT_3D('',#6808,#4869,#4870);
#3928=AXIS2_PLACEMENT_3D('',#6809,#4871,#4872);
#3929=AXIS2_PLACEMENT_3D('',#6812,#4875,#4876);
#3930=AXIS2_PLACEMENT_3D('',#6814,#4878,#4879);
#3931=AXIS2_PLACEMENT_3D('',#6817,#4881,#4882);
#3932=AXIS2_PLACEMENT_3D('',#6818,#4883,#4884);
#3933=AXIS2_PLACEMENT_3D('',#6819,#4885,#4886);
#3934=AXIS2_PLACEMENT_3D('',#6865,#4887,#4888);
#3935=AXIS2_PLACEMENT_3D('',#6941,#4893,#4894);
#3936=AXIS2_PLACEMENT_3D('',#6967,#4895,#4896);
#3937=AXIS2_PLACEMENT_3D('',#6971,#4898,#4899);
#3938=AXIS2_PLACEMENT_3D('',#6973,#4901,#4902);
#3939=AXIS2_PLACEMENT_3D('',#6977,#4905,#4906);
#3940=AXIS2_PLACEMENT_3D('',#6979,#4907,#4908);
#3941=AXIS2_PLACEMENT_3D('',#6981,#4910,#4911);
#3942=AXIS2_PLACEMENT_3D('',#6985,#4914,#4915);
#3943=AXIS2_PLACEMENT_3D('',#6989,#4917,#4918);
#3944=AXIS2_PLACEMENT_3D('',#6991,#4920,#4921);
#3945=AXIS2_PLACEMENT_3D('',#6993,#4922,#4923);
#3946=AXIS2_PLACEMENT_3D('',#6995,#4924,#4925);
#3947=AXIS2_PLACEMENT_3D('',#6996,#4926,#4927);
#3948=AXIS2_PLACEMENT_3D('',#6998,#4929,#4930);
#3949=AXIS2_PLACEMENT_3D('',#7002,#4933,#4934);
#3950=AXIS2_PLACEMENT_3D('',#7005,#4936,#4937);
#3951=AXIS2_PLACEMENT_3D('',#7006,#4938,#4939);
#3952=AXIS2_PLACEMENT_3D('',#7010,#4942,#4943);
#3953=AXIS2_PLACEMENT_3D('',#7011,#4944,#4945);
#3954=AXIS2_PLACEMENT_3D('',#7032,#4946,#4947);
#3955=AXIS2_PLACEMENT_3D('',#7040,#4949,#4950);
#3956=AXIS2_PLACEMENT_3D('',#7042,#4952,#4953);
#3957=AXIS2_PLACEMENT_3D('',#7045,#4955,#4956);
#3958=AXIS2_PLACEMENT_3D('',#7046,#4957,#4958);
#3959=AXIS2_PLACEMENT_3D('',#7047,#4959,#4960);
#3960=AXIS2_PLACEMENT_3D('',#7073,#4961,#4962);
#3961=AXIS2_PLACEMENT_3D('',#7074,#4963,#4964);
#3962=AXIS2_PLACEMENT_3D('',#7075,#4965,#4966);
#3963=AXIS2_PLACEMENT_3D('',#7076,#4967,#4968);
#3964=AXIS2_PLACEMENT_3D('',#7077,#4969,#4970);
#3965=AXIS2_PLACEMENT_3D('',#7078,#4971,#4972);
#3966=AXIS2_PLACEMENT_3D('',#7086,#4973,#4974);
#3967=AXIS2_PLACEMENT_3D('',#7112,#4975,#4976);
#3968=AXIS2_PLACEMENT_3D('',#7113,#4977,#4978);
#3969=AXIS2_PLACEMENT_3D('',#7131,#4980,#4981);
#3970=AXIS2_PLACEMENT_3D('',#7143,#4982,#4983);
#3971=AXIS2_PLACEMENT_3D('',#7196,#4984,#4985);
#3972=AXIS2_PLACEMENT_3D('',#7197,#4986,#4987);
#3973=AXIS2_PLACEMENT_3D('',#7198,#4988,#4989);
#3974=AXIS2_PLACEMENT_3D('',#7256,#4995,#4996);
#3975=AXIS2_PLACEMENT_3D('',#7257,#4997,#4998);
#3976=AXIS2_PLACEMENT_3D('',#7258,#4999,#5000);
#3977=AXIS2_PLACEMENT_3D('',#7259,#5001,#5002);
#3978=DIRECTION('axis',(0.,0.,1.));
#3979=DIRECTION('refdir',(1.,0.,0.));
#3980=DIRECTION('axis',(0.,0.,1.));
#3981=DIRECTION('refdir',(1.,0.,0.));
#3982=DIRECTION('axis',(0.,0.,1.));
#3983=DIRECTION('refdir',(1.,0.,0.));
#3984=DIRECTION('center_axis',(0.,-1.,0.));
#3985=DIRECTION('ref_axis',(-1.,0.,1.04085102624503E-16));
#3986=DIRECTION('center_axis',(2.77555756156289E-17,1.,3.22650846367967E-25));
#3987=DIRECTION('ref_axis',(-1.,2.77555756156289E-17,1.04085102624503E-16));
#3988=DIRECTION('',(0.,-1.,0.));
#3989=DIRECTION('center_axis',(2.77555756156288E-17,1.,5.5769784139023E-17));
#3990=DIRECTION('ref_axis',(-1.,0.,1.04085102624503E-16));
#3991=DIRECTION('center_axis',(2.77555756156289E-17,1.,3.22650846367967E-25));
#3992=DIRECTION('ref_axis',(-1.,2.77555756156289E-17,1.04085102624503E-16));
#3993=DIRECTION('center_axis',(0.,-1.,0.));
#3994=DIRECTION('ref_axis',(-1.,0.,1.04085102624503E-16));
#3995=DIRECTION('center_axis',(2.77555756156289E-17,1.,3.22650846367967E-25));
#3996=DIRECTION('ref_axis',(-1.,2.77555756156289E-17,1.04085102624503E-16));
#3997=DIRECTION('',(0.,-1.,0.));
#3998=DIRECTION('center_axis',(2.77555756156288E-17,1.,5.5769784139023E-17));
#3999=DIRECTION('ref_axis',(-1.,0.,1.04085102624503E-16));
#4000=DIRECTION('center_axis',(2.77555756156289E-17,1.,3.22650846367967E-25));
#4001=DIRECTION('ref_axis',(-1.,2.77555756156289E-17,1.04085102624503E-16));
#4002=DIRECTION('center_axis',(-9.58474710098259E-16,0.999999999999996,
-9.34974067448434E-8));
#4003=DIRECTION('ref_axis',(0.707106783486894,6.61126579518209E-8,0.707106778886198));
#4004=DIRECTION('center_axis',(-6.08328302989346E-16,0.999999999999996,
-9.34974024128604E-8));
#4005=DIRECTION('ref_axis',(-1.11022302462516E-14,9.34974024128605E-8,0.999999999999996));
#4006=DIRECTION('',(9.58474710098259E-16,-0.999999999999996,9.34974067448434E-8));
#4007=DIRECTION('center_axis',(-2.77555756156288E-17,-1.,-5.5769784139023E-17));
#4008=DIRECTION('ref_axis',(0.7071067788862,1.98090317962055E-17,-0.707106783486895));
#4009=DIRECTION('',(-9.58474710098258E-16,0.999999999999996,-9.34974067448434E-8));
#4010=DIRECTION('center_axis',(1.,6.92019902240015E-22,7.40148683083425E-15));
#4011=DIRECTION('ref_axis',(-7.40148683083428E-15,9.34974024128591E-8,0.999999999999996));
#4012=DIRECTION('center_axis',(-1.01865393077807E-14,9.34974067448434E-8,
0.999999999999996));
#4013=DIRECTION('ref_axis',(-0.707106781186545,0.707106781186547,-6.61126575356069E-8));
#4014=DIRECTION('center_axis',(1.01865393077807E-14,-9.34974067448434E-8,
-0.999999999999996));
#4015=DIRECTION('ref_axis',(-0.707106781186545,0.707106781186547,-6.61126575356069E-8));
#4016=DIRECTION('center_axis',(1.,3.50146190188472E-16,1.0186539275043E-14));
#4017=DIRECTION('ref_axis',(-7.85046266041779E-15,-0.707106748130216,0.707106814242877));
#4018=DIRECTION('center_axis',(1.,0.,1.48029736616688E-14));
#4019=DIRECTION('ref_axis',(-1.48029736616688E-14,9.34974024128605E-8,0.999999999999996));
#4020=DIRECTION('',(-1.,-3.50146190188472E-16,-1.0186539275043E-14));
#4021=DIRECTION('',(1.,3.50146190188472E-16,1.0186539275043E-14));
#4022=DIRECTION('center_axis',(-1.38403958535203E-21,-0.999999999999996,
9.34974024128605E-8));
#4023=DIRECTION('ref_axis',(1.48029736616688E-14,9.34974024128605E-8,0.999999999999996));
#4024=DIRECTION('center_axis',(-1.01865393077807E-14,9.34974067448434E-8,
0.999999999999996));
#4025=DIRECTION('ref_axis',(-3.20447193482554E-14,0.999999999999996,-9.34974067448434E-8));
#4026=DIRECTION('center_axis',(1.01865393077807E-14,-9.34974067448434E-8,
-0.999999999999996));
#4027=DIRECTION('ref_axis',(-3.20447193482554E-14,0.999999999999996,-9.34974067448434E-8));
#4028=DIRECTION('center_axis',(-8.83201973797525E-16,-0.999999999999996,
9.34974067448434E-8));
#4029=DIRECTION('ref_axis',(-0.707106778886204,6.61126365871012E-8,0.707106783486888));
#4030=DIRECTION('',(8.83201973797525E-16,0.999999999999996,-9.34974067448434E-8));
#4031=DIRECTION('',(-8.83201973797525E-16,-0.999999999999996,9.34974067448434E-8));
#4032=DIRECTION('center_axis',(-0.382683432364943,-0.923879532511344,8.63803444435305E-8));
#4033=DIRECTION('ref_axis',(-0.923879532511348,0.382683432364941,-3.57798988515596E-8));
#4034=DIRECTION('center_axis',(-0.707106781186545,-0.707106781186547,6.61126431296648E-8));
#4035=DIRECTION('ref_axis',(-0.499999982321545,0.50000004843419,0.707106759438957));
#4036=DIRECTION('',(-0.707106781186545,-0.707106781186547,6.61126431296648E-8));
#4037=DIRECTION('center_axis',(-2.77555756156288E-17,-1.,-5.5769784139023E-17));
#4038=DIRECTION('ref_axis',(-0.999999999999996,2.89120495309541E-17,9.34973969787268E-8));
#4039=DIRECTION('',(0.707106781186545,0.707106781186547,-6.61126431296648E-8));
#4040=DIRECTION('center_axis',(-1.,-3.50146206875715E-16,6.50636765662055E-9));
#4041=DIRECTION('ref_axis',(6.50636765662055E-9,-7.37418345108841E-15,1.));
#4042=DIRECTION('',(-6.50636765662055E-9,5.5769784319611E-17,-1.));
#4043=DIRECTION('',(6.50636765662055E-9,-2.9605947330561E-15,1.));
#4044=DIRECTION('',(-3.50146182883342E-16,1.,3.68752180708633E-15));
#4045=DIRECTION('',(-6.50636765662055E-9,2.77555755284428E-16,-1.));
#4046=DIRECTION('',(8.61297016141908E-33,-0.999999999999906,4.340250964605E-7));
#4047=DIRECTION('',(-6.50636765662055E-9,2.94972465307631E-13,-1.));
#4048=DIRECTION('',(4.60069644339263E-9,0.707106781172074,0.707106781201021));
#4049=DIRECTION('center_axis',(-6.50636765662055E-9,2.9605947330561E-15,
-1.));
#4050=DIRECTION('ref_axis',(-0.707106781186546,0.707106781186549,4.60069878434582E-9));
#4051=DIRECTION('',(-6.50636765662055E-9,2.9605947330561E-15,-1.));
#4052=DIRECTION('center_axis',(-0.707106776585851,-3.14018493779875E-15,
0.707106785787244));
#4053=DIRECTION('ref_axis',(-0.707106785787244,9.81307786677359E-16,-0.707106776585851));
#4054=DIRECTION('center_axis',(4.60069748317487E-9,0.707106781186546,0.707106781186549));
#4055=DIRECTION('ref_axis',(-4.60069586401702E-9,0.707106781186549,-0.707106781186546));
#4056=DIRECTION('center_axis',(3.50146190188502E-16,-1.,-2.96059473533428E-15));
#4057=DIRECTION('ref_axis',(-1.,-3.50146209451224E-16,6.50636913595431E-9));
#4058=DIRECTION('',(-6.5063670798925E-9,2.9605947330561E-15,-1.));
#4059=DIRECTION('',(1.,3.50146209451218E-16,-6.50636696209076E-9));
#4060=DIRECTION('center_axis',(6.5063670798925E-9,-2.9605947330561E-15,
1.));
#4061=DIRECTION('ref_axis',(1.,3.14363908989556E-14,-6.5063670798925E-9));
#4062=DIRECTION('',(-6.5063670798925E-9,2.9605947330561E-15,-1.));
#4063=DIRECTION('center_axis',(-6.5063670798925E-9,2.9605947330561E-15,
-1.));
#4064=DIRECTION('ref_axis',(1.,3.10862446895044E-14,-6.5063670798925E-9));
#4065=DIRECTION('center_axis',(-1.,1.4915304230975E-15,6.5063670798925E-9));
#4066=DIRECTION('ref_axis',(1.49153045907249E-15,1.,5.52919842765242E-15));
#4067=DIRECTION('',(-6.5063670798925E-9,7.21016091453355E-13,-1.));
#4068=DIRECTION('',(-1.49153044708987E-15,-1.,-3.68752179510371E-15));
#4069=DIRECTION('center_axis',(-0.707106781186548,0.707106781186547,4.60120611844852E-9));
#4070=DIRECTION('ref_axis',(6.50708809598396E-9,9.88453512813004E-25,1.));
#4071=DIRECTION('',(6.50708804021418E-9,-5.5769784319631E-17,1.));
#4072=DIRECTION('',(0.577350272938477,0.577350269181609,0.577350265448791));
#4073=DIRECTION('',(6.50708809598396E-9,8.72759607374495E-25,1.));
#4074=DIRECTION('',(0.707106781186535,0.707106781186559,-4.60120708281534E-9));
#4075=DIRECTION('',(-6.50708809598396E-9,-8.72759607374495E-25,-1.));
#4076=DIRECTION('',(-0.707106781186547,-0.707106781186548,4.60069359231081E-9));
#4077=DIRECTION('center_axis',(1.,3.50146190188472E-16,1.0186539275043E-14));
#4078=DIRECTION('ref_axis',(-7.85046266041779E-15,-0.707106748130216,0.707106814242877));
#4079=DIRECTION('',(1.,3.50146190188472E-16,1.0186539275043E-14));
#4080=DIRECTION('center_axis',(1.,-7.40148683083388E-15,1.48029743536886E-14));
#4081=DIRECTION('ref_axis',(-1.48029736616688E-14,9.34974024128605E-8,0.999999999999996));
#4082=DIRECTION('',(-1.,-3.50146190188472E-16,-1.0186539275043E-14));
#4083=DIRECTION('center_axis',(-0.883586029828464,6.93177164298664E-15,
-0.468268862825591));
#4084=DIRECTION('ref_axis',(-0.468268862825591,-1.38274467723991E-14,0.883586029828464));
#4085=DIRECTION('center_axis',(-1.38403958535203E-21,-0.999999999999996,
9.34974024128591E-8));
#4086=DIRECTION('ref_axis',(-3.70074341541714E-15,9.34974024128591E-8,0.999999999999996));
#4087=DIRECTION('center_axis',(-1.01865393077807E-14,9.34974067448434E-8,
0.999999999999996));
#4088=DIRECTION('ref_axis',(0.707106781186545,-0.707106781186547,6.61126575356069E-8));
#4089=DIRECTION('center_axis',(1.01865393077807E-14,-9.34974067448434E-8,
-0.999999999999996));
#4090=DIRECTION('ref_axis',(0.707106781186545,-0.707106781186547,6.61126575356069E-8));
#4091=DIRECTION('center_axis',(4.9730611528278E-16,-0.999999999999996,9.34974067448434E-8));
#4092=DIRECTION('ref_axis',(-0.707106778886206,6.6112657521667E-8,0.707106783486886));
#4093=DIRECTION('center_axis',(-2.77555756156288E-17,-1.,-5.5769784139023E-17));
#4094=DIRECTION('ref_axis',(-0.707106783486887,5.90613436944326E-17,-0.707106778886208));
#4095=DIRECTION('',(-4.9730611528278E-16,0.999999999999996,-9.34974067448434E-8));
#4096=DIRECTION('',(4.9730611528278E-16,-0.999999999999996,9.34974067448434E-8));
#4097=DIRECTION('center_axis',(1.95874372711446E-7,0.999999999999981,-1.2744303229359E-15));
#4098=DIRECTION('ref_axis',(-0.430774293202118,8.43776456113051E-8,0.902459698998359));
#4099=DIRECTION('',(-1.95874501730966E-7,-0.999999999999981,-2.41309041802973E-15));
#4100=DIRECTION('center_axis',(0.557947652452651,0.11149915982238,0.822351721881507));
#4101=DIRECTION('ref_axis',(-0.827511650792687,5.24939943365627E-8,0.561448544216083));
#4102=DIRECTION('center_axis',(0.561448544216067,1.22496331714084E-14,0.8275116507927));
#4103=DIRECTION('ref_axis',(-0.827511650792699,5.24940091395362E-8,0.561448544216066));
#4104=DIRECTION('center_axis',(-0.749961141470571,6.18468501825562E-8,0.661481886588102));
#4105=DIRECTION('ref_axis',(-0.661481886588104,-7.01194345827973E-8,-0.749961141470568));
#4106=DIRECTION('center_axis',(0.827511650792709,-5.24939927778347E-8,-0.561448544216051));
#4107=DIRECTION('ref_axis',(-0.561448544216054,-7.73702099743566E-8,-0.827511650792705));
#4108=DIRECTION('center_axis',(0.561448544216052,-2.25333756802055E-15,
0.82751165079271));
#4109=DIRECTION('ref_axis',(-0.585139115144544,-0.707106762627111,0.397004083322662));
#4110=DIRECTION('',(-0.561448544216052,2.25333756802055E-15,-0.82751165079271));
#4111=DIRECTION('',(0.561448544216052,-2.25333756510654E-15,0.82751165079271));
#4112=DIRECTION('center_axis',(1.01865393077807E-14,-9.34974067448434E-8,
-0.999999999999996));
#4113=DIRECTION('ref_axis',(1.,-1.20075683957529E-14,1.01865404304572E-14));
#4114=DIRECTION('',(-1.,2.77555756156294E-17,-1.01865393103758E-14));
#4115=DIRECTION('',(-1.19309089190653E-14,-0.999999999999996,9.34974067448434E-8));
#4116=DIRECTION('',(1.,-1.20075683957529E-14,1.01865404304572E-14));
#4117=DIRECTION('',(-1.19309089190653E-14,-0.999999999999996,9.34974067448434E-8));
#4118=DIRECTION('',(-1.,2.77555756156294E-17,-1.01865393103758E-14));
#4119=DIRECTION('center_axis',(0.827511650792709,-5.24939927778347E-8,-0.561448544216051));
#4120=DIRECTION('ref_axis',(0.561448544216054,7.73701881610692E-8,0.827511650792705));
#4121=DIRECTION('',(-1.19309089190653E-14,-0.999999999999996,9.34974067448434E-8));
#4122=DIRECTION('',(0.561448544216054,7.73701881610692E-8,0.827511650792705));
#4123=DIRECTION('center_axis',(-1.19309089190653E-14,-0.999999999999996,
9.34974067448434E-8));
#4124=DIRECTION('ref_axis',(8.83496345171526E-15,-9.34974067448434E-8,-0.999999999999996));
#4125=DIRECTION('center_axis',(8.95674718846789E-15,0.999999999999996,-9.34974061506633E-8));
#4126=DIRECTION('ref_axis',(8.83496345171526E-15,-9.34974067448434E-8,-0.999999999999996));
#4127=DIRECTION('',(-1.19309089190653E-14,-0.999999999999996,9.34974067448434E-8));
#4128=DIRECTION('center_axis',(-1.19110282155918E-14,-0.999999999999996,
9.34974053014626E-8));
#4129=DIRECTION('ref_axis',(8.83496345171527E-15,-9.34974053014626E-8,-0.999999999999996));
#4130=DIRECTION('center_axis',(-2.22044604925031E-16,-1.,-8.04707017423296E-31));
#4131=DIRECTION('ref_axis',(-0.976311480572242,0.,0.216369805894531));
#4132=DIRECTION('center_axis',(8.95674718846789E-15,0.999999999999996,-9.34974061506633E-8));
#4133=DIRECTION('ref_axis',(-0.21636980589453,-9.12825890906487E-8,-0.976311480572238));
#4134=DIRECTION('',(-2.22044604925031E-16,-1.,-8.05801631911508E-31));
#4135=DIRECTION('center_axis',(-2.77555756156288E-17,-1.,-5.5769784139023E-17));
#4136=DIRECTION('ref_axis',(-0.976311480572242,0.,0.216369805894531));
#4137=DIRECTION('',(2.22044604925031E-16,1.,8.04696965490861E-31));
#4138=DIRECTION('center_axis',(0.904869343113651,-2.00921355800443E-16,
-0.425689407776457));
#4139=DIRECTION('ref_axis',(0.425689407776457,-6.2279502970039E-17,0.904869343113651));
#4140=DIRECTION('',(-0.425689407776455,-8.46029326735886E-8,-0.904869343113647));
#4141=DIRECTION('',(1.95681325387751E-15,1.,3.68752179207641E-15));
#4142=DIRECTION('center_axis',(0.904869343113651,-2.00921355800443E-16,
-0.425689407776457));
#4143=DIRECTION('ref_axis',(0.16673311146735,-0.920102419739222,0.354417277697414));
#4144=DIRECTION('',(-2.22044604925031E-16,-1.,-7.82697929398973E-31));
#4145=DIRECTION('',(0.425689407776457,-6.2279502970039E-17,0.904869343113651));
#4146=DIRECTION('center_axis',(0.,1.,0.));
#4147=DIRECTION('ref_axis',(0.751710997672144,0.,-0.659492665598906));
#4148=DIRECTION('center_axis',(-8.95674718846789E-15,-0.999999999999996,
9.34974061506633E-8));
#4149=DIRECTION('ref_axis',(-0.659492665598904,-7.02830225503638E-8,-0.751710997672142));
#4150=DIRECTION('',(-2.2204183127286E-16,-1.,-7.8477181872509E-19));
#4151=DIRECTION('center_axis',(-4.27422506969708E-16,-1.,-2.77555752503461E-16));
#4152=DIRECTION('ref_axis',(0.751710997672144,0.,-0.659492665598906));
#4153=DIRECTION('',(0.,1.,0.));
#4154=DIRECTION('center_axis',(-8.95674718846789E-15,-0.999999999999996,
9.34974061506633E-8));
#4155=DIRECTION('ref_axis',(-5.03086956298163E-17,-9.34974061506633E-8,
-0.999999999999996));
#4156=DIRECTION('',(-1.,9.56507562288779E-15,6.50636696209076E-9));
#4157=DIRECTION('',(0.00353432014478681,-9.34968222228632E-8,-0.999993754271048));
#4158=DIRECTION('center_axis',(-8.95674718846789E-15,-0.999999999999996,
9.34974061506633E-8));
#4159=DIRECTION('ref_axis',(0.494634355798965,8.12587012048822E-8,0.869101175964764));
#4160=DIRECTION('center_axis',(-8.95674718846789E-15,-0.999999999999996,
9.34974061506633E-8));
#4161=DIRECTION('ref_axis',(0.419129838872729,-8.48887583945279E-8,-0.907926306572573));
#4162=DIRECTION('',(-0.999993754271052,-3.30440809352378E-10,-0.00353432014478702));
#4163=DIRECTION('center_axis',(8.95674718846789E-15,0.999999999999996,-9.34974061506633E-8));
#4164=DIRECTION('ref_axis',(-0.00353432014478603,9.34968222228632E-8,0.999993754271048));
#4165=DIRECTION('',(-0.00353432014478681,9.34968222228632E-8,0.999993754271048));
#4166=DIRECTION('center_axis',(8.95674718846789E-15,0.999999999999996,-9.34974061506633E-8));
#4167=DIRECTION('ref_axis',(-0.304008322199711,8.90721183012906E-8,0.952669376034156));
#4168=DIRECTION('',(-0.576354190552907,7.6406085870859E-8,0.817200004302556));
#4169=DIRECTION('center_axis',(-8.95674718846789E-15,-0.999999999999996,
9.34974061506633E-8));
#4170=DIRECTION('ref_axis',(-0.304008322199711,8.90721183012906E-8,0.952669376034156));
#4171=DIRECTION('',(-0.00353432014478706,9.34968222228632E-8,0.999993754271048));
#4172=DIRECTION('center_axis',(8.95674718846789E-15,0.999999999999996,-9.34974061506633E-8));
#4173=DIRECTION('ref_axis',(-0.0407069785113749,9.34199090804434E-8,0.999171127435369));
#4174=DIRECTION('',(-0.0778233601622158,9.32138444789751E-8,0.996967163257172));
#4175=DIRECTION('center_axis',(-8.95674718846789E-15,-0.999999999999996,
9.34974061506633E-8));
#4176=DIRECTION('ref_axis',(0.0389412168712237,-9.34264890119216E-8,-0.999241503155558));
#4177=DIRECTION('',(4.68198603656428E-17,9.34974061506633E-8,0.999999999999996));
#4178=DIRECTION('center_axis',(8.95674718846789E-15,0.999999999999996,-9.34974061506633E-8));
#4179=DIRECTION('ref_axis',(4.68198603656411E-17,9.34974061506633E-8,0.999999999999996));
#4180=DIRECTION('center_axis',(8.95674718846789E-15,0.999999999999996,-9.34974061506633E-8));
#4181=DIRECTION('ref_axis',(-8.83496345171522E-15,9.34974067448434E-8,0.999999999999996));
#4182=DIRECTION('',(-1.12211144300141E-14,9.34974061506633E-8,0.999999999999996));
#4183=DIRECTION('center_axis',(8.95674718846789E-15,0.999999999999996,-9.34974061506633E-8));
#4184=DIRECTION('ref_axis',(-1.,1.19309072625953E-14,-1.77167487642257E-14));
#4185=DIRECTION('',(-1.,8.95674636242169E-15,-8.83496428914782E-15));
#4186=DIRECTION('',(-0.213411291043582,9.13434565172031E-8,0.976962445979938));
#4187=DIRECTION('center_axis',(8.95674718846789E-15,0.999999999999996,-9.34974061506633E-8));
#4188=DIRECTION('ref_axis',(-0.976962445979942,-1.99533906265941E-8,-0.213411291043583));
#4189=DIRECTION('',(-1.,8.95674623117597E-15,-1.02387007882221E-14));
#4190=DIRECTION('center_axis',(0.,1.,0.));
#4191=DIRECTION('ref_axis',(-0.869101175964767,0.,0.494634355798967));
#4192=DIRECTION('center_axis',(4.27422506969708E-16,1.,2.77555752503461E-16));
#4193=DIRECTION('ref_axis',(1.,-4.27422503357949E-16,-1.30127339598383E-8));
#4194=DIRECTION('',(0.,-1.,0.));
#4195=DIRECTION('center_axis',(0.,-1.,0.));
#4196=DIRECTION('ref_axis',(0.41912983887273,0.,-0.907926306572576));
#4197=DIRECTION('',(2.77365217145828E-21,1.,-7.84771818724351E-19));
#4198=DIRECTION('center_axis',(-4.27422506969708E-16,-1.,-2.77555752503461E-16));
#4199=DIRECTION('ref_axis',(0.41912983887273,0.,-0.907926306572576));
#4200=DIRECTION('center_axis',(-2.22044604925031E-16,-1.,-9.50302193458564E-31));
#4201=DIRECTION('ref_axis',(-0.999241503155563,0.,-0.0389412168712239));
#4202=DIRECTION('center_axis',(2.77555756156288E-17,1.,5.5769784139023E-17));
#4203=DIRECTION('ref_axis',(-0.999241503155563,0.,-0.0389412168712239));
#4204=DIRECTION('',(2.22044604925031E-16,1.,9.50302193458564E-31));
#4205=DIRECTION('',(-2.22044604925031E-16,-1.,-9.50302193458564E-31));
#4206=DIRECTION('center_axis',(-1.,2.22044604925031E-16,4.68198396050484E-17));
#4207=DIRECTION('ref_axis',(-4.68198396050484E-17,5.57697841390274E-17,
-1.));
#4208=DIRECTION('',(-4.68198396050484E-17,5.57697841390274E-17,-1.));
#4209=DIRECTION('',(-2.22044604925031E-16,-1.,-7.82697929398973E-31));
#4210=DIRECTION('center_axis',(-2.77555756156288E-17,-1.,-5.5769784139023E-17));
#4211=DIRECTION('ref_axis',(1.,-2.77555756156288E-17,-4.68198396050484E-17));
#4212=DIRECTION('',(0.0778233601622161,5.34406113312431E-17,-0.996967163257177));
#4213=DIRECTION('center_axis',(-2.77555756156288E-17,-1.,-5.5769784139023E-17));
#4214=DIRECTION('ref_axis',(0.999171127435373,0.,0.0407069785113751));
#4215=DIRECTION('',(0.00353432014478708,5.56713383405263E-17,-0.999993754271052));
#4216=DIRECTION('center_axis',(2.77555756156288E-17,1.,5.5769784139023E-17));
#4217=DIRECTION('ref_axis',(-0.95266937603416,0.,-0.304008322199712));
#4218=DIRECTION('',(0.576354190552909,2.95780262061989E-17,-0.817200004302558));
#4219=DIRECTION('center_axis',(-2.77555756156288E-17,-1.,-5.5769784139023E-17));
#4220=DIRECTION('ref_axis',(0.95266937603416,0.,0.304008322199712));
#4221=DIRECTION('',(0.00353432014478682,5.56713475394235E-17,-0.999993754271052));
#4222=DIRECTION('center_axis',(1.47751253541441E-14,-1.,-3.45134622390898E-18));
#4223=DIRECTION('ref_axis',(-0.999993754271052,-1.47750208745535E-14,-0.00353432014478604));
#4224=DIRECTION('',(0.999993754271052,-2.79525108005124E-17,0.00353432014478702));
#4225=DIRECTION('center_axis',(-2.77555756156288E-17,-1.,-5.5769784139023E-17));
#4226=DIRECTION('ref_axis',(-0.699146915311233,-2.04689456125933E-17,0.71497803519464));
#4227=DIRECTION('',(0.133992204375308,5.15478429868462E-17,-0.990982385901306));
#4228=DIRECTION('',(-0.00353432014478682,-5.56713472801176E-17,0.999993754271052));
#4229=DIRECTION('center_axis',(2.77555756156288E-17,1.,5.5769784139023E-17));
#4230=DIRECTION('ref_axis',(8.83496456722426E-15,5.57697852419296E-17,-1.));
#4231=DIRECTION('center_axis',(-2.77555756156288E-17,-1.,-5.5769784139023E-17));
#4232=DIRECTION('ref_axis',(-1.,-1.78618688313207E-29,6.50637070959206E-9));
#4233=DIRECTION('',(-6.50564633126014E-9,5.5769784319591E-17,-1.));
#4234=DIRECTION('',(-1.,2.77555752527701E-17,6.50636727594227E-9));
#4235=DIRECTION('',(6.50636671485377E-9,-5.5769784319611E-17,1.));
#4236=DIRECTION('',(-1.,2.77555752527701E-17,6.50636727594227E-9));
#4237=DIRECTION('center_axis',(2.77555756156288E-17,1.,5.5769784139023E-17));
#4238=DIRECTION('ref_axis',(8.83496456722422E-15,5.57697907564667E-17,-1.));
#4239=DIRECTION('',(1.03152619333911E-14,5.57697841390227E-17,-1.));
#4240=DIRECTION('center_axis',(2.77555756156288E-17,1.,5.5769784139023E-17));
#4241=DIRECTION('ref_axis',(-8.83496456722422E-15,-5.57697907564667E-17,
1.));
#4242=DIRECTION('',(1.,-2.77555756156293E-17,8.83496345431041E-15));
#4243=DIRECTION('',(0.999982105101914,-2.80887177959038E-17,0.00598243060507801));
#4244=DIRECTION('',(-1.,2.77555752540657E-17,6.48313617821154E-9));
#4245=DIRECTION('',(-1.,2.7755575615629E-17,-1.06340318502011E-15));
#4246=DIRECTION('center_axis',(-2.77555756156284E-17,-1.,8.82601441286226E-15));
#4247=DIRECTION('ref_axis',(4.68198396050487E-17,8.82601441286226E-15,1.));
#4248=DIRECTION('center_axis',(2.77555756156288E-17,1.,5.5769784139023E-17));
#4249=DIRECTION('ref_axis',(1.,-2.77555756156288E-17,-4.68198396050484E-17));
#4250=DIRECTION('center_axis',(-2.77555756156288E-17,-1.,-5.5769784139023E-17));
#4251=DIRECTION('ref_axis',(4.68196297769432E-17,-5.57697813029764E-17,
1.));
#4252=DIRECTION('center_axis',(-2.22044604925031E-16,-1.,-9.95375956027438E-31));
#4253=DIRECTION('ref_axis',(0.999171127435373,0.,0.0407069785113751));
#4254=DIRECTION('',(-2.22044604925031E-16,-1.,-9.95537777806219E-31));
#4255=DIRECTION('',(2.22044604925031E-16,1.,9.98939955790399E-31));
#4256=DIRECTION('center_axis',(-0.999993754271053,2.22043218094615E-16,
-0.00353432014478708));
#4257=DIRECTION('ref_axis',(0.00353432014478708,5.56713383405263E-17,-0.999993754271052));
#4258=DIRECTION('',(2.22044604925031E-16,1.,8.16758617668655E-31));
#4259=DIRECTION('center_axis',(-2.22044604925031E-16,-1.,-8.16768820270121E-31));
#4260=DIRECTION('ref_axis',(0.95266937603416,0.,0.304008322199712));
#4261=DIRECTION('',(-2.22044604925031E-16,-1.,-8.16758617668654E-31));
#4262=DIRECTION('',(2.22044604925031E-16,1.,8.15407489077549E-31));
#4263=DIRECTION('center_axis',(-0.999993754271053,2.22043218094615E-16,
-0.00353432014478682));
#4264=DIRECTION('ref_axis',(0.00353432014478682,5.56713475394235E-17,-0.999993754271052));
#4265=DIRECTION('',(-2.22044604925031E-16,-1.,-7.82697929398973E-31));
#4266=DIRECTION('center_axis',(2.22044604925031E-16,1.,8.16768820270122E-31));
#4267=DIRECTION('ref_axis',(-0.95266937603416,0.,-0.304008322199712));
#4268=DIRECTION('',(-2.22044604925031E-16,-1.,-8.15407489077549E-31));
#4269=DIRECTION('center_axis',(-0.817200004302558,1.81454852100096E-16,
-0.576354190552909));
#4270=DIRECTION('ref_axis',(0.576354190552909,2.95780262061989E-17,-0.817200004302558));
#4271=DIRECTION('center_axis',(2.77555756156288E-17,1.,5.5769784139023E-17));
#4272=DIRECTION('ref_axis',(0.,0.,1.));
#4273=DIRECTION('center_axis',(0.990982385901306,-2.20042292365121E-16,
0.133992204375308));
#4274=DIRECTION('ref_axis',(-0.133992204375308,-5.15478429868462E-17,0.990982385901306));
#4275=DIRECTION('center_axis',(2.77555756156288E-17,1.,5.5769784139023E-17));
#4276=DIRECTION('ref_axis',(-0.699146915311233,0.,0.71497803519464));
#4277=DIRECTION('center_axis',(0.990982385901306,-2.20042292365121E-16,
0.133992204375308));
#4278=DIRECTION('ref_axis',(-0.133992204375308,2.97522460835503E-17,0.990982385901306));
#4279=DIRECTION('center_axis',(-0.990982385901305,-8.53531762485114E-33,
-0.13399220437532));
#4280=DIRECTION('ref_axis',(-0.13399220437532,-1.15407300863088E-33,0.990982385901305));
#4281=DIRECTION('',(-2.22044604925031E-16,-1.,-7.82697929398973E-31));
#4282=DIRECTION('',(-2.22044604925031E-16,-1.,-7.82697929398973E-31));
#4283=DIRECTION('center_axis',(-4.27422506969708E-16,-1.,-2.77555752503461E-16));
#4284=DIRECTION('ref_axis',(6.50564627549036E-9,-2.77555755284121E-16,1.));
#4285=DIRECTION('center_axis',(4.27422506969708E-16,1.,2.77555752503461E-16));
#4286=DIRECTION('ref_axis',(1.,-4.27422503357949E-16,-1.30127339598383E-8));
#4287=DIRECTION('center_axis',(-4.27422506969708E-16,-1.,-2.77555752503461E-16));
#4288=DIRECTION('ref_axis',(-0.752991433526418,1.39205385818514E-16,0.658030319237518));
#4289=DIRECTION('center_axis',(-4.27422506969708E-16,-1.,-2.77555752503461E-16));
#4290=DIRECTION('ref_axis',(6.50564627549036E-9,-2.77555755284121E-16,1.));
#4291=DIRECTION('',(-0.00353432014478699,-2.76043370988745E-16,0.999993754271052));
#4292=DIRECTION('center_axis',(-4.27422506969708E-16,-1.,-2.77555752503461E-16));
#4293=DIRECTION('ref_axis',(-0.752991433526418,1.39205385818514E-16,0.658030319237518));
#4294=DIRECTION('center_axis',(4.27422506969708E-16,1.,2.77555752503461E-16));
#4295=DIRECTION('ref_axis',(0.368135148699321,1.00714399602359E-16,-0.92977229055943));
#4296=DIRECTION('center_axis',(4.27422506969708E-16,1.,2.77555752503461E-16));
#4297=DIRECTION('ref_axis',(0.889020967546865,-2.52904093550852E-16,-0.457866486283977));
#4298=DIRECTION('',(-6.50564627549036E-9,2.7755575528412E-16,-1.));
#4299=DIRECTION('',(-1.,4.27422505163828E-16,6.50636696209076E-9));
#4300=DIRECTION('',(6.50636671485377E-9,-2.77555755284428E-16,1.));
#4301=DIRECTION('center_axis',(4.27422506969708E-16,1.,2.77555752503461E-16));
#4302=DIRECTION('ref_axis',(1.,-4.27422503357949E-16,-1.30127339598383E-8));
#4303=DIRECTION('center_axis',(-4.27422506969708E-16,-1.,-2.77555752503461E-16));
#4304=DIRECTION('ref_axis',(0.,0.,-1.));
#4305=DIRECTION('center_axis',(-6.5056449116696E-9,-5.60330299161612E-41,
-1.));
#4306=DIRECTION('ref_axis',(-1.,-8.61298621073695E-33,6.5056449116696E-9));
#4307=DIRECTION('center_axis',(4.27422506969708E-16,1.,2.77555752503461E-16));
#4308=DIRECTION('ref_axis',(-0.752991433526418,1.39205385818514E-16,0.658030319237518));
#4309=DIRECTION('center_axis',(-4.27422506969708E-16,-1.,-2.77555752503461E-16));
#4310=DIRECTION('ref_axis',(0.,0.,-1.));
#4311=DIRECTION('center_axis',(-0.990982385901305,-8.53531762485114E-33,
-0.13399220437532));
#4312=DIRECTION('ref_axis',(-0.13399220437532,-1.15407300863088E-33,0.990982385901305));
#4313=DIRECTION('center_axis',(-4.03717464043215E-16,-1.,-8.34902084211698E-17));
#4314=DIRECTION('ref_axis',(-0.752991433526418,2.49056703488961E-16,0.658030319237518));
#4315=DIRECTION('',(-2.22044604925031E-16,-1.,-7.82697929398973E-31));
#4316=DIRECTION('',(-1.11022303941377E-16,-1.,-8.3490210325341E-17));
#4317=DIRECTION('center_axis',(2.30584782037532E-16,-1.,-6.27515807947537E-25));
#4318=DIRECTION('ref_axis',(-0.752991433526418,-1.73628365988742E-16,0.658030319237518));
#4319=DIRECTION('',(4.03717464043215E-16,1.,8.34902084211698E-17));
#4320=DIRECTION('center_axis',(0.999993754271053,-2.22043218094615E-16,
0.00353432014478682));
#4321=DIRECTION('ref_axis',(-0.00353432014478682,-5.56713472801176E-17,
0.999993754271052));
#4322=DIRECTION('center_axis',(0.00353432014478702,-7.8477672022703E-19,
-0.999993754271053));
#4323=DIRECTION('ref_axis',(0.999993754271052,-2.79525108005124E-17,0.00353432014478702));
#4324=DIRECTION('',(-2.22044604925031E-16,-1.,-7.82697929398973E-31));
#4325=DIRECTION('center_axis',(-1.19309089190653E-14,-0.999999999999996,
9.34974067448434E-8));
#4326=DIRECTION('ref_axis',(8.83496345171526E-15,-9.34974067448434E-8,-0.999999999999996));
#4327=DIRECTION('center_axis',(1.02386999507895E-14,-9.34974067448434E-8,
-0.999999999999996));
#4328=DIRECTION('ref_axis',(1.,-1.19110272498064E-14,1.02387010644397E-14));
#4329=DIRECTION('',(-1.19309089190653E-14,-0.999999999999996,9.34974067448434E-8));
#4330=DIRECTION('',(1.,-1.19110272498064E-14,1.02387010644397E-14));
#4331=DIRECTION('center_axis',(-1.19309089190653E-14,-0.999999999999996,
9.34974067448434E-8));
#4332=DIRECTION('ref_axis',(-0.976962445979942,-1.99533906265941E-8,-0.213411291043583));
#4333=DIRECTION('',(-1.19309089190653E-14,-0.999999999999996,9.34974067448434E-8));
#4334=DIRECTION('center_axis',(-1.19110282399663E-14,-0.999999999999996,
9.349740678176E-8));
#4335=DIRECTION('ref_axis',(-0.976962445979942,-1.99533906538952E-8,-0.213411291043583));
#4336=DIRECTION('center_axis',(-0.976962445979942,-1.9953390626594E-8,-0.213411291043581));
#4337=DIRECTION('ref_axis',(0.213411291043582,-9.13434577642377E-8,-0.976962445979938));
#4338=DIRECTION('',(-1.19309089190653E-14,-0.999999999999996,9.34974067448434E-8));
#4339=DIRECTION('',(0.213411291043582,-9.13434577642377E-8,-0.976962445979938));
#4340=DIRECTION('center_axis',(8.83496345171522E-15,-9.34974067448434E-8,
-0.999999999999996));
#4341=DIRECTION('ref_axis',(1.,-1.19110273895456E-14,8.83496456536543E-15));
#4342=DIRECTION('',(-1.19309089190653E-14,-0.999999999999996,9.34974067448434E-8));
#4343=DIRECTION('',(1.,-1.19110273895456E-14,8.83496456536543E-15));
#4344=DIRECTION('center_axis',(-1.19309089190653E-14,-0.999999999999996,
9.34974067448434E-8));
#4345=DIRECTION('ref_axis',(-1.,1.19309072625953E-14,-1.77167487642257E-14));
#4346=DIRECTION('',(-1.19309089190653E-14,-0.999999999999996,9.34974067448434E-8));
#4347=DIRECTION('center_axis',(-1.19110284802896E-14,-0.999999999999996,
9.349740678176E-8));
#4348=DIRECTION('ref_axis',(-1.,1.19110268238196E-14,-1.77167487623669E-14));
#4349=DIRECTION('center_axis',(-1.,1.19309078699202E-14,-1.12211155455231E-14));
#4350=DIRECTION('ref_axis',(1.12211144300141E-14,-9.349740678176E-8,-0.999999999999996));
#4351=DIRECTION('',(-1.19309089190653E-14,-0.999999999999996,9.34974067448434E-8));
#4352=DIRECTION('',(1.12211144300141E-14,-9.349740678176E-8,-0.999999999999996));
#4353=DIRECTION('center_axis',(-1.19309089190653E-14,-0.999999999999996,
9.34974067448434E-8));
#4354=DIRECTION('ref_axis',(-8.83496345171522E-15,9.34974067448434E-8,0.999999999999996));
#4355=DIRECTION('',(-1.19309089190653E-14,-0.999999999999996,9.34974067448434E-8));
#4356=DIRECTION('center_axis',(-1.19110282155918E-14,-0.999999999999996,
9.349740678176E-8));
#4357=DIRECTION('ref_axis',(-8.83496345171522E-15,9.349740678176E-8,0.999999999999996));
#4358=DIRECTION('center_axis',(-1.19309089190653E-14,-0.999999999999996,
9.34974067448434E-8));
#4359=DIRECTION('ref_axis',(8.92860494228735E-15,9.34974067448434E-8,0.999999999999996));
#4360=DIRECTION('center_axis',(-2.77555756156284E-17,-1.,8.82601441286226E-15));
#4361=DIRECTION('ref_axis',(4.68198396050487E-17,8.82601441286226E-15,1.));
#4362=DIRECTION('',(-1.19309089190653E-14,-0.999999999999996,9.34974067448434E-8));
#4363=DIRECTION('center_axis',(-1.19110282155918E-14,-0.999999999999996,
9.349740678176E-8));
#4364=DIRECTION('ref_axis',(8.92860494228735E-15,9.349740678176E-8,0.999999999999996));
#4365=DIRECTION('',(-1.19309089190653E-14,-0.999999999999996,9.34974067448434E-8));
#4366=DIRECTION('center_axis',(-1.06340227933917E-15,9.34974067448434E-8,
0.999999999999996));
#4367=DIRECTION('ref_axis',(-1.,1.19110281161664E-14,-1.06340339298941E-15));
#4368=DIRECTION('',(-1.,2.7755575615629E-17,-1.06340318502011E-15));
#4369=DIRECTION('',(-1.19309089190653E-14,-0.999999999999996,9.34974067448434E-8));
#4370=DIRECTION('',(-1.,1.19110281161664E-14,-1.06340339298941E-15));
#4371=DIRECTION('center_axis',(6.48319627739067E-9,9.34974067448433E-8,
0.999999999999996));
#4372=DIRECTION('ref_axis',(-1.,1.2517190255185E-14,6.48319627738952E-9));
#4373=DIRECTION('',(-1.,2.77555752540657E-17,6.48313617821154E-9));
#4374=DIRECTION('',(-1.19309089190653E-14,-0.999999999999996,9.34974067448434E-8));
#4375=DIRECTION('',(-1.,1.2517190255185E-14,6.48319627738952E-9));
#4376=DIRECTION('center_axis',(-1.19309089190653E-14,-0.999999999999996,
9.34974067448434E-8));
#4377=DIRECTION('ref_axis',(1.,-1.19309089234429E-14,-4.68196297769438E-17));
#4378=DIRECTION('center_axis',(2.77555756156288E-17,1.,5.5769784139023E-17));
#4379=DIRECTION('ref_axis',(4.68196297769432E-17,-5.57697802287158E-17,
1.));
#4380=DIRECTION('',(1.19309089190653E-14,0.999999999999996,-9.34974067448434E-8));
#4381=DIRECTION('center_axis',(1.19110282155918E-14,0.999999999999996,-9.349740678176E-8));
#4382=DIRECTION('ref_axis',(1.,-1.19110282199694E-14,-4.68196316357381E-17));
#4383=DIRECTION('center_axis',(-0.00598243060507799,9.34957336896543E-8,
0.99998210510191));
#4384=DIRECTION('ref_axis',(-0.999982105101914,-5.59329712432362E-10,-0.00598243060507796));
#4385=DIRECTION('',(-1.19309089190653E-14,-0.999999999999996,9.34974067448434E-8));
#4386=DIRECTION('',(-0.999982105101914,-5.59329712432362E-10,-0.00598243060507796));
#4387=DIRECTION('',(-2.22044604925031E-16,-1.,-7.82697929398973E-31));
#4388=DIRECTION('center_axis',(-1.19309089190653E-14,-0.999999999999996,
9.34974067448434E-8));
#4389=DIRECTION('ref_axis',(1.,-1.19309089234429E-14,-4.68196297769438E-17));
#4390=DIRECTION('',(1.19309089190653E-14,0.999999999999996,-9.34974067448434E-8));
#4391=DIRECTION('center_axis',(1.19110282155918E-14,0.999999999999996,-9.349740678176E-8));
#4392=DIRECTION('ref_axis',(1.,-1.19110282199694E-14,-4.68196316357381E-17));
#4393=DIRECTION('center_axis',(-8.8349634517153E-15,9.34974067448434E-8,
0.999999999999996));
#4394=DIRECTION('ref_axis',(-1.,1.19110273900971E-14,-8.83496456536551E-15));
#4395=DIRECTION('',(-1.19309089190653E-14,-0.999999999999996,9.34974067448434E-8));
#4396=DIRECTION('',(-1.,1.19110273900971E-14,-8.83496456536551E-15));
#4397=DIRECTION('center_axis',(-1.19309089190653E-14,-0.999999999999996,
9.34974067448434E-8));
#4398=DIRECTION('ref_axis',(1.,-1.19309080930191E-14,8.83496456722422E-15));
#4399=DIRECTION('',(-1.19309089190653E-14,-0.999999999999996,9.34974067448434E-8));
#4400=DIRECTION('center_axis',(-3.02924415093954E-15,-0.999999999999996,
9.349740678176E-8));
#4401=DIRECTION('ref_axis',(1.,-3.02924332489335E-15,8.83496373494165E-15));
#4402=DIRECTION('center_axis',(1.,-1.19309079546151E-14,1.03152619333911E-14));
#4403=DIRECTION('ref_axis',(-1.03152608178821E-14,9.34974075219086E-8,0.999999999999996));
#4404=DIRECTION('',(-1.19309089190653E-14,-0.999999999999996,9.34974067448434E-8));
#4405=DIRECTION('',(-1.03152608178821E-14,9.34974075219086E-8,0.999999999999996));
#4406=DIRECTION('center_axis',(-1.19309089190653E-14,-0.999999999999996,
9.34974067448434E-8));
#4407=DIRECTION('ref_axis',(8.83496345171522E-15,-9.34974067448434E-8,-0.999999999999996));
#4408=DIRECTION('center_axis',(-1.19110282155918E-14,-0.999999999999996,
9.349740678176E-8));
#4409=DIRECTION('ref_axis',(8.83496345171522E-15,-9.349740678176E-8,-0.999999999999996));
#4410=DIRECTION('center_axis',(-1.19110282155918E-14,-0.999999999999996,
9.349740678176E-8));
#4411=DIRECTION('ref_axis',(1.,-1.19110282199694E-14,-4.68196316357381E-17));
#4412=DIRECTION('center_axis',(-2.22044604925031E-16,-1.,-7.82697929398973E-31));
#4413=DIRECTION('ref_axis',(-1.,2.22044604925031E-16,4.68198396050484E-17));
#4414=DIRECTION('center_axis',(2.4980018054066E-16,1.,2.58632907766513E-19));
#4415=DIRECTION('ref_axis',(-1.,2.4980018054066E-16,4.68198396050484E-17));
#4416=DIRECTION('',(2.22044604925031E-16,1.,7.82697929398973E-31));
#4417=DIRECTION('center_axis',(-2.4980018054066E-16,-1.,-2.58632907766513E-19));
#4418=DIRECTION('ref_axis',(-1.,2.4980018054066E-16,4.68198396050484E-17));
#4419=DIRECTION('center_axis',(2.4980018054066E-16,1.,2.58632907766543E-19));
#4420=DIRECTION('ref_axis',(-1.,2.4980018054066E-16,4.68198396050484E-17));
#4421=DIRECTION('center_axis',(2.4980018054066E-16,1.,2.58632907766543E-19));
#4422=DIRECTION('ref_axis',(1.,-2.22044604925031E-16,-4.68198396050484E-17));
#4423=DIRECTION('center_axis',(-2.22044604925031E-16,-1.,-7.82697929398973E-31));
#4424=DIRECTION('ref_axis',(1.,-2.22044604925031E-16,-4.68198396050484E-17));
#4425=DIRECTION('',(2.22044604925031E-16,1.,7.82697929398973E-31));
#4426=DIRECTION('center_axis',(-0.996967163257177,2.21371179888669E-16,
-0.0778233601622161));
#4427=DIRECTION('ref_axis',(0.0778233601622161,5.34406113312431E-17,-0.996967163257177));
#4428=DIRECTION('center_axis',(-2.22044604925031E-16,-1.,-7.82697929398973E-31));
#4429=DIRECTION('ref_axis',(4.68198396050467E-17,-7.93094022186729E-31,
1.));
#4430=DIRECTION('',(-2.22044604925031E-16,-1.,-7.82697929398973E-31));
#4431=DIRECTION('center_axis',(-1.06340318502011E-15,-5.46574989305163E-31,
1.));
#4432=DIRECTION('ref_axis',(-1.,2.7755575615629E-17,-1.06340318502011E-15));
#4433=DIRECTION('',(-2.22044604925031E-16,-1.,-7.82697929398973E-31));
#4434=DIRECTION('center_axis',(6.48313617821154E-9,-1.43954619406409E-24,
1.));
#4435=DIRECTION('ref_axis',(-1.,2.77555752540657E-17,6.48313617821154E-9));
#4436=DIRECTION('center_axis',(-2.22044604925031E-16,-1.,-7.82697929398973E-31));
#4437=DIRECTION('ref_axis',(-0.999993754271052,2.22043218094615E-16,-0.00353432014478604));
#4438=DIRECTION('center_axis',(-2.77555756156288E-17,-1.,-5.5769784139023E-17));
#4439=DIRECTION('ref_axis',(1.,-2.77555756156288E-17,-4.68198396050484E-17));
#4440=DIRECTION('center_axis',(1.,3.50146209451218E-16,-6.50636696209076E-9));
#4441=DIRECTION('ref_axis',(-4.60069644737323E-9,0.707106781186551,-0.707106781186544));
#4442=DIRECTION('',(1.,3.50146209451218E-16,-6.50636696209076E-9));
#4443=DIRECTION('center_axis',(0.707106785787244,-3.14018489693635E-15,
0.707106776585852));
#4444=DIRECTION('ref_axis',(0.707106776585852,9.81307786677359E-16,-0.707106785787243));
#4445=DIRECTION('center_axis',(-0.707106781187629,0.707106781185466,4.60070062336682E-9));
#4446=DIRECTION('ref_axis',(-0.707106781185466,-0.707106781187629,4.60069177619816E-9));
#4447=DIRECTION('',(-1.,-3.50146209451218E-16,6.50636696209076E-9));
#4448=DIRECTION('center_axis',(3.50146190188502E-16,-1.,-2.96059473533428E-15));
#4449=DIRECTION('ref_axis',(-1.,-3.50146209451224E-16,6.50636913595431E-9));
#4450=DIRECTION('',(6.50636671485377E-9,-2.9605947330561E-15,1.));
#4451=DIRECTION('center_axis',(-6.50636671485377E-9,2.9605947330561E-15,
-1.));
#4452=DIRECTION('ref_axis',(0.707106781186549,0.707106781186546,-4.60069393150294E-9));
#4453=DIRECTION('',(-6.50636671485377E-9,2.9605947330561E-15,-1.));
#4454=DIRECTION('center_axis',(4.60069748317488E-9,0.707106781186544,0.707106781186551));
#4455=DIRECTION('ref_axis',(-4.60069463738229E-9,0.707106781186551,-0.707106781186544));
#4456=DIRECTION('center_axis',(-1.,1.11022299887014E-16,6.50636671485377E-9));
#4457=DIRECTION('ref_axis',(6.50636671485377E-9,-7.37418345108841E-15,1.));
#4458=DIRECTION('',(-4.60069610355833E-9,-0.707106781172074,-0.707106781201021));
#4459=DIRECTION('',(-6.50636671485377E-9,2.94972465307631E-13,-1.));
#4460=DIRECTION('',(8.61297016142196E-33,-0.999999999999906,4.34025018676738E-7));
#4461=DIRECTION('',(-6.50636671485377E-9,2.77555755284428E-16,-1.));
#4462=DIRECTION('',(-1.11022323879383E-16,-1.,-3.6875218040858E-15));
#4463=DIRECTION('center_axis',(-6.50700512860762E-9,2.94972465307737E-13,
-1.));
#4464=DIRECTION('ref_axis',(0.707106781186604,0.707106781186491,-4.60093887462398E-9));
#4465=DIRECTION('center_axis',(4.6006964019887E-9,-0.707106781201021,0.707106781172074));
#4466=DIRECTION('ref_axis',(4.60159866708793E-9,0.707106781172074,0.707106781201021));
#4467=DIRECTION('',(-6.50700512860762E-9,2.94972465307737E-13,-1.));
#4468=DIRECTION('center_axis',(-0.707106776585626,-9.02803184839415E-14,
0.707106785787469));
#4469=DIRECTION('ref_axis',(0.707106785787469,-3.24322223496764E-13,0.707106776585626));
#4470=DIRECTION('',(6.50636686863961E-9,-7.22352619860693E-25,1.));
#4471=DIRECTION('center_axis',(6.50572924286669E-9,-2.94972465307737E-13,
1.));
#4472=DIRECTION('ref_axis',(-0.707106781186604,0.707106781186491,4.60045384122551E-9));
#4473=DIRECTION('center_axis',(4.6006964019887E-9,-0.707106781201021,0.707106781172074));
#4474=DIRECTION('ref_axis',(4.59979404206827E-9,0.707106781172074,0.707106781201021));
#4475=DIRECTION('',(6.50636750283471E-9,-7.22352544035088E-25,1.));
#4476=DIRECTION('center_axis',(-0.707106785787018,9.0111232347766E-14,-0.707106776586077));
#4477=DIRECTION('ref_axis',(-0.707106776586077,-3.24491309632939E-13,0.707106785787018));
#4478=DIRECTION('',(-6.50572924286669E-9,2.94972465307737E-13,-1.));
#4479=DIRECTION('center_axis',(8.61298621073695E-33,-1.,5.39304980168303E-64));
#4480=DIRECTION('ref_axis',(1.,8.61298621073695E-33,-1.30127339598382E-8));
#4481=DIRECTION('center_axis',(-2.30584782037532E-16,1.,6.27515807947537E-25));
#4482=DIRECTION('ref_axis',(1.,2.30584782037532E-16,-1.30127339598383E-8));
#4483=DIRECTION('',(-0.707106781186527,-0.707106781186568,9.2013923381822E-9));
#4484=DIRECTION('center_axis',(2.30584782037532E-16,-1.,-6.27515807947537E-25));
#4485=DIRECTION('ref_axis',(1.,2.30584782037532E-16,-1.30127339598383E-8));
#4486=DIRECTION('center_axis',(2.30584782037532E-16,-1.,-6.27515807947537E-25));
#4487=DIRECTION('ref_axis',(5.20247636203591E-18,6.27515809147149E-25,-1.));
#4488=DIRECTION('',(1.,2.30584782037532E-16,-6.50636701760191E-9));
#4489=DIRECTION('',(6.50564627549036E-9,8.72587220499692E-25,1.));
#4490=DIRECTION('center_axis',(2.30584782037532E-16,-1.,-6.27515807947537E-25));
#4491=DIRECTION('ref_axis',(0.889020967546866,2.04994706315908E-16,-0.457866486283977));
#4492=DIRECTION('center_axis',(2.30584782037532E-16,-1.,-6.27515807947537E-25));
#4493=DIRECTION('ref_axis',(1.,2.30584782037532E-16,-6.5056462338443E-9));
#4494=DIRECTION('center_axis',(-2.30584782037532E-16,1.,6.27515807947537E-25));
#4495=DIRECTION('ref_axis',(-0.752991433526418,-1.73628365988742E-16,0.658030319237518));
#4496=DIRECTION('',(6.50564608990261E-9,8.72587177705983E-25,1.));
#4497=DIRECTION('center_axis',(-2.30584782037532E-16,1.,6.27515807947537E-25));
#4498=DIRECTION('ref_axis',(-1.,-2.30584782037532E-16,1.30127339598382E-8));
#4499=DIRECTION('',(-1.,-2.30584782037532E-16,-5.20417042793375E-18));
#4500=DIRECTION('',(1.,8.53912495116858E-18,-1.30127343766785E-8));
#4501=DIRECTION('center_axis',(8.53912495116857E-18,-1.,8.17194769054627E-25));
#4502=DIRECTION('ref_axis',(1.,8.53912495116857E-18,-4.11636064506671E-16));
#4503=DIRECTION('',(6.5070882815717E-9,8.72759608959252E-25,1.));
#4504=DIRECTION('center_axis',(8.53912495116857E-18,-1.,8.17194769054627E-25));
#4505=DIRECTION('ref_axis',(0.752991442089192,6.42988854889915E-18,0.658030309439041));
#4506=DIRECTION('center_axis',(-8.53912495116857E-18,1.,-8.17194769054627E-25));
#4507=DIRECTION('ref_axis',(-1.,-8.53912495116856E-18,6.50708813763002E-9));
#4508=DIRECTION('center_axis',(-8.53912495116857E-18,1.,-8.17194769054627E-25));
#4509=DIRECTION('ref_axis',(-0.889020973504961,-7.59146155113447E-18,-0.457866474715383));
#4510=DIRECTION('center_axis',(2.30584782037532E-16,-1.,-6.27515807947537E-25));
#4511=DIRECTION('ref_axis',(-1.,-2.30584782037532E-16,4.11636062884748E-16));
#4512=DIRECTION('',(-1.,-8.53912495116859E-18,6.50675066866953E-9));
#4513=DIRECTION('center_axis',(-8.53912495116857E-18,1.,-8.17194769054627E-25));
#4514=DIRECTION('ref_axis',(-0.707106785787156,-6.03807377549967E-18,-0.707106776585939));
#4515=DIRECTION('',(6.50573314086446E-9,8.72748037243427E-25,1.));
#4516=DIRECTION('center_axis',(-8.53912495116857E-18,1.,-8.17194769054627E-25));
#4517=DIRECTION('ref_axis',(-0.707106776586547,-6.0380725412466E-18,0.707106785786548));
#4518=DIRECTION('',(1.,8.53912495116859E-18,-6.50503353558733E-9));
#4519=DIRECTION('center_axis',(-8.53912495116857E-18,1.,-8.17194769054627E-25));
#4520=DIRECTION('ref_axis',(0.707106785786447,6.03807377549362E-18,0.707106776586648));
#4521=DIRECTION('',(-6.50544833342568E-9,-8.7274560523712E-25,-1.));
#4522=DIRECTION('center_axis',(-8.53912495116857E-18,1.,-8.17194769054627E-25));
#4523=DIRECTION('ref_axis',(0.707106776586042,6.03807254124229E-18,-0.707106785787053));
#4524=DIRECTION('',(1.,2.30584782037532E-16,-6.50598370280478E-9));
#4525=DIRECTION('center_axis',(2.30584782037532E-16,-1.,-6.27515807947537E-25));
#4526=DIRECTION('ref_axis',(-0.707106785787435,-1.63048063634335E-16,-0.70710677658566));
#4527=DIRECTION('',(-6.50728603804864E-9,-8.72965324791787E-25,-1.));
#4528=DIRECTION('center_axis',(2.30584782037532E-16,-1.,-6.27515807947537E-25));
#4529=DIRECTION('ref_axis',(-0.707106776585054,-1.63048062399847E-16,0.707106785788041));
#4530=DIRECTION('',(-1.,-2.30584782037532E-16,6.50770083588699E-9));
#4531=DIRECTION('center_axis',(2.30584782037532E-16,-1.,-6.27515807947537E-25));
#4532=DIRECTION('ref_axis',(0.70710678578794,1.63048063634451E-16,0.707106776585155));
#4533=DIRECTION('',(6.50700123060985E-9,8.72899652530591E-25,1.));
#4534=DIRECTION('center_axis',(2.30584782037532E-16,-1.,-6.27515807947537E-25));
#4535=DIRECTION('ref_axis',(0.707106776585763,1.63048062400011E-16,-0.707106785787332));
#4536=DIRECTION('center_axis',(1.11022257917449E-16,1.,2.77555756156289E-16));
#4537=DIRECTION('ref_axis',(1.,-1.1102225430569E-16,-1.30127339598383E-8));
#4538=DIRECTION('',(1.11022257917449E-16,1.,2.77555756156289E-16));
#4539=DIRECTION('center_axis',(3.7191135573845E-16,1.,2.77555753225813E-16));
#4540=DIRECTION('ref_axis',(1.,-3.71911352126691E-16,-1.30127339598383E-8));
#4541=DIRECTION('center_axis',(8.61298621073695E-33,-1.,5.39304980168303E-64));
#4542=DIRECTION('ref_axis',(-1.,-8.61298621073695E-33,4.11636062884748E-16));
#4543=DIRECTION('center_axis',(-2.30584782037532E-16,1.,6.27515807947537E-25));
#4544=DIRECTION('ref_axis',(-1.,-2.30584782037532E-16,4.11636062884748E-16));
#4545=DIRECTION('',(0.707106781186537,-0.707106781186558,-2.04475045823185E-16));
#4546=DIRECTION('center_axis',(3.50146161294391E-16,-1.,-2.7755575915682E-16));
#4547=DIRECTION('ref_axis',(-1.,-3.50146161294391E-16,4.11636062884748E-16));
#4548=DIRECTION('center_axis',(6.11035259115392E-16,-1.,-2.77555759621224E-16));
#4549=DIRECTION('ref_axis',(-1.,-6.11035259115392E-16,4.11636062884748E-16));
#4550=DIRECTION('',(3.50146161294391E-16,-1.,-2.7755575915682E-16));
#4551=DIRECTION('center_axis',(-1.,5.77881436540108E-23,6.50636655663566E-9));
#4552=DIRECTION('ref_axis',(8.61290900542771E-33,-1.,8.8817841970012E-15));
#4553=DIRECTION('center_axis',(-5.81947314889471E-9,-0.447213595499956,
-0.894427190999917));
#4554=DIRECTION('ref_axis',(-2.90973558143369E-9,0.894427190999917,-0.447213595499956));
#4555=DIRECTION('center_axis',(2.90973657444737E-9,0.894427190999914,0.447213595499961));
#4556=DIRECTION('ref_axis',(-5.8194711628674E-9,0.447213595499961,-0.894427190999914));
#4557=DIRECTION('center_axis',(1.,-4.27422505163828E-16,-6.50636696209076E-9));
#4558=DIRECTION('ref_axis',(4.60069589754912E-9,-0.707106781186551,0.707106781186544));
#4559=DIRECTION('center_axis',(-1.,-8.61298621073695E-33,6.50636655663561E-9));
#4560=DIRECTION('ref_axis',(8.61298621073694E-33,-1.,5.39304980168303E-64));
#4561=DIRECTION('',(1.,-4.27422505163828E-16,-6.50636696209076E-9));
#4562=DIRECTION('center_axis',(-6.50636696209076E-9,3.68752180480815E-15,
-1.));
#4563=DIRECTION('ref_axis',(-1.,0.,6.50636640860588E-9));
#4564=DIRECTION('center_axis',(-2.88940619614048E-23,-1.,-4.44089209841876E-15));
#4565=DIRECTION('ref_axis',(1.,8.61302147556747E-33,-6.50636433618956E-9));
#4566=DIRECTION('center_axis',(-6.50636696209076E-9,3.68752180480815E-15,
-1.));
#4567=DIRECTION('ref_axis',(-0.707106781187626,0.707106781185469,4.60069880726118E-9));
#4568=DIRECTION('center_axis',(6.50636696209076E-9,-3.68752180480815E-15,
1.));
#4569=DIRECTION('ref_axis',(-0.707106781187626,0.707106781185469,4.60069880726118E-9));
#4570=DIRECTION('center_axis',(3.56053633713894E-16,1.,3.68752180249153E-15));
#4571=DIRECTION('ref_axis',(0.707106785786988,-2.85923959585399E-15,0.707106776586108));
#4572=DIRECTION('center_axis',(-2.88908670752714E-23,-1.,-4.44089209850062E-15));
#4573=DIRECTION('ref_axis',(1.,8.61292155854765E-33,-6.50564491166961E-9));
#4574=DIRECTION('',(3.56053633713894E-16,1.,3.68752180249153E-15));
#4575=DIRECTION('',(-3.56053633713894E-16,-1.,-3.68752180249153E-15));
#4576=DIRECTION('center_axis',(0.948683298050514,0.316227766016837,-6.17156987090622E-9));
#4577=DIRECTION('ref_axis',(0.316227766016837,-0.948683298050514,-2.05795328811302E-9));
#4578=DIRECTION('center_axis',(-1.,3.56053609724182E-16,6.50564627549036E-9));
#4579=DIRECTION('ref_axis',(-3.56058321785101E-16,-1.,-7.243032773465E-13));
#4580=DIRECTION('center_axis',(1.,-3.56053609724182E-16,-6.50564627549036E-9));
#4581=DIRECTION('ref_axis',(-6.50564627549036E-9,6.97024224497657E-16,-1.));
#4582=DIRECTION('',(6.50564627549036E-9,-2.7755575528412E-16,1.));
#4583=DIRECTION('',(3.56053610046151E-16,1.,4.94907094260686E-17));
#4584=DIRECTION('',(-6.50564627549036E-9,-8.72587220499692E-25,-1.));
#4585=DIRECTION('center_axis',(-6.50564627549036E-9,2.7755575528412E-16,
-1.));
#4586=DIRECTION('ref_axis',(-0.707106781186546,0.707106781186549,4.60018679366179E-9));
#4587=DIRECTION('center_axis',(-6.50564491166961E-9,-5.60330299161613E-41,
-1.));
#4588=DIRECTION('ref_axis',(-1.,-8.61298621073695E-33,6.50564491166961E-9));
#4589=DIRECTION('center_axis',(-6.50636671485377E-9,2.77555755284428E-16,
-1.));
#4590=DIRECTION('ref_axis',(0.707106781186549,0.707106781186546,-4.60069582869799E-9));
#4591=DIRECTION('center_axis',(6.50636877708166E-9,5.60392645589737E-41,
1.));
#4592=DIRECTION('ref_axis',(1.,8.61298621073695E-33,-6.50636877708166E-9));
#4593=DIRECTION('center_axis',(-1.11022323879383E-16,-1.,-3.6875218040858E-15));
#4594=DIRECTION('ref_axis',(0.70710677658585,2.52896705284007E-15,-0.707106785787245));
#4595=DIRECTION('',(1.11022323879383E-16,1.,3.6875218040858E-15));
#4596=DIRECTION('center_axis',(4.33459148594958E-23,1.,6.66133814775093E-15));
#4597=DIRECTION('ref_axis',(-1.,-8.61298621073695E-33,6.50708820160161E-9));
#4598=DIRECTION('center_axis',(-0.948683298050514,0.316227766016838,6.17339480214316E-9));
#4599=DIRECTION('ref_axis',(-0.316227766016838,-0.948683298050514,2.05703574348998E-9));
#4600=DIRECTION('center_axis',(1.,5.95177516712883E-16,-6.50708809598396E-9));
#4601=DIRECTION('ref_axis',(5.95172798180011E-16,-1.,-7.2513738896527E-13));
#4602=DIRECTION('center_axis',(-5.95177492717853E-16,1.,3.68752180868059E-15));
#4603=DIRECTION('ref_axis',(-0.707106776585596,-3.02832573202946E-15,0.707106785787499));
#4604=DIRECTION('center_axis',(2.88972765701261E-23,1.,4.4408920985006E-15));
#4605=DIRECTION('ref_axis',(-1.,-8.61295682337818E-33,6.50708820160161E-9));
#4606=DIRECTION('',(5.95177492717853E-16,-1.,-3.68752180868059E-15));
#4607=DIRECTION('',(-5.95177492717853E-16,1.,3.68752180868059E-15));
#4608=DIRECTION('center_axis',(6.50636696209076E-9,-3.68752180480815E-15,
1.));
#4609=DIRECTION('ref_axis',(1.,0.,-6.50636640860588E-9));
#4610=DIRECTION('center_axis',(-1.,-2.22044604925031E-15,6.50636655664182E-9));
#4611=DIRECTION('ref_axis',(2.22044604925031E-15,-1.,1.06134774290193E-39));
#4612=DIRECTION('center_axis',(-6.50636696209076E-9,3.68752180480815E-15,
-1.));
#4613=DIRECTION('ref_axis',(0.707106781187623,0.707106781185472,-4.60069359231782E-9));
#4614=DIRECTION('center_axis',(6.50636696209076E-9,-3.68752180480815E-15,
1.));
#4615=DIRECTION('ref_axis',(0.707106781187623,0.707106781185472,-4.60069359231782E-9));
#4616=DIRECTION('center_axis',(-1.,-6.66546412152529E-16,6.50636696209076E-9));
#4617=DIRECTION('ref_axis',(4.60069667110194E-9,-0.707106781186554,0.707106781186541));
#4618=DIRECTION('center_axis',(-1.,-8.61298621073695E-33,6.50636877708168E-9));
#4619=DIRECTION('ref_axis',(8.61298621073695E-33,-1.,5.39304980168303E-64));
#4620=DIRECTION('',(1.,6.66546412152529E-16,-6.50636696209076E-9));
#4621=DIRECTION('',(-1.,-6.66546412152529E-16,6.50636696209076E-9));
#4622=DIRECTION('center_axis',(2.90973657444737E-9,0.894427190999915,0.44721359549996));
#4623=DIRECTION('ref_axis',(-5.81947215588106E-9,0.44721359549996,-0.894427190999915));
#4624=DIRECTION('center_axis',(-5.81947314889473E-9,-0.447213595499955,
-0.894427190999917));
#4625=DIRECTION('ref_axis',(-2.90973558143368E-9,0.894427190999917,-0.447213595499955));
#4626=DIRECTION('center_axis',(6.50636765662055E-9,-2.77555755284428E-16,
1.));
#4627=DIRECTION('ref_axis',(-0.707106781186549,0.707106781186546,4.60069688715078E-9));
#4628=DIRECTION('',(6.50636765662055E-9,-2.77555755284428E-16,1.));
#4629=DIRECTION('center_axis',(-6.50636559439266E-9,3.80528513797531E-31,
-1.));
#4630=DIRECTION('ref_axis',(-1.,-2.39123906988701E-16,6.50636559439266E-9));
#4631=DIRECTION('center_axis',(-6.6654641034665E-16,1.,2.77555759621224E-16));
#4632=DIRECTION('ref_axis',(6.50708809598396E-9,-2.77555755283948E-16,1.));
#4633=DIRECTION('',(-6.50708809598396E-9,2.77555755283948E-16,-1.));
#4634=DIRECTION('center_axis',(6.6654641034665E-16,-1.,-2.77555759621224E-16));
#4635=DIRECTION('ref_axis',(-0.88902097350496,-4.65490261417895E-16,-0.457866474715383));
#4636=DIRECTION('center_axis',(6.6654641034665E-16,-1.,-2.77555759621224E-16));
#4637=DIRECTION('ref_axis',(-0.368135160798201,1.26844830989447E-17,-0.929772285768985));
#4638=DIRECTION('center_axis',(-6.6654641034665E-16,1.,2.77555759621224E-16));
#4639=DIRECTION('ref_axis',(0.752991442089192,3.19263640356156E-16,0.658030309439041));
#4640=DIRECTION('center_axis',(6.6654641034665E-16,-1.,-2.77555759621224E-16));
#4641=DIRECTION('ref_axis',(-1.,-6.6654641034665E-16,4.11636060451863E-16));
#4642=DIRECTION('center_axis',(6.50708809598396E-9,-2.77555755283948E-16,
1.));
#4643=DIRECTION('ref_axis',(0.707106781186546,0.707106781186549,-4.60120592218695E-9));
#4644=DIRECTION('',(6.50708809598396E-9,-2.77555755283948E-16,1.));
#4645=DIRECTION('center_axis',(6.5070894598047E-9,1.72712996947764E-28,
1.));
#4646=DIRECTION('ref_axis',(1.,2.39123906988701E-16,-6.5070894598047E-9));
#4647=DIRECTION('center_axis',(1.,5.95177516712883E-16,-6.50708809598396E-9));
#4648=DIRECTION('ref_axis',(-6.50708809598396E-9,6.97024224497485E-16,-1.));
#4649=DIRECTION('',(-5.95177516390842E-16,1.,4.94907156151276E-17));
#4650=DIRECTION('center_axis',(-3.50146182883342E-16,1.,3.68752180708633E-15));
#4651=DIRECTION('ref_axis',(-0.707106785787247,2.35988091666452E-15,-0.707106776585849));
#4652=DIRECTION('center_axis',(0.707106781187627,0.707106781185468,-4.60069277290453E-9));
#4653=DIRECTION('ref_axis',(-0.707106781185468,0.707106781187627,4.60069962666045E-9));
#4654=DIRECTION('',(3.50146182883342E-16,-1.,-3.68752180708633E-15));
#4655=DIRECTION('center_axis',(1.,3.50146209451218E-16,-6.50636696209076E-9));
#4656=DIRECTION('ref_axis',(-4.60069644737323E-9,0.707106781186551,-0.707106781186544));
#4657=DIRECTION('center_axis',(-1.,-2.88940817006859E-23,6.50636877708166E-9));
#4658=DIRECTION('ref_axis',(-8.61293371263718E-33,1.,4.4408920985006E-15));
#4659=DIRECTION('',(-1.,-3.50146209451218E-16,6.50636696209076E-9));
#4660=DIRECTION('center_axis',(4.6006964019887E-9,-0.707106781201021,0.707106781172074));
#4661=DIRECTION('ref_axis',(1.,3.29020757216814E-24,-6.50636724818669E-9));
#4662=DIRECTION('',(1.,-1.65543202670438E-13,-6.50653279138937E-9));
#4663=DIRECTION('',(-4.60024484898232E-9,-0.707106781172074,-0.707106781201021));
#4664=DIRECTION('',(-1.,1.35912007213336E-16,6.5063673840987E-9));
#4665=DIRECTION('',(4.60114769796864E-9,0.707106781172074,0.707106781201021));
#4666=DIRECTION('',(1.,-1.65543202670438E-13,-6.50653279138937E-9));
#4667=DIRECTION('',(0.577350265425572,-0.577350269181609,-0.577350272961696));
#4668=DIRECTION('center_axis',(-1.,3.48208186175967E-16,6.50700512860762E-9));
#4669=DIRECTION('ref_axis',(6.50700512860762E-9,-6.97024224498125E-16,1.));
#4670=DIRECTION('',(3.48208210170691E-16,1.,3.68752180254258E-15));
#4671=DIRECTION('center_axis',(6.5063673840987E-9,-3.88578058691039E-15,
1.));
#4672=DIRECTION('ref_axis',(1.,-1.11022302462516E-16,-6.5063673840987E-9));
#4673=DIRECTION('',(-5.8733206917465E-16,1.,3.68752180862955E-15));
#4674=DIRECTION('',(1.,-1.65543202670487E-13,-6.5063673840987E-9));
#4675=DIRECTION('center_axis',(-1.,-5.87332093164669E-16,6.5057292428667E-9));
#4676=DIRECTION('ref_axis',(6.5057292428667E-9,-6.97024224498278E-16,1.));
#4677=DIRECTION('center_axis',(-0.707106781186548,0.707106781186548,4.60069880725417E-9));
#4678=DIRECTION('ref_axis',(-0.50000000460057,-0.499999999999871,-0.707106777933544));
#4679=DIRECTION('',(0.707106781186548,-0.707106781186548,-4.60069880725416E-9));
#4680=DIRECTION('',(-0.707106781186547,0.707106781186547,4.60069880725417E-9));
#4681=DIRECTION('center_axis',(-0.707106781186548,-0.707106781186548,4.60018659740024E-9));
#4682=DIRECTION('ref_axis',(6.50564627549036E-9,-2.24624120413027E-24,1.));
#4683=DIRECTION('',(-0.707106781186536,0.707106781186559,4.60018563303327E-9));
#4684=DIRECTION('center_axis',(-1.49153044708987E-15,-1.,-3.68752179510371E-15));
#4685=DIRECTION('ref_axis',(0.707106776585853,1.55280039743481E-15,-0.707106785787242));
#4686=DIRECTION('',(1.49153044708987E-15,1.,3.68752179510371E-15));
#4687=DIRECTION('center_axis',(-2.88940816834603E-23,-1.,-4.44089209850064E-15));
#4688=DIRECTION('ref_axis',(-6.50636877708168E-9,4.44089209850064E-15,-1.));
#4689=DIRECTION('center_axis',(0.38268343236509,0.923879532511287,-2.48987953584666E-9));
#4690=DIRECTION('ref_axis',(-0.923879532511287,0.38268343236509,6.01111058007508E-9));
#4691=DIRECTION('center_axis',(-0.707106781186547,-0.707106781186548,4.60069359231081E-9));
#4692=DIRECTION('ref_axis',(0.499999995399177,-0.49999999999987,-0.707106784439913));
#4693=DIRECTION('',(0.707106781186547,0.707106781186548,-4.60069359231081E-9));
#4694=DIRECTION('center_axis',(0.408248287807659,-0.816496580927715,-0.408248293120088));
#4695=DIRECTION('ref_axis',(0.577350265433166,0.577350269189639,-0.577350272946072));
#4696=DIRECTION('center_axis',(6.50636696209076E-9,-3.68752180480815E-15,
1.));
#4697=DIRECTION('ref_axis',(-1.,-3.50146209451217E-16,6.50636696209076E-9));
#4698=DIRECTION('center_axis',(6.50636696209076E-9,-3.68752180480815E-15,
1.));
#4699=DIRECTION('ref_axis',(-1.,-3.50146209451217E-16,6.50636696209076E-9));
#4700=DIRECTION('center_axis',(9.20139271349062E-9,0.707106781186545,0.70710678118655));
#4701=DIRECTION('ref_axis',(1.,2.39123921471585E-16,-1.30127346072633E-8));
#4702=DIRECTION('',(4.60069644246743E-9,-0.70710678118655,0.707106781186545));
#4703=DIRECTION('',(-1.,-8.53912495116858E-18,1.30127343766785E-8));
#4704=DIRECTION('',(-9.20139288493486E-9,0.70710678118655,-0.707106781186545));
#4705=DIRECTION('',(0.680157528246494,-0.707106739226288,0.193354069288407));
#4706=DIRECTION('',(-0.341234842464741,0.707106646786017,-0.619321380511846));
#4707=DIRECTION('',(-0.701178813174634,0.707106781186543,-0.0913688784817752));
#4708=DIRECTION('center_axis',(-2.39123906988701E-16,1.,1.55582794175655E-24));
#4709=DIRECTION('ref_axis',(1.,2.39123906988701E-16,-4.11636061355506E-16));
#4710=DIRECTION('',(0.707106781186487,0.707106781186608,-4.60761620023139E-9));
#4711=DIRECTION('center_axis',(-8.53912495116857E-18,1.,-8.17194769054627E-25));
#4712=DIRECTION('ref_axis',(1.,8.53912495116857E-18,-4.11636063128036E-16));
#4713=DIRECTION('center_axis',(-0.70710678118656,0.707106781186535,4.60120624967895E-9));
#4714=DIRECTION('ref_axis',(6.5070882815717E-9,-1.06001734425213E-24,1.));
#4715=DIRECTION('',(-6.5070882815717E-9,-8.72759608959252E-25,-1.));
#4716=DIRECTION('',(0.707106781186535,0.70710678118656,-4.60120551272286E-9));
#4717=DIRECTION('center_axis',(-2.39123906988701E-16,1.,1.55582794175655E-24));
#4718=DIRECTION('ref_axis',(0.752991442089192,1.80058254537642E-16,0.658030309439041));
#4719=DIRECTION('',(0.0947468054583411,0.707106781186562,0.700730363874307));
#4720=DIRECTION('center_axis',(-8.53912495116857E-18,1.,-8.17194769054627E-25));
#4721=DIRECTION('ref_axis',(0.752991442089192,6.42988854889915E-18,0.658030309439041));
#4722=DIRECTION('center_axis',(2.39123906988701E-16,-1.,-1.55582794175655E-24));
#4723=DIRECTION('ref_axis',(-1.,-2.39123906988701E-16,6.50708813763002E-9));
#4724=DIRECTION('',(0.410628629802903,0.70710678118656,0.575659733163761));
#4725=DIRECTION('center_axis',(8.53912495116857E-18,-1.,8.17194769054627E-25));
#4726=DIRECTION('ref_axis',(-1.,-8.53912495116857E-18,6.50708813763002E-9));
#4727=DIRECTION('center_axis',(2.39123906988701E-16,-1.,-1.55582794175655E-24));
#4728=DIRECTION('ref_axis',(-0.889020973504961,-2.12586167867043E-16,-0.457866474715383));
#4729=DIRECTION('center_axis',(8.53912495116857E-18,-1.,8.17194769054627E-25));
#4730=DIRECTION('ref_axis',(-0.88902097350496,-7.59146155113447E-18,-0.457866474715383));
#4731=DIRECTION('center_axis',(-1.30127343766785E-8,7.26657001554953E-15,
-1.));
#4732=DIRECTION('ref_axis',(-1.,-4.61168511913732E-16,1.30127343766785E-8));
#4733=DIRECTION('',(1.19561906215378E-16,-1.,-7.26657001710536E-15));
#4734=DIRECTION('',(1.,1.65782328496675E-13,-1.30127343766785E-8));
#4735=DIRECTION('',(1.23383930574576E-7,-0.999999999999992,4.56247308575562E-39));
#4736=DIRECTION('',(-8.81970202964765E-8,0.999999999999988,-1.24153681398777E-7));
#4737=DIRECTION('center_axis',(4.30842128672614E-10,-1.,1.58869220375753E-12));
#4738=DIRECTION('ref_axis',(-0.999726038969934,-4.30761169914755E-10,-0.0234061317924539));
#4739=DIRECTION('',(4.35225035793378E-8,0.999999999999894,-4.58005234809394E-7));
#4740=DIRECTION('center_axis',(3.50146161294388E-16,-1.,-6.93889390690776E-15));
#4741=DIRECTION('ref_axis',(0.707106785786447,-4.65894817692194E-15,0.707106776586648));
#4742=DIRECTION('',(3.50146104356955E-16,-1.,-8.07626273863563E-15));
#4743=DIRECTION('',(-3.50146161294388E-16,1.,6.93889390690776E-15));
#4744=DIRECTION('center_axis',(-1.6508203612593E-13,-1.,-2.94972464233547E-13));
#4745=DIRECTION('ref_axis',(0.707106785786447,-3.25307656322092E-13,0.707106776586648));
#4746=DIRECTION('center_axis',(-6.50503353558733E-9,6.93889390463005E-15,
-1.));
#4747=DIRECTION('ref_axis',(1.,3.5014620926369E-16,-6.50503353558733E-9));
#4748=DIRECTION('',(3.50146161294388E-16,-1.,-6.93889390690776E-15));
#4749=DIRECTION('',(-1.,1.65082034206135E-13,6.50838490572957E-9));
#4750=DIRECTION('center_axis',(3.50146161294388E-16,-1.,-6.93889390690776E-15));
#4751=DIRECTION('ref_axis',(-0.707106776586547,-5.15412969087444E-15,0.707106785786548));
#4752=DIRECTION('',(-3.50146161294388E-16,1.,6.93889390690776E-15));
#4753=DIRECTION('center_axis',(-1.6508203612593E-13,-1.,-2.94972464233547E-13));
#4754=DIRECTION('ref_axis',(-0.707106776586547,-9.18464046423707E-14,0.707106785786548));
#4755=DIRECTION('center_axis',(1.,3.5014620643698E-16,-6.50573314086446E-9));
#4756=DIRECTION('ref_axis',(6.50573314086446E-9,-7.40268934644706E-15,1.));
#4757=DIRECTION('',(3.50146161294388E-16,-1.,-6.93889390690776E-15));
#4758=DIRECTION('',(-6.50573314086446E-9,2.94972465307526E-13,-1.));
#4759=DIRECTION('center_axis',(3.50146161294388E-16,-1.,-7.54447010215773E-15));
#4760=DIRECTION('ref_axis',(-1.,-3.50146161294391E-16,4.11636063128036E-16));
#4761=DIRECTION('',(3.04657397087778E-8,0.999999999999972,-2.33798640003644E-7));
#4762=DIRECTION('center_axis',(6.6654641034665E-16,-1.,-2.77555759621224E-16));
#4763=DIRECTION('ref_axis',(0.0647435324954472,3.20127999208768E-16,-0.997901936564917));
#4764=DIRECTION('',(-3.50146161294388E-16,1.,7.54447010215773E-15));
#4765=DIRECTION('center_axis',(-6.11035259115392E-16,1.,2.77555759621224E-16));
#4766=DIRECTION('ref_axis',(-1.,-6.11035259115392E-16,4.11636062300855E-16));
#4767=DIRECTION('center_axis',(6.11035259115392E-16,-1.,-2.77555759621224E-16));
#4768=DIRECTION('ref_axis',(-1.,-6.11035259115392E-16,4.11636061749401E-16));
#4769=DIRECTION('center_axis',(-6.11035259115392E-16,1.,2.77555759621224E-16));
#4770=DIRECTION('ref_axis',(-1.,-6.11035259115392E-16,4.11636062537193E-16));
#4771=DIRECTION('center_axis',(-4.61168463756907E-16,1.,3.0005314065409E-24));
#4772=DIRECTION('ref_axis',(-1.,-4.61168463756907E-16,4.11636063781073E-16));
#4773=DIRECTION('',(0.707106781186547,0.707106781186548,-3.77666255582388E-16));
#4774=DIRECTION('center_axis',(-1.,-3.50146206435004E-16,6.50544833342568E-9));
#4775=DIRECTION('ref_axis',(-6.50544833342568E-9,7.37418345108872E-15,-1.));
#4776=DIRECTION('',(6.50544833342568E-9,-2.94972465307479E-13,1.));
#4777=DIRECTION('',(-3.50146161294388E-16,1.,6.93889390690776E-15));
#4778=DIRECTION('center_axis',(-3.50146161294388E-16,1.,6.93889390690776E-15));
#4779=DIRECTION('ref_axis',(0.707106776586042,5.15412969087776E-15,-0.707106785787053));
#4780=DIRECTION('center_axis',(-1.6508203612593E-13,-1.,-2.94972464233547E-13));
#4781=DIRECTION('ref_axis',(0.707106776586042,9.1846404642603E-14,-0.707106785787053));
#4782=DIRECTION('',(3.50146104356955E-16,-1.,-8.07626273863563E-15));
#4783=DIRECTION('center_axis',(6.50675066866953E-9,-6.93889390462945E-15,
1.));
#4784=DIRECTION('ref_axis',(-1.,-4.61168513376193E-16,6.50675066866953E-9));
#4785=DIRECTION('',(1.,-1.65082034206942E-13,-6.50564933502316E-9));
#4786=DIRECTION('',(-3.50146161294388E-16,1.,6.93889390690776E-15));
#4787=DIRECTION('center_axis',(-3.50146161294388E-16,1.,6.93889390690776E-15));
#4788=DIRECTION('ref_axis',(-0.707106785787156,4.65894817691677E-15,-0.707106776585939));
#4789=DIRECTION('center_axis',(-1.6508203612593E-13,-1.,-2.94972464233547E-13));
#4790=DIRECTION('ref_axis',(-0.707106785787156,3.25307656322E-13,-0.707106776585939));
#4791=DIRECTION('center_axis',(1.,3.50146210386921E-16,-6.5070882815717E-9));
#4792=DIRECTION('ref_axis',(-3.50146161294388E-16,1.,7.54447010215773E-15));
#4793=DIRECTION('',(6.5070882815717E-9,-2.77555755283948E-16,1.));
#4794=DIRECTION('',(3.50146209843643E-16,-1.,-8.34902133258726E-17));
#4795=DIRECTION('center_axis',(6.4284136994548E-16,-1.,-8.34902152304659E-17));
#4796=DIRECTION('ref_axis',(1.,6.42841370488758E-16,-6.50708813763002E-9));
#4797=DIRECTION('',(-6.4284136994548E-16,1.,8.34902152304659E-17));
#4798=DIRECTION('center_axis',(-6.6654641034665E-16,1.,2.77555759621224E-16));
#4799=DIRECTION('ref_axis',(-0.368135160798201,1.26844830989447E-17,-0.929772285768985));
#4800=DIRECTION('',(6.4284136994548E-16,-1.,-8.34902152304659E-17));
#4801=DIRECTION('center_axis',(-6.4284136994548E-16,1.,8.34902152304659E-17));
#4802=DIRECTION('ref_axis',(0.752991442089191,4.29114958026603E-16,0.658030309439041));
#4803=DIRECTION('center_axis',(6.6654641034665E-16,-1.,-2.77555759621224E-16));
#4804=DIRECTION('ref_axis',(0.752991442089192,3.19263640356156E-16,0.658030309439041));
#4805=DIRECTION('center_axis',(5.95177516390842E-16,-1.,-4.94907156151276E-17));
#4806=DIRECTION('ref_axis',(-0.88902097350496,-5.06465155540211E-16,-0.457866474715383));
#4807=DIRECTION('center_axis',(-6.6654641034665E-16,1.,2.77555759621224E-16));
#4808=DIRECTION('ref_axis',(-0.88902097350496,-4.65490261417895E-16,-0.457866474715383));
#4809=DIRECTION('center_axis',(1.,1.65662354576137E-13,-1.30127343714743E-8));
#4810=DIRECTION('ref_axis',(-1.30127343714743E-8,8.88178419544538E-15,-1.));
#4811=DIRECTION('center_axis',(-1.,-1.65782328496675E-13,1.30127343766785E-8));
#4812=DIRECTION('ref_axis',(-9.20150994533596E-9,0.707106781186654,-0.707106781186441));
#4813=DIRECTION('center_axis',(-1.,-1.19561953494351E-16,6.50636718573716E-9));
#4814=DIRECTION('ref_axis',(-4.60069644246675E-9,0.707106781186654,-0.707106781186441));
#4815=DIRECTION('',(-1.,-1.65782328496675E-13,1.30127343766785E-8));
#4816=DIRECTION('center_axis',(-6.6654641034665E-16,1.,2.77555759621224E-16));
#4817=DIRECTION('ref_axis',(1.30127344455389E-8,-4.44089209850063E-16,1.));
#4818=DIRECTION('center_axis',(-0.814105801952282,-1.94672160968495E-16,
0.580716577365957));
#4819=DIRECTION('ref_axis',(0.580716577365957,1.38863215566245E-16,0.814105801952282));
#4820=DIRECTION('center_axis',(6.6654641034665E-16,-1.,-2.77555759621224E-16));
#4821=DIRECTION('ref_axis',(-1.30127342747353E-8,2.73285667600038E-16,-1.));
#4822=DIRECTION('center_axis',(-0.9909823841577,-2.36967579665236E-16,0.13399221727071));
#4823=DIRECTION('ref_axis',(0.13399221727071,3.2040740958053E-17,0.9909823841577));
#4824=DIRECTION('center_axis',(6.6654641034665E-16,-1.,-2.77555759621224E-16));
#4825=DIRECTION('ref_axis',(-1.30127340014496E-8,0.,-1.));
#4826=DIRECTION('center_axis',(6.50708945980472E-9,1.72712996951254E-28,
1.));
#4827=DIRECTION('ref_axis',(1.,2.39123906988701E-16,-6.50708945980472E-9));
#4828=DIRECTION('center_axis',(-6.5070882815717E-9,2.77555755283948E-16,
-1.));
#4829=DIRECTION('ref_axis',(0.707106781186551,0.707106781186545,-4.60120605341733E-9));
#4830=DIRECTION('center_axis',(6.51615554102378E-9,-1.95484672893536E-8,
1.));
#4831=DIRECTION('ref_axis',(1.,2.39123906988701E-16,-6.51615554102378E-9));
#4832=DIRECTION('center_axis',(0.875852481172918,3.22576093410194E-15,-0.482578937815612));
#4833=DIRECTION('ref_axis',(-0.482578937815577,-3.80141909177501E-7,-0.875852481172854));
#4834=DIRECTION('center_axis',(3.50146161294391E-16,-1.,-2.7755575915682E-16));
#4835=DIRECTION('ref_axis',(-1.,-3.50146161294391E-16,4.11636061749401E-16));
#4836=DIRECTION('center_axis',(-3.50146161294391E-16,1.,2.7755575915682E-16));
#4837=DIRECTION('ref_axis',(1.,3.50146161294391E-16,-4.11636061749401E-16));
#4838=DIRECTION('center_axis',(-6.6654641034665E-16,1.,2.77555759621224E-16));
#4839=DIRECTION('ref_axis',(-1.,-6.6654641034665E-16,4.11636058992133E-16));
#4840=DIRECTION('',(3.50146161294391E-16,-1.,-2.7755575915682E-16));
#4841=DIRECTION('center_axis',(0.129215340926387,3.86072915913429E-15,-0.991616556774481));
#4842=DIRECTION('ref_axis',(-0.991616556774481,-2.3711922508956E-16,-0.129215340926387));
#4843=DIRECTION('center_axis',(-6.6654641034665E-16,1.,2.77555759621224E-16));
#4844=DIRECTION('ref_axis',(-0.0647435317017724,0.,-0.99790193661641));
#4845=DIRECTION('center_axis',(3.50146161294391E-16,-1.,-2.7755575915682E-16));
#4846=DIRECTION('ref_axis',(1.,3.50146161294391E-16,1.57735821670699E-16));
#4847=DIRECTION('',(-0.774596669241512,-0.63245553203364,9.40328730015086E-10));
#4848=DIRECTION('',(0.690853306571989,0.684684237754847,0.232226620714796));
#4849=DIRECTION('',(0.61454733961322,0.707106781186542,0.349759299196349));
#4850=DIRECTION('',(0.685403061556344,-0.707106769846528,-0.17384665440094));
#4851=DIRECTION('',(-0.768102882042212,0.632455532033687,-0.100089772696483));
#4852=DIRECTION('center_axis',(-2.39123906988701E-16,1.,1.55582794175655E-24));
#4853=DIRECTION('ref_axis',(-1.,-2.39123906988701E-16,4.11636058475145E-16));
#4854=DIRECTION('center_axis',(-2.39123906988701E-16,1.,1.55582794175655E-24));
#4855=DIRECTION('ref_axis',(1.,2.39123906988701E-16,-1.09494695736734E-16));
#4856=DIRECTION('center_axis',(1.,-1.65543202670487E-13,-6.5063673840987E-9));
#4857=DIRECTION('ref_axis',(4.60081355490903E-9,0.707106781186444,0.707106781186651));
#4858=DIRECTION('',(-1.,1.65543202670487E-13,6.5063673840987E-9));
#4859=DIRECTION('center_axis',(1.66727967217203E-16,-0.707106781186545,
-0.70710678118655));
#4860=DIRECTION('ref_axis',(-1.,2.89975623633759E-31,-2.35788952465465E-16));
#4861=DIRECTION('',(2.00569910204373E-32,0.70710678118655,-0.707106781186545));
#4862=DIRECTION('',(1.,2.30584782037532E-16,5.20417042793375E-18));
#4863=DIRECTION('',(-0.680157525730429,-0.707106739226288,0.193354078139116));
#4864=DIRECTION('',(0.341234834405676,0.707106646786017,-0.619321384952244));
#4865=DIRECTION('',(0.701178811985675,0.707106781186543,-0.0913688876060288));
#4866=DIRECTION('center_axis',(-8.61298621073695E-33,1.,-5.39304980168303E-64));
#4867=DIRECTION('ref_axis',(-1.,-8.61298621073694E-33,1.30127339598383E-8));
#4868=DIRECTION('',(-0.707106781186487,0.707106781186608,4.59377651561657E-9));
#4869=DIRECTION('center_axis',(2.30584782037532E-16,-1.,-6.27515807947537E-25));
#4870=DIRECTION('ref_axis',(-1.,-2.30584782037532E-16,1.30127339598383E-8));
#4871=DIRECTION('center_axis',(-0.70710678118656,-0.707106781186535,4.60018646616997E-9));
#4872=DIRECTION('ref_axis',(6.50564608990262E-9,-8.84263169756206E-25,1.));
#4873=DIRECTION('',(-0.707106781186535,0.70710678118656,4.60018720312573E-9));
#4874=DIRECTION('',(-6.50564608990261E-9,-8.72587177705983E-25,-1.));
#4875=DIRECTION('center_axis',(-8.61298621073695E-33,1.,-5.39304980168303E-64));
#4876=DIRECTION('ref_axis',(-0.752991433526418,-6.48550483376608E-33,0.658030319237518));
#4877=DIRECTION('',(-0.0947467963399232,0.707106781186562,0.700730365107222));
#4878=DIRECTION('center_axis',(8.61298621073695E-33,-1.,5.39304980168303E-64));
#4879=DIRECTION('ref_axis',(1.,8.61298621073695E-33,-6.5056462338443E-9));
#4880=DIRECTION('',(-0.410628622311996,0.70710678118656,0.575659738507162));
#4881=DIRECTION('center_axis',(-2.30584782037532E-16,1.,6.27515807947537E-25));
#4882=DIRECTION('ref_axis',(1.,2.30584782037532E-16,-6.5056462338443E-9));
#4883=DIRECTION('center_axis',(8.61298621073695E-33,-1.,5.39304980168303E-64));
#4884=DIRECTION('ref_axis',(0.889020967546865,7.65712533453717E-33,-0.457866486283977));
#4885=DIRECTION('center_axis',(-2.30584782037532E-16,1.,6.27515807947537E-25));
#4886=DIRECTION('ref_axis',(0.889020967546866,2.04994706315908E-16,-0.457866486283977));
#4887=DIRECTION('center_axis',(-5.20417042793208E-18,-7.26657001710536E-15,
1.));
#4888=DIRECTION('ref_axis',(1.,-2.22044604925031E-16,5.20417042793046E-18));
#4889=DIRECTION('',(-1.23383926775006E-7,-0.999999999999992,-4.56247294525566E-39));
#4890=DIRECTION('',(-1.,1.65543204589686E-13,-5.20417042672914E-18));
#4891=DIRECTION('',(8.81970084755908E-8,0.999999999999988,-1.24153714328387E-7));
#4892=DIRECTION('',(-4.35225031352486E-8,0.999999999999894,-4.58005234809394E-7));
#4893=DIRECTION('center_axis',(4.30842128648985E-10,1.,-1.5886978101919E-12));
#4894=DIRECTION('ref_axis',(0.999726038665352,-4.30761169917288E-10,-0.0234061448018167));
#4895=DIRECTION('center_axis',(1.1102234459967E-16,1.,6.93889390390723E-15));
#4896=DIRECTION('ref_axis',(-0.707106776585054,-4.82803431309729E-15,0.707106785788041));
#4897=DIRECTION('',(-1.11022302462516E-16,-1.,-8.07626273563509E-15));
#4898=DIRECTION('center_axis',(-1.6532115619452E-13,1.,2.94972466383271E-13));
#4899=DIRECTION('ref_axis',(-0.707106776585054,-3.25476742458267E-13,0.707106785788041));
#4900=DIRECTION('',(1.1102234459967E-16,1.,6.93889390390723E-15));
#4901=DIRECTION('center_axis',(6.50770083588699E-9,-6.93889390462973E-15,
1.));
#4902=DIRECTION('ref_axis',(-1.,1.11022302274989E-16,6.50770083588699E-9));
#4903=DIRECTION('',(1.,1.65321158113124E-13,-6.50434946574475E-9));
#4904=DIRECTION('',(-1.1102234459967E-16,-1.,-6.93889390390723E-15));
#4905=DIRECTION('center_axis',(1.1102234459967E-16,1.,6.93889390390723E-15));
#4906=DIRECTION('ref_axis',(0.70710678578794,-4.98504355469874E-15,0.707106776585155));
#4907=DIRECTION('center_axis',(-1.6532115619452E-13,1.,2.94972466383271E-13));
#4908=DIRECTION('ref_axis',(0.70710678578794,-9.16773185061947E-14,0.707106776585155));
#4909=DIRECTION('',(1.1102234459967E-16,1.,6.93889390390723E-15));
#4910=DIRECTION('center_axis',(1.,-1.11022299448279E-16,-6.50700123060985E-9));
#4911=DIRECTION('ref_axis',(6.50700123060985E-9,-7.40268934644691E-15,1.));
#4912=DIRECTION('',(-1.1102234459967E-16,-1.,-6.93889390390723E-15));
#4913=DIRECTION('',(-6.50700123060985E-9,2.94972465307526E-13,-1.));
#4914=DIRECTION('center_axis',(1.11022352479872E-16,1.,7.5444700991572E-15));
#4915=DIRECTION('ref_axis',(1.,-1.1102225430569E-16,-1.30127339598383E-8));
#4916=DIRECTION('',(1.11022352479872E-16,1.,7.5444700991572E-15));
#4917=DIRECTION('center_axis',(4.27422506969708E-16,1.,2.77555752503461E-16));
#4918=DIRECTION('ref_axis',(-0.06474354548088,3.04646271213643E-16,-0.997901935722426));
#4919=DIRECTION('',(-3.04657397087778E-8,0.999999999999972,-2.33798640003644E-7));
#4920=DIRECTION('center_axis',(-3.7191135573845E-16,-1.,-2.77555753225813E-16));
#4921=DIRECTION('ref_axis',(1.,-3.71911352126691E-16,-1.30127339598383E-8));
#4922=DIRECTION('center_axis',(3.7191135573845E-16,1.,2.77555753225813E-16));
#4923=DIRECTION('ref_axis',(1.,-3.71911352126691E-16,-1.30127339598383E-8));
#4924=DIRECTION('center_axis',(-3.7191135573845E-16,-1.,-2.77555753225813E-16));
#4925=DIRECTION('ref_axis',(1.,-3.71911352126691E-16,-1.30127339598383E-8));
#4926=DIRECTION('center_axis',(2.22044556768206E-16,1.,-1.44470337107206E-24));
#4927=DIRECTION('ref_axis',(1.,-2.22044556768206E-16,-1.30127339598383E-8));
#4928=DIRECTION('',(-0.707106781186547,0.707106781186548,9.20139251137374E-9));
#4929=DIRECTION('center_axis',(-1.,1.11022299446303E-16,6.50728603804864E-9));
#4930=DIRECTION('ref_axis',(-6.50728603804864E-9,7.37418345108851E-15,-1.));
#4931=DIRECTION('',(6.50728603804864E-9,-2.94972465307479E-13,1.));
#4932=DIRECTION('',(1.1102234459967E-16,1.,6.93889390390723E-15));
#4933=DIRECTION('center_axis',(-1.1102234459967E-16,-1.,-6.93889390390723E-15));
#4934=DIRECTION('ref_axis',(-0.707106785787435,4.98504355470219E-15,-0.70710677658566));
#4935=DIRECTION('',(-1.11022302462516E-16,-1.,-8.07626273563509E-15));
#4936=DIRECTION('center_axis',(-1.6532115619452E-13,1.,2.94972466383271E-13));
#4937=DIRECTION('ref_axis',(-0.707106785787435,9.16773185064272E-14,-0.70710677658566));
#4938=DIRECTION('center_axis',(-6.50598370280479E-9,6.93889390462954E-15,
-1.));
#4939=DIRECTION('ref_axis',(1.,-2.22044606387492E-16,-6.50598370280479E-9));
#4940=DIRECTION('',(1.1102234459967E-16,1.,6.93889390390723E-15));
#4941=DIRECTION('',(-1.,-1.65321158113931E-13,6.50708503645115E-9));
#4942=DIRECTION('center_axis',(-1.1102234459967E-16,-1.,-6.93889390390723E-15));
#4943=DIRECTION('ref_axis',(0.707106776585763,4.82803431309229E-15,-0.707106785787332));
#4944=DIRECTION('center_axis',(-1.6532115619452E-13,1.,2.94972466383271E-13));
#4945=DIRECTION('ref_axis',(0.707106776585763,3.25476742458175E-13,-0.707106785787332));
#4946=DIRECTION('center_axis',(-1.65543204589686E-13,-1.,-2.94972464230546E-13));
#4947=DIRECTION('ref_axis',(5.20417042796317E-18,2.94972464230546E-13,-1.));
#4948=DIRECTION('',(1.,-1.65543204589686E-13,5.20417042672914E-18));
#4949=DIRECTION('center_axis',(1.,-1.1102230339822E-16,-6.50564608990261E-9));
#4950=DIRECTION('ref_axis',(1.11022352479872E-16,1.,7.5444700991572E-15));
#4951=DIRECTION('',(6.50564608990261E-9,-2.7755575528412E-16,1.));
#4952=DIRECTION('center_axis',(4.03717464043215E-16,1.,8.34902084211698E-17));
#4953=DIRECTION('ref_axis',(-1.,4.03717463500057E-16,6.5056462338443E-9));
#4954=DIRECTION('',(-4.03717464043215E-16,-1.,-8.34902084211698E-17));
#4955=DIRECTION('center_axis',(-4.27422506969708E-16,-1.,-2.77555752503461E-16));
#4956=DIRECTION('ref_axis',(0.368135148699321,1.00714399602359E-16,-0.92977229055943));
#4957=DIRECTION('center_axis',(3.56053610046151E-16,1.,4.94907094260686E-17));
#4958=DIRECTION('ref_axis',(0.889020967546866,-2.93878987673168E-16,-0.457866486283977));
#4959=DIRECTION('center_axis',(-4.27422506969708E-16,-1.,-2.77555752503461E-16));
#4960=DIRECTION('ref_axis',(0.889020967546866,-2.52904093550852E-16,-0.457866486283977));
#4961=DIRECTION('center_axis',(1.,-1.65423230669148E-13,-1.4692164581192E-27));
#4962=DIRECTION('ref_axis',(3.69778549252396E-32,8.8817841970012E-15,-1.));
#4963=DIRECTION('center_axis',(-1.,1.65543204589686E-13,-5.20417042672914E-18));
#4964=DIRECTION('ref_axis',(1.17060402448936E-13,0.707106781186654,-0.707106781186441));
#4965=DIRECTION('center_axis',(4.27422506969708E-16,1.,2.77555752503461E-16));
#4966=DIRECTION('ref_axis',(0.,-4.44089209850063E-16,1.));
#4967=DIRECTION('center_axis',(-0.814105809508993,-7.0118821113818E-33,
-0.580716566772214));
#4968=DIRECTION('ref_axis',(-0.580716566772214,-5.00170378195558E-33,0.814105809508993));
#4969=DIRECTION('center_axis',(-4.27422506969708E-16,-1.,-2.77555752503461E-16));
#4970=DIRECTION('ref_axis',(0.,2.73285667600038E-16,-1.));
#4971=DIRECTION('center_axis',(6.50564608990261E-9,-2.7755575528412E-16,
1.));
#4972=DIRECTION('ref_axis',(-0.707106781186551,0.707106781186544,4.60018666243146E-9));
#4973=DIRECTION('center_axis',(-6.49657883045054E-9,1.95484672893536E-8,
-1.));
#4974=DIRECTION('ref_axis',(-1.,9.76039530349592E-33,6.49657883045054E-9));
#4975=DIRECTION('center_axis',(0.875852487452589,-3.01632366610731E-15,
0.482578926418376));
#4976=DIRECTION('ref_axis',(0.482578926418341,-3.80141909062105E-7,-0.875852487452526));
#4977=DIRECTION('center_axis',(1.11022257917449E-16,1.,2.77555756156289E-16));
#4978=DIRECTION('ref_axis',(1.,-1.1102225430569E-16,-1.30127339598383E-8));
#4979=DIRECTION('',(1.11022257917449E-16,1.,2.77555756156289E-16));
#4980=DIRECTION('center_axis',(-4.27422506969708E-16,-1.,-2.77555752503461E-16));
#4981=DIRECTION('ref_axis',(1.,-4.27422503357949E-16,-1.30127339598383E-8));
#4982=DIRECTION('center_axis',(-1.11022257917449E-16,-1.,-2.77555756156289E-16));
#4983=DIRECTION('ref_axis',(-1.,1.1102225430569E-16,1.30127339598383E-8));
#4984=DIRECTION('center_axis',(0.12921535383003,-3.82983068042631E-15,0.991616555093036));
#4985=DIRECTION('ref_axis',(0.991616555093036,8.57852298710712E-32,-0.12921535383003));
#4986=DIRECTION('center_axis',(4.27422506969708E-16,1.,2.77555752503461E-16));
#4987=DIRECTION('ref_axis',(-0.0647435187163401,0.,-0.9979019374589));
#4988=DIRECTION('center_axis',(1.11022257917449E-16,1.,2.77555756156289E-16));
#4989=DIRECTION('ref_axis',(-1.,1.1102225430569E-16,1.30127345292101E-8));
#4990=DIRECTION('',(0.774596669241513,-0.63245553203364,-9.13929197185345E-9));
#4991=DIRECTION('',(-0.690853303550086,0.684684237754847,0.232226629704687));
#4992=DIRECTION('',(-0.614547335061895,0.707106781186542,0.34975930719329));
#4993=DIRECTION('',(-0.685403063818563,-0.707106769846529,-0.173846645481972));
#4994=DIRECTION('',(0.768102880739771,0.632455532033687,-0.100089782691602));
#4995=DIRECTION('center_axis',(-8.61298621073695E-33,1.,-5.39304980168303E-64));
#4996=DIRECTION('ref_axis',(1.,8.61298621073695E-33,-1.30127339598383E-8));
#4997=DIRECTION('center_axis',(-8.61298621073695E-33,1.,-5.39304980168303E-64));
#4998=DIRECTION('ref_axis',(-1.,-8.61298621073694E-33,1.30127342619796E-8));
#4999=DIRECTION('',(-5.03086748692219E-17,7.88860905221012E-31,1.));
#5000=DIRECTION('',(1.,2.22044604925031E-16,5.03086748692219E-17));
#5001=DIRECTION('',(0.,0.,1.));
#5002=DIRECTION('',(1.,2.22498522382153E-33,0.));
#5003=CARTESIAN_POINT('',(0.,0.,0.));
#5004=CARTESIAN_POINT('',(0.,0.,0.));
#5005=CARTESIAN_POINT('',(0.,0.,0.));
#5006=CARTESIAN_POINT('Origin',(-26.1320500192174,27.4999466668503,12.4154899162436));
#5007=CARTESIAN_POINT('',(-24.2820500192174,27.4999466668504,12.4154899162436));
#5008=CARTESIAN_POINT('Origin',(-26.1320500192174,27.4999466668503,12.4154899162436));
#5009=CARTESIAN_POINT('',(-24.2820500192174,23.2936569019178,12.4154899162436));
#5010=CARTESIAN_POINT('',(-24.2820500192174,27.4999466668503,12.4154899162436));
#5011=CARTESIAN_POINT('Origin',(-26.1320500192174,23.2936569019178,12.4154899162436));
#5012=CARTESIAN_POINT('Origin',(-26.1320500192174,27.4999466668503,12.4154899162436));
#5013=CARTESIAN_POINT('Origin',(-26.1320500192175,27.4999466668503,18.9154899162436));
#5014=CARTESIAN_POINT('',(-24.2820500192175,27.4999466668504,18.9154899162436));
#5015=CARTESIAN_POINT('Origin',(-26.1320500192175,27.4999466668503,18.9154899162436));
#5016=CARTESIAN_POINT('',(-24.2820500192175,23.2936569019178,18.9154899162436));
#5017=CARTESIAN_POINT('',(-24.2820500192175,27.4999466668503,18.9154899162436));
#5018=CARTESIAN_POINT('Origin',(-26.1320500192175,23.2936569019178,18.9154899162436));
#5019=CARTESIAN_POINT('Origin',(-26.1320500192175,27.4999466668503,18.9154899162436));
#5020=CARTESIAN_POINT('Origin',(9.44080329499903,24.8363543900646,30.8500004521567));
#5021=CARTESIAN_POINT('',(9.44080329499903,28.1027104249415,31.1500001467609));
#5022=CARTESIAN_POINT('',(9.74080329499903,28.1027103968923,30.850000144809));
#5023=CARTESIAN_POINT('Origin',(9.44080329499903,28.1027103968923,30.8500001467609));
#5024=CARTESIAN_POINT('',(9.74080329499903,23.2936569019178,30.850000594443));
#5025=CARTESIAN_POINT('',(9.74080329499903,24.8363543900646,30.8500004502048));
#5026=CARTESIAN_POINT('',(9.44080329499903,23.2936569019178,31.1500005963949));
#5027=CARTESIAN_POINT('Origin',(9.44080329499903,23.2936569019178,30.8500005963949));
#5028=CARTESIAN_POINT('',(9.44080329499903,24.8363544181138,31.1500004521567));
#5029=CARTESIAN_POINT('Ctrl Pts',(9.74080329499906,28.1027103968923,30.850000144809));
#5030=CARTESIAN_POINT('Ctrl Pts',(9.74080329499905,28.4019096972342,30.8500001084423));
#5031=CARTESIAN_POINT('Ctrl Pts',(9.99189474523558,28.9199555968612,30.8500000459657));
#5032=CARTESIAN_POINT('Ctrl Pts',(10.5164038197426,29.1027103968923,30.8500000247763));
#5033=CARTESIAN_POINT('Ctrl Pts',(10.7408032949991,29.1027103968923,30.8500000252143));
#5034=CARTESIAN_POINT('Ctrl Pts',(9.74080329551006,28.1027104042356,30.9285399614741));
#5035=CARTESIAN_POINT('Ctrl Pts',(9.74080329775682,28.4017209002708,30.9285399265199));
#5036=CARTESIAN_POINT('Ctrl Pts',(9.99204755176841,28.9199120953908,30.9285398663726));
#5037=CARTESIAN_POINT('Ctrl Pts',(10.5165454245405,29.1027103967751,30.9285398458637));
#5038=CARTESIAN_POINT('Ctrl Pts',(10.7408032949991,29.1027103968923,30.9285398462289));
#5039=CARTESIAN_POINT('Ctrl Pts',(9.67573397528883,28.1027104188577,31.0849308255221));
#5040=CARTESIAN_POINT('Ctrl Pts',(9.67573397939912,28.4214552128039,31.0849307932658));
#5041=CARTESIAN_POINT('Ctrl Pts',(9.94310163137322,28.9731508961086,31.0849307376102));
#5042=CARTESIAN_POINT('Ctrl Pts',(10.5017447024076,29.1677797255063,31.0849307182231));
#5043=CARTESIAN_POINT('Ctrl Pts',(10.7408032949991,29.1677797257208,31.0849307183512));
#5044=CARTESIAN_POINT('Ctrl Pts',(9.51934311166411,28.1027104249415,31.1500001467609));
#5045=CARTESIAN_POINT('Ctrl Pts',(9.51934311307657,28.4681271270257,31.150000112641));
#5046=CARTESIAN_POINT('Ctrl Pts',(9.82607639133867,29.1009329099376,31.1500000534428));
#5047=CARTESIAN_POINT('Ctrl Pts',(10.4667407694215,29.3241706038532,31.1500000325599));
#5048=CARTESIAN_POINT('Ctrl Pts',(10.7408032949991,29.3241706039269,31.1500000325576));
#5049=CARTESIAN_POINT('Ctrl Pts',(9.44080329499905,28.1027104249415,31.1500001467609));
#5050=CARTESIAN_POINT('Ctrl Pts',(9.44080329499905,28.491669515386,31.1500001103942));
#5051=CARTESIAN_POINT('Ctrl Pts',(9.76722218030655,29.1651291849011,31.1500000474275));
#5052=CARTESIAN_POINT('Ctrl Pts',(10.4490839771657,29.4027104249415,31.1500000252143));
#5053=CARTESIAN_POINT('Ctrl Pts',(10.7408032949991,29.4027104249415,31.1500000252143));
#5054=CARTESIAN_POINT('',(10.7408032949991,29.4027104249415,31.1500000252143));
#5055=CARTESIAN_POINT('',(10.7408032949991,29.1027103968923,30.8500000532635));
#5056=CARTESIAN_POINT('Origin',(10.7408032949991,29.4027103968923,30.8500000252143));
#5057=CARTESIAN_POINT('Origin',(10.7408032949991,28.1027103968923,30.8500001467609));
#5058=CARTESIAN_POINT('Origin',(10.7408032949991,28.1027104249415,31.1500001467609));
#5059=CARTESIAN_POINT('Origin',(2.57040149093773,29.4027103968923,30.8500000252142));
#5060=CARTESIAN_POINT('',(20.6408056906893,29.4027104249416,31.1500000252144));
#5061=CARTESIAN_POINT('',(20.6408056906893,29.1027103968923,30.8500000252144));
#5062=CARTESIAN_POINT('Origin',(20.6408056906893,29.4027103968924,30.8500000252144));
#5063=CARTESIAN_POINT('',(2.57040149093773,29.1027103968923,30.8500000252142));
#5064=CARTESIAN_POINT('',(2.57040149093772,29.4027104249416,31.1500000252142));
#5065=CARTESIAN_POINT('Ctrl Pts',(20.6408056906893,29.1027103968923,30.8500000252144));
#5066=CARTESIAN_POINT('Ctrl Pts',(20.8652051659457,29.1027103968923,30.8500000256524));
#5067=CARTESIAN_POINT('Ctrl Pts',(21.389689112061,28.9199254463349,30.8500000488931));
#5068=CARTESIAN_POINT('Ctrl Pts',(21.6408056906893,28.4019096972342,30.8500001123463));
#5069=CARTESIAN_POINT('Ctrl Pts',(21.6408056906893,28.1027103968923,30.8500001487129));
#5070=CARTESIAN_POINT('Ctrl Pts',(20.6408056906893,29.1027103968923,30.928539846229));
#5071=CARTESIAN_POINT('Ctrl Pts',(20.8650635611479,29.1027103970096,30.9285398465942));
#5072=CARTESIAN_POINT('Ctrl Pts',(21.3895268533541,28.9198760320299,30.9285398688134));
#5073=CARTESIAN_POINT('Ctrl Pts',(21.6408056889535,28.4017209005835,30.9285399297732));
#5074=CARTESIAN_POINT('Ctrl Pts',(21.6408056912003,28.1027104042356,30.9285399647274));
#5075=CARTESIAN_POINT('Ctrl Pts',(20.6408056906893,29.167786477056,31.0849239670155));
#5076=CARTESIAN_POINT('Ctrl Pts',(20.8798642832807,29.1677864772705,31.0849239671436));
#5077=CARTESIAN_POINT('Ctrl Pts',(21.4384877566671,28.9731261791327,31.0849239871295));
#5078=CARTESIAN_POINT('Ctrl Pts',(21.7058817595448,28.4214552133754,31.0849240430673));
#5079=CARTESIAN_POINT('Ctrl Pts',(21.7058817636551,28.1027104188571,31.0849240753237));
#5080=CARTESIAN_POINT('Ctrl Pts',(20.6408056906893,29.324170603927,31.1500000325577));
#5081=CARTESIAN_POINT('Ctrl Pts',(20.9148682162668,29.3241706040007,31.1500000325553));
#5082=CARTESIAN_POINT('Ctrl Pts',(21.5554997319428,29.1008947255939,31.1500000534426));
#5083=CARTESIAN_POINT('Ctrl Pts',(21.8622658732624,28.4681271272223,31.1500001126411));
#5084=CARTESIAN_POINT('Ctrl Pts',(21.8622658746748,28.1027104249416,31.150000146761));
#5085=CARTESIAN_POINT('Ctrl Pts',(20.6408056906893,29.4027104249416,31.1500000252144));
#5086=CARTESIAN_POINT('Ctrl Pts',(20.9325250085226,29.4027104249416,31.1500000252144));
#5087=CARTESIAN_POINT('Ctrl Pts',(21.6143541384725,29.1650899892169,31.1500000474313));
#5088=CARTESIAN_POINT('Ctrl Pts',(21.9408056906893,28.491669515386,31.1500001103944));
#5089=CARTESIAN_POINT('Ctrl Pts',(21.9408056906893,28.1027104249416,31.150000146761));
#5090=CARTESIAN_POINT('',(21.9408056906893,28.1027104249416,31.150000146761));
#5091=CARTESIAN_POINT('',(21.6408056906893,28.1027103968923,30.850000146761));
#5092=CARTESIAN_POINT('Origin',(21.9408056906893,28.1027103968923,30.850000146761));
#5093=CARTESIAN_POINT('Origin',(20.6408056906893,28.1027103968923,30.850000146761));
#5094=CARTESIAN_POINT('Origin',(20.6408056906893,28.1027104249416,31.150000146761));
#5095=CARTESIAN_POINT('Origin',(21.9408056906893,27.5956845341023,30.8500001941666));
#5096=CARTESIAN_POINT('',(21.6408056906893,25.6558362206255,30.8500003774893));
#5097=CARTESIAN_POINT('',(21.6408056906893,27.5956845341023,30.8500001961185));
#5098=CARTESIAN_POINT('',(21.9408056906893,25.5315721799628,31.1500003871558));
#5099=CARTESIAN_POINT('',(21.9408056906893,27.5956845621515,31.1500001941666));
#5100=CARTESIAN_POINT('Origin',(21.9408056906893,25.5315721519136,30.8500003871558));
#5101=CARTESIAN_POINT('Origin',(9.03733273139566,12.62809919262,30.8500015935969));
#5102=CARTESIAN_POINT('',(19.7028904126442,23.2936569019178,31.150000596395));
#5103=CARTESIAN_POINT('',(9.03733273139566,12.6280992206692,31.1500015935969));
#5104=CARTESIAN_POINT('',(19.2786263719815,23.2936569019178,30.8500006176092));
#5105=CARTESIAN_POINT('Origin',(19.7028904406934,23.2936569019178,30.850000596395));
#5106=CARTESIAN_POINT('',(8.82520069703969,12.8402312269759,30.8500015949773));
#5107=CARTESIAN_POINT('Origin',(9.74080313479673,20.1727168114356,6.22761249531482));
#5108=CARTESIAN_POINT('',(9.74080330959012,23.2936569019178,33.0925861124952));
#5109=CARTESIAN_POINT('',(9.74080318287298,23.2936569019178,13.6167198220283));
#5110=CARTESIAN_POINT('',(9.74080326326021,28.1027103968924,25.971882946051));
#5111=CARTESIAN_POINT('',(9.74080321204121,28.1027103968924,18.099747720601));
#5112=CARTESIAN_POINT('',(9.74080326326021,22.1729537356013,25.971882946051));
#5113=CARTESIAN_POINT('',(9.74080326326021,20.1627154442185,25.971882946051));
#5114=CARTESIAN_POINT('',(9.74080318182614,22.1729537356013,13.4558244966582));
#5115=CARTESIAN_POINT('',(9.74080310877126,22.1729537356013,2.22761249531382));
#5116=CARTESIAN_POINT('',(9.74080318182614,20.8027267464312,13.4558250913711));
#5117=CARTESIAN_POINT('',(9.74080318182614,22.1729537356013,13.4558244966582));
#5118=CARTESIAN_POINT('',(9.74080329338321,20.802726746426,30.6016559569016));
#5119=CARTESIAN_POINT('',(9.74080318301586,20.8027267464311,13.6386800364206));
#5120=CARTESIAN_POINT('',(9.74080324415669,13.2368268918758,23.0357561020416));
#5121=CARTESIAN_POINT('Origin',(10.7408032120412,28.1027103968924,18.0997477140946));
#5122=CARTESIAN_POINT('',(10.7408032632602,29.1027103968924,25.9718829395446));
#5123=CARTESIAN_POINT('',(10.7408032120412,29.1027103968924,18.0997477140946));
#5124=CARTESIAN_POINT('',(10.033696477474,28.80981717808,25.2647761629598));
#5125=CARTESIAN_POINT('Origin',(10.7408032632602,28.1027103968924,25.9718829395446));
#5126=CARTESIAN_POINT('Origin',(10.7408032632602,28.1027103968924,25.9718829395446));
#5127=CARTESIAN_POINT('Origin',(20.6408056849759,29.1027103968924,29.9718828749678));
#5128=CARTESIAN_POINT('',(20.6408056589505,29.1027103968924,25.9718828751316));
#5129=CARTESIAN_POINT('',(20.6408056849759,29.1027103968924,29.9718828749678));
#5130=CARTESIAN_POINT('',(17.0658061319435,29.1027103968924,25.9718828983918));
#5131=CARTESIAN_POINT('Origin',(20.6408056849759,28.1027103968924,29.9718828749678));
#5132=CARTESIAN_POINT('',(21.6408056589505,28.1027103968924,25.9718828686252));
#5133=CARTESIAN_POINT('',(21.6408056849759,28.1027103968924,29.9718828684614));
#5134=CARTESIAN_POINT('Origin',(20.6408056589505,28.1027103968924,25.9718828751316));
#5135=CARTESIAN_POINT('Origin',(21.6408056849759,25.6913793195388,29.9718828684614));
#5136=CARTESIAN_POINT('',(21.6408056589505,25.6558362206291,25.9718828686247));
#5137=CARTESIAN_POINT('',(21.640805689953,25.6558362206256,30.7368343655622));
#5138=CARTESIAN_POINT('',(21.6408056589505,22.9220466982702,25.9718828686252));
#5139=CARTESIAN_POINT('Origin',(12.6579232099062,16.6729537356013,31.5017859211024));
#5140=CARTESIAN_POINT('',(19.2786263865743,23.2936569019178,33.0925860504387));
#5141=CARTESIAN_POINT('',(19.2786263420737,23.2936569019178,26.2538064823374));
#5142=CARTESIAN_POINT('',(12.1579231739227,16.1729537356013,25.9718829301605));
#5143=CARTESIAN_POINT('',(13.1982948158962,17.213325370805,27.0122545586378));
#5144=CARTESIAN_POINT('',(12.1579231031515,16.1729537356013,15.0958782836988));
#5145=CARTESIAN_POINT('',(12.1579232099062,16.1729537356013,31.501785924356));
#5146=CARTESIAN_POINT('',(13.1579231031515,17.1729537356013,15.0958782771917));
#5147=CARTESIAN_POINT('',(12.1579231031515,16.1729537356013,15.0958782836988));
#5148=CARTESIAN_POINT('',(13.1579232041692,17.1729537814043,24.9298721372581));
#5149=CARTESIAN_POINT('',(13.1579232099062,17.1729537356013,31.5017859178489));
#5150=CARTESIAN_POINT('',(13.4508163927361,17.4658469544147,25.9718829219117));
#5151=CARTESIAN_POINT('Ctrl Pts',(13.4508163927361,17.4658469544147,25.9718829219118));
#5152=CARTESIAN_POINT('Ctrl Pts',(13.4500472745413,17.4650778362268,25.9708051449422));
#5153=CARTESIAN_POINT('Ctrl Pts',(13.4492793764416,17.4643099381342,25.9697256348481));
#5154=CARTESIAN_POINT('Ctrl Pts',(13.4014640361351,17.4164945982666,25.9022908087777));
#5155=CARTESIAN_POINT('Ctrl Pts',(13.3604624522775,17.3754930148702,25.8313967157654));
#5156=CARTESIAN_POINT('Ctrl Pts',(13.286554800844,17.3015853644752,25.6718112553684));
#5157=CARTESIAN_POINT('Ctrl Pts',(13.2551606655982,17.2701912297973,25.5845356624467));
#5158=CARTESIAN_POINT('Ctrl Pts',(13.1815778745308,17.1966084404838,25.3150113555476));
#5159=CARTESIAN_POINT('Ctrl Pts',(13.1580251962233,17.1730557634366,25.1213175604681));
#5160=CARTESIAN_POINT('Ctrl Pts',(13.1579232782203,17.1729538466794,24.929872137184));
#5161=CARTESIAN_POINT('',(13.7360841170272,17.7511146787058,25.9718829200557));
#5162=CARTESIAN_POINT('Origin',(2.57040149093773,29.4027103968923,30.8500000252142));
#5163=CARTESIAN_POINT('',(-15.5000027031005,29.4027104249416,31.150000025214));
#5164=CARTESIAN_POINT('',(-10.6591836152589,29.4027104249416,31.1500000252141));
#5165=CARTESIAN_POINT('',(2.57040149093772,29.4027104249416,31.1500000252142));
#5166=CARTESIAN_POINT('',(-10.6591836152589,29.1027103968923,30.8500000252141));
#5167=CARTESIAN_POINT('Origin',(-10.6591836152589,29.4027103968923,30.8500000252141));
#5168=CARTESIAN_POINT('',(-15.341013477258,29.1027103968923,30.850000025214));
#5169=CARTESIAN_POINT('',(2.57040149093773,29.1027103968923,30.8500000252142));
#5170=CARTESIAN_POINT('Origin',(-15.341013477258,29.4027103968923,30.850000025214));
#5171=CARTESIAN_POINT('Ctrl Pts',(-10.6591836152589,29.1027103968923,30.8500000252141));
#5172=CARTESIAN_POINT('Ctrl Pts',(-10.4347841400024,29.1027103968923,30.8500000256521));
#5173=CARTESIAN_POINT('Ctrl Pts',(-9.91027484804401,28.9199558577722,30.8500000488891));
#5174=CARTESIAN_POINT('Ctrl Pts',(-9.65918361525885,28.4019096972342,30.850000112346));
#5175=CARTESIAN_POINT('Ctrl Pts',(-9.65918361525886,28.1027103968923,30.8500001487126));
#5176=CARTESIAN_POINT('Ctrl Pts',(-10.6591836152589,29.1027103968923,30.9285398462287));
#5177=CARTESIAN_POINT('Ctrl Pts',(-10.4349257448003,29.1027103970096,30.9285398465939));
#5178=CARTESIAN_POINT('Ctrl Pts',(-9.91042757234132,28.9199124082384,30.9285398688091));
#5179=CARTESIAN_POINT('Ctrl Pts',(-9.6591836169946,28.4017209005835,30.9285399297728));
#5180=CARTESIAN_POINT('Ctrl Pts',(-9.65918361474785,28.1027104042356,30.9285399647271));
#5181=CARTESIAN_POINT('Ctrl Pts',(-10.6591836152589,29.1677796666138,31.084930777458));
#5182=CARTESIAN_POINT('Ctrl Pts',(-10.4201250226674,29.1677796668283,31.0849307775861));
#5183=CARTESIAN_POINT('Ctrl Pts',(-9.86148178244877,28.9731511103573,31.0849307975688));
#5184=CARTESIAN_POINT('Ctrl Pts',(-9.59411435684417,28.421455213376,31.0849308535079));
#5185=CARTESIAN_POINT('Ctrl Pts',(-9.59411435273388,28.1027104188577,31.0849308857643));
#5186=CARTESIAN_POINT('Ctrl Pts',(-10.6591836152589,29.3241706039269,31.1500000325573));
#5187=CARTESIAN_POINT('Ctrl Pts',(-10.3851210896813,29.3241706040006,31.150000032555));
#5188=CARTESIAN_POINT('Ctrl Pts',(-9.74445642694024,29.1009332408562,31.1500000534374));
#5189=CARTESIAN_POINT('Ctrl Pts',(-9.43772343268574,28.4681271272223,31.1500001126408));
#5190=CARTESIAN_POINT('Ctrl Pts',(-9.43772343127329,28.1027104249415,31.1500001467607));
#5191=CARTESIAN_POINT('Ctrl Pts',(-10.6591836152589,29.4027104249415,31.1500000252141));
#5192=CARTESIAN_POINT('Ctrl Pts',(-10.3674642974255,29.4027104249415,31.1500000252141));
#5193=CARTESIAN_POINT('Ctrl Pts',(-9.68560221787957,29.1651295240853,31.1500000474273));
#5194=CARTESIAN_POINT('Ctrl Pts',(-9.35918361525886,28.491669515386,31.1500001103941));
#5195=CARTESIAN_POINT('Ctrl Pts',(-9.35918361525886,28.1027104249415,31.1500001467607));
#5196=CARTESIAN_POINT('',(-9.35918361525886,28.1027104249415,31.1500001467607));
#5197=CARTESIAN_POINT('',(-9.65918361525885,28.1027103968923,30.8500001467607));
#5198=CARTESIAN_POINT('Origin',(-9.35918361525886,28.1027103968923,30.8500001467607));
#5199=CARTESIAN_POINT('Origin',(-10.6591836152589,28.1027103968923,30.8500001467607));
#5200=CARTESIAN_POINT('Origin',(-10.6591836152589,28.1027104249415,31.1500001467607));
#5201=CARTESIAN_POINT('Origin',(-9.35918361525884,24.8363543900645,30.8500004521565));
#5202=CARTESIAN_POINT('',(-9.35918361525884,23.2936569019178,31.1500005963947));
#5203=CARTESIAN_POINT('',(-9.65918361525884,23.2936569019178,30.8500005983467));
#5204=CARTESIAN_POINT('Origin',(-9.35918361525884,23.2936569019178,30.8500005963947));
#5205=CARTESIAN_POINT('',(-9.65918361525884,24.8363543900645,30.8500004541084));
#5206=CARTESIAN_POINT('',(-9.35918361525884,24.8363544181138,31.1500004521565));
#5207=CARTESIAN_POINT('Ctrl Pts',(-20.0784476516394,27.4999890889246,24.971883140066));
#5208=CARTESIAN_POINT('Ctrl Pts',(-20.0784476122868,27.7008961915805,24.971883140066));
#5209=CARTESIAN_POINT('Ctrl Pts',(-20.0784475729342,27.9018032942364,24.971883140066));
#5210=CARTESIAN_POINT('Ctrl Pts',(-20.0784475335816,28.1027103968923,24.971883140066));
#5211=CARTESIAN_POINT('Ctrl Pts',(-20.12298270656,27.4999890976479,24.9718831403558));
#5212=CARTESIAN_POINT('Ctrl Pts',(-20.1229826685298,27.7008962003038,24.9718831403598));
#5213=CARTESIAN_POINT('Ctrl Pts',(-20.1229826304967,27.9018033029597,24.9718831403518));
#5214=CARTESIAN_POINT('Ctrl Pts',(-20.1229825924665,28.1027104056156,24.9718831403558));
#5215=CARTESIAN_POINT('Ctrl Pts',(-20.1674888378003,27.4999891063655,24.9618056101015));
#5216=CARTESIAN_POINT('Ctrl Pts',(-20.1674888010876,27.7008962090214,24.961805609498));
#5217=CARTESIAN_POINT('Ctrl Pts',(-20.1674887643708,27.9018033116773,24.9618056088828));
#5218=CARTESIAN_POINT('Ctrl Pts',(-20.1674887276581,28.1027104143332,24.9618056082794));
#5219=CARTESIAN_POINT('Ctrl Pts',(-20.2076799308194,27.499989114238,24.9426210548885));
#5220=CARTESIAN_POINT('Ctrl Pts',(-20.2076798950443,27.7008962168938,24.9426210531809));
#5221=CARTESIAN_POINT('Ctrl Pts',(-20.2076798592693,27.9018033195497,24.9426210514732));
#5222=CARTESIAN_POINT('Ctrl Pts',(-20.2076798234942,28.1027104222056,24.9426210497655));
#5223=CARTESIAN_POINT('',(-20.2076799308193,27.499989114238,24.9426210548884));
#5224=CARTESIAN_POINT('',(-20.0784476516394,27.4999891169739,24.971883140066));
#5225=CARTESIAN_POINT('Ctrl Pts',(-20.2076799308194,27.499989114238,24.9426210548885));
#5226=CARTESIAN_POINT('Ctrl Pts',(-20.1674888378003,27.4999891063656,24.9618056101015));
#5227=CARTESIAN_POINT('Ctrl Pts',(-20.12298270656,27.499989097648,24.9718831403558));
#5228=CARTESIAN_POINT('Ctrl Pts',(-20.0784476516394,27.4999890889247,24.971883140066));
#5229=CARTESIAN_POINT('',(-20.2076798234941,28.1027104222056,24.9426210497654));
#5230=CARTESIAN_POINT('Ctrl Pts',(-20.2076799308194,27.499989114238,24.9426210548885));
#5231=CARTESIAN_POINT('Ctrl Pts',(-20.2076798950443,27.7008962168938,24.9426210531809));
#5232=CARTESIAN_POINT('Ctrl Pts',(-20.2076798592693,27.9018033195497,24.9426210514732));
#5233=CARTESIAN_POINT('Ctrl Pts',(-20.2076798234942,28.1027104222056,24.9426210497655));
#5234=CARTESIAN_POINT('',(-20.0784475335816,28.1027103968923,24.971883140066));
#5235=CARTESIAN_POINT('Origin',(-20.0784475355335,28.1027103968923,24.671883140066));
#5236=CARTESIAN_POINT('',(-20.078448231418,24.5400398601419,24.971883140066));
#5237=CARTESIAN_POINT('Ctrl Pts',(-20.0784475335816,28.1027103968923,24.971883140066));
#5238=CARTESIAN_POINT('Ctrl Pts',(-20.0784475120072,28.1874364059256,24.971883140066));
#5239=CARTESIAN_POINT('Ctrl Pts',(-19.9758186407031,28.4359128630841,25.0085874377684));
#5240=CARTESIAN_POINT('Ctrl Pts',(-19.4722747865952,28.8441113243467,25.225281379581));
#5241=CARTESIAN_POINT('Ctrl Pts',(-19.0150321794555,29.0558559578885,25.5588284287543));
#5242=CARTESIAN_POINT('Ctrl Pts',(-18.7692142552223,29.0936434731778,25.8375267460518));
#5243=CARTESIAN_POINT('Ctrl Pts',(-20.100715063024,28.102710401254,24.9718831402108));
#5244=CARTESIAN_POINT('Ctrl Pts',(-20.1007150418675,28.1913885729695,24.9718831405812));
#5245=CARTESIAN_POINT('Ctrl Pts',(-20.0001142435605,28.4511475061544,25.0120690316607));
#5246=CARTESIAN_POINT('Ctrl Pts',(-19.5070026187526,28.8732497726345,25.2476471520036));
#5247=CARTESIAN_POINT('Ctrl Pts',(-19.0651162559144,29.0736675307571,25.6009694418732));
#5248=CARTESIAN_POINT('Ctrl Pts',(-18.8312595493209,29.0992481081,25.8788632121874));
#5249=CARTESIAN_POINT('Ctrl Pts',(-20.1452487595748,28.102710409977,24.9669022266444));
#5250=CARTESIAN_POINT('Ctrl Pts',(-20.1452487392535,28.199715602186,24.9669022272171));
#5251=CARTESIAN_POINT('Ctrl Pts',(-20.0487632477922,28.4834759680102,25.0118496623753));
#5252=CARTESIAN_POINT('Ctrl Pts',(-19.5765060795332,28.943167845657,25.2731822448395));
#5253=CARTESIAN_POINT('Ctrl Pts',(-19.1653278095817,29.1502955980498,25.662431171014));
#5254=CARTESIAN_POINT('Ctrl Pts',(-18.954823417292,29.1686591560718,25.9532874456421));
#5255=CARTESIAN_POINT('Ctrl Pts',(-20.1875842755761,28.1027104182694,24.9522133290224));
#5256=CARTESIAN_POINT('Ctrl Pts',(-20.187584255815,28.2084745481016,24.952213328746));
#5257=CARTESIAN_POINT('Ctrl Pts',(-20.093585534735,28.5184290915611,24.9967969246554));
#5258=CARTESIAN_POINT('Ctrl Pts',(-19.6336911932794,29.0254373294357,25.2586462160891));
#5259=CARTESIAN_POINT('Ctrl Pts',(-19.2262856074763,29.2779647466889,25.6554795185156));
#5260=CARTESIAN_POINT('Ctrl Pts',(-19.0127874169889,29.316625080988,25.9725526831622));
#5261=CARTESIAN_POINT('Ctrl Pts',(-20.2076798234941,28.1027104222056,24.9426210497655));
#5262=CARTESIAN_POINT('Ctrl Pts',(-20.207679803881,28.2128542339488,24.9426210488293));
#5263=CARTESIAN_POINT('Ctrl Pts',(-20.1143808299031,28.5358736278493,24.9859988526414));
#5264=CARTESIAN_POINT('Ctrl Pts',(-19.6566136894204,29.0665316250963,25.2420916893485));
#5265=CARTESIAN_POINT('Ctrl Pts',(-19.2409385914289,29.3417996450151,25.6362836550249));
#5266=CARTESIAN_POINT('Ctrl Pts',(-19.0174677507223,29.3909234118116,25.9656543936678));
#5267=CARTESIAN_POINT('',(-19.0174677507223,29.3909234118116,25.9656543936678));
#5268=CARTESIAN_POINT('',(-18.7692142552223,29.0936434731778,25.8375267460518));
#5269=CARTESIAN_POINT('Origin',(-18.7692142554845,29.3909233960634,25.797219830403));
#5270=CARTESIAN_POINT('Ctrl Pts',(-18.7692142552223,29.0936434731778,25.8375267460518));
#5271=CARTESIAN_POINT('Ctrl Pts',(-19.0150321794555,29.0558559578885,25.5588284287543));
#5272=CARTESIAN_POINT('Ctrl Pts',(-19.4722747865952,28.8441113243467,25.225281379581));
#5273=CARTESIAN_POINT('Ctrl Pts',(-19.9758186407031,28.4359128630841,25.0085874377684));
#5274=CARTESIAN_POINT('Ctrl Pts',(-20.0784475120072,28.1874364059256,24.971883140066));
#5275=CARTESIAN_POINT('Ctrl Pts',(-20.0784475335816,28.1027103968923,24.971883140066));
#5276=CARTESIAN_POINT('Ctrl Pts',(-20.2076798234941,28.1027104222056,24.9426210497655));
#5277=CARTESIAN_POINT('Ctrl Pts',(-20.207679803881,28.2128542339488,24.9426210488293));
#5278=CARTESIAN_POINT('Ctrl Pts',(-20.1143808299031,28.5358736278493,24.9859988526414));
#5279=CARTESIAN_POINT('Ctrl Pts',(-19.6566136894204,29.0665316250963,25.2420916893485));
#5280=CARTESIAN_POINT('Ctrl Pts',(-19.2409385914289,29.3417996450151,25.6362836550249));
#5281=CARTESIAN_POINT('Ctrl Pts',(-19.0174677507223,29.3909234118116,25.9656543936678));
#5282=CARTESIAN_POINT('Ctrl Pts',(-18.7692142552223,29.0936434731778,25.8375267460518));
#5283=CARTESIAN_POINT('Ctrl Pts',(-18.7299519371867,29.0996789380353,25.88204075781));
#5284=CARTESIAN_POINT('Ctrl Pts',(-18.6903305913279,29.1027103968923,25.9269618209288));
#5285=CARTESIAN_POINT('Ctrl Pts',(-18.6507090280989,29.1027103968923,25.9718831307766));
#5286=CARTESIAN_POINT('Ctrl Pts',(-18.8312595493209,29.0992481081,25.8788632121874));
#5287=CARTESIAN_POINT('Ctrl Pts',(-18.792927628598,29.1035042096822,25.9244830889253));
#5288=CARTESIAN_POINT('Ctrl Pts',(-18.754269425428,29.1047360162346,25.9703712674523));
#5289=CARTESIAN_POINT('Ctrl Pts',(-18.7157016433431,29.1027103968923,26.0159791977972));
#5290=CARTESIAN_POINT('Ctrl Pts',(-18.9549078759639,29.168558018055,25.9533584618753));
#5291=CARTESIAN_POINT('Ctrl Pts',(-18.9183616557537,29.1717985032881,26.0035305822368));
#5292=CARTESIAN_POINT('Ctrl Pts',(-18.881670107808,29.1714876627671,26.0538469659909));
#5293=CARTESIAN_POINT('Ctrl Pts',(-18.8451150888899,29.1677819213843,26.1037833882695));
#5294=CARTESIAN_POINT('Ctrl Pts',(-19.0127874169889,29.316625080988,25.9725526831622));
#5295=CARTESIAN_POINT('Ctrl Pts',(-18.9750369601653,29.3229038456147,26.0282551703836));
#5296=CARTESIAN_POINT('Ctrl Pts',(-18.9369078663811,29.325444027174,26.0843173294952));
#5297=CARTESIAN_POINT('Ctrl Pts',(-18.8989625267484,29.3241705936761,26.1403176963562));
#5298=CARTESIAN_POINT('Ctrl Pts',(-19.0174677507223,29.3909234118116,25.9656543936678));
#5299=CARTESIAN_POINT('Ctrl Pts',(-18.9782054325999,29.3987695161264,26.0235226090302));
#5300=CARTESIAN_POINT('Ctrl Pts',(-18.9385840866534,29.4027104126405,26.0819199911619));
#5301=CARTESIAN_POINT('Ctrl Pts',(-18.8989625233367,29.4027104126405,26.1403176940414));
#5302=CARTESIAN_POINT('',(-18.8989625233367,29.4027104126405,26.1403176940414));
#5303=CARTESIAN_POINT('',(-18.6507090280989,29.1027103968923,25.9718831307766));
#5304=CARTESIAN_POINT('Origin',(-18.6507090280989,29.4027103968923,25.9718831307766));
#5305=CARTESIAN_POINT('Origin',(-18.6507091105656,28.1027103968923,25.9718831307766));
#5306=CARTESIAN_POINT('Origin',(-18.8989626058034,28.1027104126405,26.1403176940414));
#5307=CARTESIAN_POINT('Origin',(-11.5879278727227,29.4027103968923,36.3816237085773));
#5308=CARTESIAN_POINT('',(-11.5879278727227,29.1027103968923,36.3816237085773));
#5309=CARTESIAN_POINT('',(-11.8361813679605,29.4027104126405,36.5500582718421));
#5310=CARTESIAN_POINT('Origin',(-15.5000027031005,29.4999896946134,31.1500000161187));
#5311=CARTESIAN_POINT('',(-7.75000270310052,23.2936569019178,31.1500005963948));
#5312=CARTESIAN_POINT('',(-15.5000027031005,29.4999896946134,31.1500000161187));
#5313=CARTESIAN_POINT('',(-15.5000027031005,29.4999896946134,31.1500000161187));
#5314=CARTESIAN_POINT('',(30.4999972968995,29.4999896946129,31.1500000161191));
#5315=CARTESIAN_POINT('',(-15.5000027031005,29.4999896946134,31.1500000161187));
#5316=CARTESIAN_POINT('',(30.4999972968995,23.2936569019177,31.1500005963952));
#5317=CARTESIAN_POINT('',(30.4999972968995,29.4999896946129,31.1500000161191));
#5318=CARTESIAN_POINT('',(-7.75000270310052,23.2936569019178,31.1500005963948));
#5319=CARTESIAN_POINT('Origin',(-19.0174677507223,29.4999892098906,25.9656543834705));
#5320=CARTESIAN_POINT('',(-19.0174677507223,29.4999892098906,25.9656543834705));
#5321=CARTESIAN_POINT('',(-19.0174677507223,29.4999892098906,25.9656543834705));
#5322=CARTESIAN_POINT('',(-19.0174677507223,29.4999892098906,25.9656543834705));
#5323=CARTESIAN_POINT('Origin',(-21.5000027031004,29.4999893673725,27.6500000161186));
#5324=CARTESIAN_POINT('',(-21.5000027031004,27.4999890868787,24.6500003159024));
#5325=CARTESIAN_POINT('Origin',(-21.5000027031005,27.4999893673709,27.6500002031134));
#5326=CARTESIAN_POINT('',(-21.5000027031004,29.4999890868803,24.6500000161186));
#5327=CARTESIAN_POINT('',(-21.5000027031004,29.4999890868803,24.6500000161186));
#5328=CARTESIAN_POINT('Origin',(-21.5000027031004,29.4999893673725,27.6500000161186));
#5329=CARTESIAN_POINT('Origin',(-19.4532457347965,26.2936569019178,23.5850079142443));
#5330=CARTESIAN_POINT('',(-20.4532394890676,27.4999889869742,23.5814735940995));
#5331=CARTESIAN_POINT('',(-20.3581150779102,27.4999890271055,24.0106973220207));
#5332=CARTESIAN_POINT('Origin',(-19.4532457347965,27.4999889873047,23.5850079142443));
#5333=CARTESIAN_POINT('',(-20.3581150779102,23.2936569019178,24.0106973220207));
#5334=CARTESIAN_POINT('',(-20.3581150779102,26.2936569019178,24.0106973220207));
#5335=CARTESIAN_POINT('',(-20.4532394890676,23.2936569019178,23.5814735940995));
#5336=CARTESIAN_POINT('Origin',(-19.4532457347965,23.2936569019178,23.5850079142443));
#5337=CARTESIAN_POINT('',(-20.4532394890676,26.2936569019178,23.5814735940995));
#5338=CARTESIAN_POINT('Origin',(-20.4540358791443,26.2936569019178,23.806802672969));
#5339=CARTESIAN_POINT('',(-19.9059319817727,27.4999891169739,24.9718831389436));
#5340=CARTESIAN_POINT('',(-21.1633965637235,27.4999888670612,22.2989457120954));
#5341=CARTESIAN_POINT('',(-19.9059319817727,25.4167957155805,24.9718831389435));
#5342=CARTESIAN_POINT('',(-19.9059319817727,23.2231854894597,24.9718831389436));
#5343=CARTESIAN_POINT('',(-19.8629607491135,24.7833318686015,25.0632252075006));
#5344=CARTESIAN_POINT('Origin',(-19.4354890280876,24.9463527684018,25.9718831358826));
#5345=CARTESIAN_POINT('',(-19.8629607491135,23.2936569019178,25.0632252075006));
#5346=CARTESIAN_POINT('',(-19.8629607491135,26.2936569019178,25.0632252075006));
#5347=CARTESIAN_POINT('',(-19.8629607491135,23.2936569019178,25.0632252075006));
#5348=CARTESIAN_POINT('Origin',(-21.3931997949056,23.1729537356012,6.59219066570947));
#5349=CARTESIAN_POINT('',(-21.266566023181,27.4999873057756,5.60024112674147));
#5350=CARTESIAN_POINT('',(-20.3932060406345,27.4999873988508,6.59572498585425));
#5351=CARTESIAN_POINT('Origin',(-21.3931997949056,27.4999873985203,6.59219066570947));
#5352=CARTESIAN_POINT('',(-20.3932060406345,23.1729537356013,6.59572498585425));
#5353=CARTESIAN_POINT('',(-20.3932060406345,23.1729537356012,6.59572498585425));
#5354=CARTESIAN_POINT('',(-21.2665660231811,23.1729537356012,5.60024112674161));
#5355=CARTESIAN_POINT('Origin',(-21.3931997949056,23.1729537356013,6.59219066570947));
#5356=CARTESIAN_POINT('',(-21.266566023181,23.1729537356012,5.60024112674147));
#5357=CARTESIAN_POINT('Origin',(-25.5180953586583,27.4999887429506,20.9715228316722));
#5358=CARTESIAN_POINT('',(-6.01364436710012,27.4999891169738,24.9718830485553));
#5359=CARTESIAN_POINT('',(-20.449057145553,27.4999888763346,22.3981293520843));
#5360=CARTESIAN_POINT('',(-23.4158655327807,27.4999871975009,4.44218976857214));
#5361=CARTESIAN_POINT('Origin',(-20.8360111993177,27.4999869904436,2.22761269425028));
#5362=CARTESIAN_POINT('',(-24.1711118989486,27.4999871649032,4.09354221263105));
#5363=CARTESIAN_POINT('Origin',(-24.1746462190934,27.4999872584,5.0935359669021));
#5364=CARTESIAN_POINT('',(-29.5843523115856,27.4999871631145,4.07440996849728));
#5365=CARTESIAN_POINT('',(-23.0714173087808,27.4999871652666,4.09742890964944));
#5366=CARTESIAN_POINT('',(-29.8854107339104,27.4999871910644,4.37334779873516));
#5367=CARTESIAN_POINT('Origin',(-29.5854126076291,27.4999871911635,4.37440809477859));
#5368=CARTESIAN_POINT('',(-29.9185795430343,27.4999880685113,13.7580669531378));
#5369=CARTESIAN_POINT('',(-29.9147149057236,27.4999879662762,12.6646138942797));
#5370=CARTESIAN_POINT('',(-30.1013732930028,27.4999881220684,14.330886823546));
#5371=CARTESIAN_POINT('Origin',(-30.9185732973054,27.4999880681808,13.754532632993));
#5372=CARTESIAN_POINT('',(-30.4415439337613,27.4999881671642,14.8132073369524));
#5373=CARTESIAN_POINT('',(-30.8131459372652,27.4999882164267,15.3400936923216));
#5374=CARTESIAN_POINT('',(-30.6243376837298,27.4999882207213,15.3860272073605));
#5375=CARTESIAN_POINT('Origin',(-29.6243439294588,27.4999882210518,15.3895615275053));
#5376=CARTESIAN_POINT('',(-30.6538406922937,27.4999890011932,23.7335517913038));
#5377=CARTESIAN_POINT('',(-30.6336191464879,27.4999884662529,18.0121064555284));
#5378=CARTESIAN_POINT('',(-30.6568672833076,27.4999890081391,23.8078408313212));
#5379=CARTESIAN_POINT('Origin',(-31.6538344465648,27.4999890008628,23.730017471159));
#5380=CARTESIAN_POINT('',(-31.1947053513204,27.4999896523409,30.6978914773058));
#5381=CARTESIAN_POINT('',(-30.5298271239343,27.4999888559752,22.1803749001898));
#5382=CARTESIAN_POINT('',(-31.1977381880632,27.4999896596172,30.7757148374681));
#5383=CARTESIAN_POINT('Origin',(-30.1977381880632,27.4999896596172,30.7757148374681));
#5384=CARTESIAN_POINT('',(-31.1977381880632,27.4999902824062,37.4367440613862));
#5385=CARTESIAN_POINT('',(-31.1977381880632,27.4999891994621,25.8541333901347));
#5386=CARTESIAN_POINT('',(-30.9496667463014,27.4999903227871,37.8686375685659));
#5387=CARTESIAN_POINT('Origin',(-30.6977381880632,27.4999902824062,37.4367440613862));
#5388=CARTESIAN_POINT('',(-31.0000027031006,27.4999903023451,37.6500003159023));
#5389=CARTESIAN_POINT('Origin',(-30.5000027031006,27.4999903023451,37.6500002031133));
#5390=CARTESIAN_POINT('',(-31.0000027031005,27.4999896759125,30.9500003159023));
#5391=CARTESIAN_POINT('',(-31.0000027031005,27.4999895226479,29.3107615173927));
#5392=CARTESIAN_POINT('',(-30.5000027031005,27.4999896291637,30.4500003159023));
#5393=CARTESIAN_POINT('Origin',(-30.5000027031005,27.4999896759125,30.9500002031133));
#5394=CARTESIAN_POINT('',(-29.5000027031005,27.4999896291637,30.4500003159023));
#5395=CARTESIAN_POINT('',(-28.0090490308794,27.4999896291637,30.4500002031134));
#5396=CARTESIAN_POINT('',(-28.748505288458,27.4999893075108,27.0097664427716));
#5397=CARTESIAN_POINT('',(-28.4212192521792,27.4999891674271,25.5115036796119));
#5398=CARTESIAN_POINT('',(-25.8176179505182,27.4999890868787,24.6500003159023));
#5399=CARTESIAN_POINT('Origin',(-25.8176179505182,27.499989367371,27.6500002031134));
#5400=CARTESIAN_POINT('',(-25.6678566545882,27.4999890868787,24.6500002031134));
#5401=CARTESIAN_POINT('Origin',(-20.8360111993177,23.1729537356012,2.22761269425028));
#5402=CARTESIAN_POINT('',(-23.4158655327808,23.1729537356013,4.4421897685722));
#5403=CARTESIAN_POINT('Origin',(-20.8360111993177,23.1729537356013,2.22761269425042));
#5404=CARTESIAN_POINT('',(-23.4158655327807,23.1729537356012,4.44218976857214));
#5405=CARTESIAN_POINT('Origin',(-24.1746462190934,23.1729537356012,5.0935359669021));
#5406=CARTESIAN_POINT('',(-24.171111899016,23.0871732669383,4.09354221263067));
#5407=CARTESIAN_POINT('',(-23.7371961593414,23.1729537356013,4.19429326038566));
#5408=CARTESIAN_POINT('Ctrl Pts',(-24.1711118990268,23.0871732669629,4.09354221263077));
#5409=CARTESIAN_POINT('Ctrl Pts',(-24.1549173880433,23.0942325697065,4.0935994495734));
#5410=CARTESIAN_POINT('Ctrl Pts',(-24.1384877446168,23.1008640872929,4.09405080172039));
#5411=CARTESIAN_POINT('Ctrl Pts',(-24.0284836500924,23.1418173755969,4.09986817612306));
#5412=CARTESIAN_POINT('Ctrl Pts',(-23.9331751365625,23.1611131240728,4.11801299573232));
#5413=CARTESIAN_POINT('Ctrl Pts',(-23.8043799016321,23.1717131036524,4.16387570008372));
#5414=CARTESIAN_POINT('Ctrl Pts',(-23.7703339078,23.1729537356013,4.17817290718378));
#5415=CARTESIAN_POINT('Ctrl Pts',(-23.7371961593414,23.1729537356013,4.19429326038566));
#5416=CARTESIAN_POINT('',(-24.1711118989486,23.1729537356012,4.09354221263105));
#5417=CARTESIAN_POINT('Origin',(-24.1746462190934,23.1729537356013,5.0935359669021));
#5418=CARTESIAN_POINT('Origin',(-30.1977381880632,26.2936569019178,30.7757148374681));
#5419=CARTESIAN_POINT('',(-31.1947053513203,23.2936569019177,30.6978914773058));
#5420=CARTESIAN_POINT('',(-31.1977381880632,23.2936569019177,30.7757148374681));
#5421=CARTESIAN_POINT('Origin',(-30.1977381880632,23.2936569019178,30.7757148374681));
#5422=CARTESIAN_POINT('',(-31.1977381880632,26.2936569019178,30.7757148374681));
#5423=CARTESIAN_POINT('',(-31.1947053513203,26.2936569019178,30.6978914773058));
#5424=CARTESIAN_POINT('Origin',(-31.1977381880632,26.2936569019178,37.4367440613862));
#5425=CARTESIAN_POINT('',(-31.1977381880632,23.2936569019177,37.4367440613862));
#5426=CARTESIAN_POINT('',(-31.1977381880632,23.2936569019177,37.4367440613862));
#5427=CARTESIAN_POINT('',(-31.1977381880632,26.2936569019178,37.4367440613862));
#5428=CARTESIAN_POINT('Origin',(-24.1718705113865,23.2936569019178,21.0058273693901));
#5429=CARTESIAN_POINT('',(-30.6568672833076,23.2936569019177,23.8078408313212));
#5430=CARTESIAN_POINT('',(-30.653972172709,23.2936569019177,23.7707526074921));
#5431=CARTESIAN_POINT('',(-30.6538406922937,23.2936569019177,23.7335517913038));
#5432=CARTESIAN_POINT('Origin',(-31.6538344465648,23.2936569019178,23.730017471159));
#5433=CARTESIAN_POINT('',(-30.6243376837298,23.2936569019177,15.3860272073605));
#5434=CARTESIAN_POINT('',(-30.653972172709,23.2936569019177,23.7707526074921));
#5435=CARTESIAN_POINT('',(-30.4415439337613,23.2936569019177,14.8132073369524));
#5436=CARTESIAN_POINT('Origin',(-29.6243439294588,23.2936569019178,15.3895615275053));
#5437=CARTESIAN_POINT('',(-30.1013732930028,23.2936569019177,14.330886823546));
#5438=CARTESIAN_POINT('',(-30.6232235874493,23.2936569019177,15.070806945334));
#5439=CARTESIAN_POINT('',(-29.9185795430343,23.2936569019177,13.7580669531378));
#5440=CARTESIAN_POINT('Origin',(-30.9185732973054,23.2936569019178,13.754532632993));
#5441=CARTESIAN_POINT('',(-29.8854107339104,23.2936569019177,4.37334779873516));
#5442=CARTESIAN_POINT('',(-29.9196936393148,23.2936569019177,14.0732872151643));
#5443=CARTESIAN_POINT('',(-29.5843523115856,23.2936569019178,4.07440996849728));
#5444=CARTESIAN_POINT('Origin',(-29.5854126076291,23.2936569019178,4.37440809477859));
#5445=CARTESIAN_POINT('',(-25.9065224641013,23.2936569019178,4.08740867780276));
#5446=CARTESIAN_POINT('',(-29.5843523115856,23.2936569019178,4.07440996849728));
#5447=CARTESIAN_POINT('',(-20.6560434830484,23.2936569019178,9.3755015617552));
#5448=CARTESIAN_POINT('Origin',(-19.8360111922715,23.2936569019178,3.31068936003922));
#5449=CARTESIAN_POINT('',(-20.3962396146927,23.2936569019177,7.45403860404137));
#5450=CARTESIAN_POINT('',(-21.3298630645063,23.2936569019178,14.3589507080191));
#5451=CARTESIAN_POINT('',(-20.3854700683354,23.2936569019178,4.40692384011063));
#5452=CARTESIAN_POINT('',(-19.8389550445255,23.2936569019178,25.1518171211585));
#5453=CARTESIAN_POINT('Ctrl Pts',(-19.8629607491135,23.2936569019331,25.0632252075006));
#5454=CARTESIAN_POINT('Ctrl Pts',(-19.8549398199731,23.2936569019332,25.092750843538));
#5455=CARTESIAN_POINT('Ctrl Pts',(-19.8469379382594,23.2936569019332,25.1222816063393));
#5456=CARTESIAN_POINT('Ctrl Pts',(-19.8389548933418,23.2936569019332,25.1518174332129));
#5457=CARTESIAN_POINT('',(-19.16634610412,23.2936569019178,25.7647826042157));
#5458=CARTESIAN_POINT('Origin',(-21.5000027031005,23.2936569019178,27.6500005963946));
#5459=CARTESIAN_POINT('',(-19.1970067239767,23.2936569019178,25.9718831343305));
#5460=CARTESIAN_POINT('Origin',(-17.7827931616036,23.2936569019178,25.9718831251296));
#5461=CARTESIAN_POINT('',(-19.1970066776519,23.2936569019178,33.0925863007752));
#5462=CARTESIAN_POINT('',(-19.1970067221426,23.2936569019178,26.2538067326915));
#5463=CARTESIAN_POINT('',(-9.65918360066775,23.2936569019178,33.0925862387187));
#5464=CARTESIAN_POINT('',(-8.15081019784185,23.2936569019178,33.0925862289047));
#5465=CARTESIAN_POINT('',(-9.65918372738488,23.2936569019178,13.6167199482517));
#5466=CARTESIAN_POINT('',(-8.15081019784185,23.2936569019178,33.0925862289047));
#5467=CARTESIAN_POINT('',(30.9999972968995,23.2936569019177,31.6500005963952));
#5468=CARTESIAN_POINT('Origin',(30.4999972968995,23.2936569019177,31.6500005963952));
#5469=CARTESIAN_POINT('',(30.9999972968994,23.2936569019177,37.6500005963952));
#5470=CARTESIAN_POINT('',(30.9999972968995,23.2936569019177,31.5250003062572));
#5471=CARTESIAN_POINT('',(30.4999972968994,23.2936569019177,38.1500005963952));
#5472=CARTESIAN_POINT('Origin',(30.4999972968994,23.2936569019177,37.6500005963952));
#5473=CARTESIAN_POINT('',(18.4999972968994,23.2936569019178,38.1500005963951));
#5474=CARTESIAN_POINT('',(15.2499972968994,23.2936569019178,38.1500005963951));
#5475=CARTESIAN_POINT('',(-17.1465054273823,23.2936569019178,37.9367440513292));
#5476=CARTESIAN_POINT('',(9.2301380058347,23.2936569019178,38.094543314065));
#5477=CARTESIAN_POINT('',(-18.6977381880632,23.2936569019178,37.9367440613862));
#5478=CARTESIAN_POINT('',(-17.1465054273823,23.2936569019178,37.9367440513292));
#5479=CARTESIAN_POINT('',(-30.6977381880632,23.2936569019178,37.9367440613862));
#5480=CARTESIAN_POINT('',(-18.6977381880632,23.2936569019178,37.9367440613862));
#5481=CARTESIAN_POINT('Origin',(-30.6977381880632,23.2936569019177,37.4367440613862));
#5482=CARTESIAN_POINT('',(-27.9477381880632,23.2936569019178,27.9367440613862));
#5483=CARTESIAN_POINT('Origin',(-25.1977381880632,23.2936569019178,27.9367440613862));
#5484=CARTESIAN_POINT('',(19.2999972968995,23.2936567710214,34.6500005963951));
#5485=CARTESIAN_POINT('Origin',(20.6999972968995,23.2936569019178,34.6500005963951));
#5486=CARTESIAN_POINT('Origin',(-31.6538344465648,26.2936569019178,23.730017471159));
#5487=CARTESIAN_POINT('',(-30.6538406922937,26.2936569019178,23.7335517913038));
#5488=CARTESIAN_POINT('',(-30.6568672833076,26.2936569019178,23.8078408313212));
#5489=CARTESIAN_POINT('Origin',(-30.653972172709,26.2936569019178,23.7707526074921));
#5490=CARTESIAN_POINT('',(-30.6243376837298,26.2936569019178,15.3860272073605));
#5491=CARTESIAN_POINT('Origin',(-30.9185732973054,26.2936569019178,13.754532632993));
#5492=CARTESIAN_POINT('',(-29.9185795430343,26.2936569019178,13.7580669531378));
#5493=CARTESIAN_POINT('',(-30.1013732930028,26.2936569019178,14.330886823546));
#5494=CARTESIAN_POINT('Origin',(-29.9196936393148,26.2936569019178,14.0732872151643));
#5495=CARTESIAN_POINT('',(-29.8854107339104,26.2936569019178,4.37334779873516));
#5496=CARTESIAN_POINT('Origin',(-29.6243439294588,26.2936569019178,15.3895615275053));
#5497=CARTESIAN_POINT('',(-30.4415439337613,26.2936569019178,14.8132073369524));
#5498=CARTESIAN_POINT('Origin',(-30.6232235874493,26.2936569019178,15.070806945334));
#5499=CARTESIAN_POINT('Origin',(-19.8360111922715,22.1736569019178,3.31068936003922));
#5500=CARTESIAN_POINT('',(-20.5059722141481,22.1736569019178,8.2656012895456));
#5501=CARTESIAN_POINT('Origin',(-20.6560434830484,22.1736569019178,9.37550156175521));
#5502=CARTESIAN_POINT('',(-24.7746827610867,22.1736569019178,4.09140898665049));
#5503=CARTESIAN_POINT('Ctrl Pts',(-25.9065224641013,23.2936569019177,4.08740867780276));
#5504=CARTESIAN_POINT('Ctrl Pts',(-25.7666155398187,23.2936569019177,4.08790315675202));
#5505=CARTESIAN_POINT('Ctrl Pts',(-25.6019169118853,23.2610860629036,4.08848525806619));
#5506=CARTESIAN_POINT('Ctrl Pts',(-25.3435626500458,23.1547274496736,4.08939837044136));
#5507=CARTESIAN_POINT('Ctrl Pts',(-25.204047478069,23.0622520273773,4.08989146480391));
#5508=CARTESIAN_POINT('Ctrl Pts',(-25.0066911698281,22.866315017832,4.09058898953638));
#5509=CARTESIAN_POINT('Ctrl Pts',(-24.9136751393722,22.7284101127488,4.09091774001989));
#5510=CARTESIAN_POINT('Ctrl Pts',(-24.8072378605246,22.4733956640574,4.09129392578824));
#5511=CARTESIAN_POINT('Ctrl Pts',(-24.7746827610867,22.3113737622378,4.09140898665063));
#5512=CARTESIAN_POINT('Ctrl Pts',(-24.7746827610867,22.1736569019178,4.09140898665063));
#5513=CARTESIAN_POINT('Origin',(-19.8360111922715,22.1736569019178,3.31068936003922));
#5514=CARTESIAN_POINT('Origin',(-20.3962396146927,23.2936569019177,7.45403860404137));
#5515=CARTESIAN_POINT('',(-20.5059722141481,22.1729537356013,8.26560128954572));
#5516=CARTESIAN_POINT('',(-20.3962396146927,23.1564271936461,7.45403860404137));
#5517=CARTESIAN_POINT('Origin',(-20.3719800097728,22.1729537356013,7.27461890364442));
#5518=CARTESIAN_POINT('',(-20.3962396146927,23.2936569019177,7.45403860404137));
#5519=CARTESIAN_POINT('',(-20.5059722141481,23.2936569019177,8.2656012895456));
#5520=CARTESIAN_POINT('Origin',(-12.0763037381998,23.1729537356013,-1.77238736273711));
#5521=CARTESIAN_POINT('',(-23.7909551975979,23.1729537356013,3.90936950396692));
#5522=CARTESIAN_POINT('Origin',(-20.8360111993177,23.1729537356013,2.22761269425042));
#5523=CARTESIAN_POINT('Origin',(-19.8360111922715,23.1729537356013,3.31068936003922));
#5524=CARTESIAN_POINT('Origin',(-12.0763037381998,23.1729537356013,-1.77238736273711));
#5525=CARTESIAN_POINT('',(-20.3955939460115,23.1729537356012,7.27135434735092));
#5526=CARTESIAN_POINT('',(-20.3766035783402,23.1729537356013,1.89825618854928));
#5527=CARTESIAN_POINT('',(-20.3719800097728,23.1729537356013,7.27461890364442));
#5528=CARTESIAN_POINT('Origin',(-19.8360111922715,23.1729537356013,3.31068936003922));
#5529=CARTESIAN_POINT('',(-15.0112876610101,23.1729537356013,9.39713782035222));
#5530=CARTESIAN_POINT('Origin',(-21.9798864622767,23.1729537356013,19.1664075344601));
#5531=CARTESIAN_POINT('',(-12.0763036284156,23.1729537356013,15.0958784413756));
#5532=CARTESIAN_POINT('Origin',(-19.0763036284156,23.1729537356013,15.0958784869151));
#5533=CARTESIAN_POINT('',(-12.0763035706715,23.1729537356013,23.9718830880011));
#5534=CARTESIAN_POINT('',(-12.076303589454,23.1729537356013,21.0847755957234));
#5535=CARTESIAN_POINT('',(-10.6591836600104,23.1729537356013,23.9718830787808));
#5536=CARTESIAN_POINT('',(0.707251510612787,23.1729537356013,23.9718830048266));
#5537=CARTESIAN_POINT('',(-10.6591837284318,23.1729537356013,13.4558246293881));
#5538=CARTESIAN_POINT('',(-10.6591838014866,23.1729537356013,2.22761262804362));
#5539=CARTESIAN_POINT('',(-15.3159733906667,23.1729537356013,5.57315230087112));
#5540=CARTESIAN_POINT('Ctrl Pts',(-15.3159733906667,23.1729537356013,5.57315230087112));
#5541=CARTESIAN_POINT('Ctrl Pts',(-13.7136702642019,23.1729537356013,6.45599242936712));
#5542=CARTESIAN_POINT('Ctrl Pts',(-11.4024233771218,23.1729537356013,8.88046829178062));
#5543=CARTESIAN_POINT('Ctrl Pts',(-10.6591837373589,23.1729537356013,12.0837587141061));
#5544=CARTESIAN_POINT('Ctrl Pts',(-10.6591837284318,23.1729537356013,13.4558246293881));
#5545=CARTESIAN_POINT('',(-17.5352970641313,23.1729537356013,3.06167363782271));
#5546=CARTESIAN_POINT('Ctrl Pts',(-17.5347267446648,23.1729537356013,3.06120801991312));
#5547=CARTESIAN_POINT('Ctrl Pts',(-17.1025891184353,23.1729537356013,4.11411871846542));
#5548=CARTESIAN_POINT('Ctrl Pts',(-16.3140590031133,23.1729537356013,5.02322512679982));
#5549=CARTESIAN_POINT('Ctrl Pts',(-15.3159733906667,23.1729537356013,5.57315230087112));
#5550=CARTESIAN_POINT('Origin',(-20.8360111993177,23.1729537356013,2.22761269425042));
#5551=CARTESIAN_POINT('Origin',(-19.8360111922715,22.1729537356013,3.31068936003922));
#5552=CARTESIAN_POINT('',(-24.7746827610867,22.1729537356013,4.09140898665049));
#5553=CARTESIAN_POINT('Ctrl Pts',(-24.7746827610867,22.1729537356012,4.09140898665049));
#5554=CARTESIAN_POINT('Ctrl Pts',(-24.7746827610867,22.2962823658922,4.09140898665049));
#5555=CARTESIAN_POINT('Ctrl Pts',(-24.7454493243685,22.4413607068451,4.0915123076201));
#5556=CARTESIAN_POINT('Ctrl Pts',(-24.6497949741043,22.6696100493142,4.0918503828287));
#5557=CARTESIAN_POINT('Ctrl Pts',(-24.5661723419405,22.7929130239111,4.09214593382805));
#5558=CARTESIAN_POINT('Ctrl Pts',(-24.3947208835099,22.961882693478,4.09275190195615));
#5559=CARTESIAN_POINT('Ctrl Pts',(-24.2802145202417,23.0396146568854,4.09315660663023));
#5560=CARTESIAN_POINT('Ctrl Pts',(-24.1711118990268,23.0871732669629,4.09354221263063));
#5561=CARTESIAN_POINT('',(-24.0580667942561,23.1479877399454,3.31068938750592));
#5562=CARTESIAN_POINT('Ctrl Pts',(-24.0580667942559,23.1479877399454,3.31068938750592));
#5563=CARTESIAN_POINT('Ctrl Pts',(-23.9892687192283,23.1636559090528,3.51843267331792));
#5564=CARTESIAN_POINT('Ctrl Pts',(-23.8992241671162,23.1729537356013,3.71913466155112));
#5565=CARTESIAN_POINT('Ctrl Pts',(-23.7909551975979,23.1729537356013,3.90936950396692));
#5566=CARTESIAN_POINT('',(-24.8360111922715,22.1729537356013,3.31068939256742));
#5567=CARTESIAN_POINT('Origin',(-23.8360111922715,22.1729537356013,3.31068938606182));
#5568=CARTESIAN_POINT('Origin',(-19.8360111922715,22.1729537356013,3.31068936003922));
#5569=CARTESIAN_POINT('Origin',(-19.8360111922715,22.1729537356013,3.31068936003922));
#5570=CARTESIAN_POINT('Ctrl Pts',(-20.3955939460115,23.1729537356013,7.27135434735092));
#5571=CARTESIAN_POINT('Ctrl Pts',(-20.3957984198033,23.1729537356013,7.32920776934415));
#5572=CARTESIAN_POINT('Ctrl Pts',(-20.3960203646969,23.1677497885933,7.39200443129486));
#5573=CARTESIAN_POINT('Ctrl Pts',(-20.3962396146927,23.1564271936461,7.45403860404137));
#5574=CARTESIAN_POINT('Origin',(-20.3719800097728,22.1729537356013,7.27461890364442));
#5575=CARTESIAN_POINT('Origin',(-19.8360111922715,16.1729537356013,3.31068936003922));
#5576=CARTESIAN_POINT('',(-24.7746827610867,23.2936569019177,4.09140898665049));
#5577=CARTESIAN_POINT('',(-24.8360111922715,17.1729537356013,3.31068939256742));
#5578=CARTESIAN_POINT('',(-24.8360111922715,16.1729537356013,3.31068939256742));
#5579=CARTESIAN_POINT('',(-20.5059722141481,17.1729537356013,8.26560128954572));
#5580=CARTESIAN_POINT('Origin',(-19.8360111922715,17.1729537356013,3.31068936003922));
#5581=CARTESIAN_POINT('',(-20.5059722141481,16.1729537356013,8.26560128954572));
#5582=CARTESIAN_POINT('Origin',(-20.3854700683354,26.2936569019178,4.40692384011063));
#5583=CARTESIAN_POINT('Origin',(-29.5843523115856,26.2936569019178,4.07440996849728));
#5584=CARTESIAN_POINT('',(-29.5843523115856,26.2936569019178,4.07440996849728));
#5585=CARTESIAN_POINT('Ctrl Pts',(-19.8629607491135,26.2936569019331,25.0632252075006));
#5586=CARTESIAN_POINT('Ctrl Pts',(-19.8629607491135,23.2936569019331,25.0632252075006));
#5587=CARTESIAN_POINT('Ctrl Pts',(-19.7772775837719,26.2936569019333,25.3786313044925));
#5588=CARTESIAN_POINT('Ctrl Pts',(-19.7772775837719,23.2936569019333,25.3786313044925));
#5589=CARTESIAN_POINT('Ctrl Pts',(-19.6937680100656,26.2936569019335,25.694622440691));
#5590=CARTESIAN_POINT('Ctrl Pts',(-19.6937680100656,23.2936569019335,25.694622440691));
#5591=CARTESIAN_POINT('Ctrl Pts',(-19.6121752641979,26.2936569019337,26.0111221932212));
#5592=CARTESIAN_POINT('Ctrl Pts',(-19.6121752641979,23.2936569019337,26.0111221932212));
#5593=CARTESIAN_POINT('Ctrl Pts',(-19.3418565189914,26.2936569019344,27.0596935466211));
#5594=CARTESIAN_POINT('Ctrl Pts',(-19.3418565189914,23.2936569019344,27.0596935466211));
#5595=CARTESIAN_POINT('Ctrl Pts',(-19.0923786482941,26.293656901935,28.1135896192989));
#5596=CARTESIAN_POINT('Ctrl Pts',(-19.0923786482941,23.293656901935,28.1135896192989));
#5597=CARTESIAN_POINT('Ctrl Pts',(-18.678705066088,26.2936569019362,29.9693395526035));
#5598=CARTESIAN_POINT('Ctrl Pts',(-18.678705066088,23.2936569019361,29.9693395526035));
#5599=CARTESIAN_POINT('Ctrl Pts',(-18.5086390882929,26.2936569019366,30.7699506211156));
#5600=CARTESIAN_POINT('Ctrl Pts',(-18.5086390882929,23.2936569019366,30.7699506211156));
#5601=CARTESIAN_POINT('Ctrl Pts',(-18.3445497160321,26.2936569019371,31.5717876867821));
#5602=CARTESIAN_POINT('Ctrl Pts',(-18.3445497160321,23.2936569019371,31.5717876867821));
#5603=CARTESIAN_POINT('Ctrl Pts',(-18.1705466165886,26.2936569019377,32.422069047192));
#5604=CARTESIAN_POINT('Ctrl Pts',(-18.1705466165886,23.2936569019376,32.422069047192));
#5605=CARTESIAN_POINT('Ctrl Pts',(-18.0032763040114,26.2936569019382,33.273726314141));
#5606=CARTESIAN_POINT('Ctrl Pts',(-18.0032763040114,23.2936569019382,33.273726314141));
#5607=CARTESIAN_POINT('Ctrl Pts',(-17.5996822293409,26.2936569019395,35.3946449930796));
#5608=CARTESIAN_POINT('Ctrl Pts',(-17.5996822293409,23.2936569019395,35.3946449930796));
#5609=CARTESIAN_POINT('Ctrl Pts',(-17.3693991756059,26.2936569019403,36.6650505781024));
#5610=CARTESIAN_POINT('Ctrl Pts',(-17.3693991756059,23.2936569019403,36.6650505781024));
#5611=CARTESIAN_POINT('Ctrl Pts',(-17.1465054273823,26.293656901941,37.9367440513292));
#5612=CARTESIAN_POINT('Ctrl Pts',(-17.1465054273823,23.293656901941,37.9367440513292));
#5613=CARTESIAN_POINT('',(-19.8389550829374,24.5405086251004,25.151816979041));
#5614=CARTESIAN_POINT('Ctrl Pts',(-19.8389549317539,24.5405086251004,25.1518172910951));
#5615=CARTESIAN_POINT('Ctrl Pts',(-19.8431984838352,24.5765701577538,25.1361169136227));
#5616=CARTESIAN_POINT('Ctrl Pts',(-19.8471765376788,24.6131228826357,25.1214198861721));
#5617=CARTESIAN_POINT('Ctrl Pts',(-19.8508839143044,24.6500560089515,25.1077378213663));
#5618=CARTESIAN_POINT('Ctrl Pts',(-19.8552892212073,24.6939419619407,25.0914800464969));
#5619=CARTESIAN_POINT('Ctrl Pts',(-19.8593182579766,24.7384239215761,25.0766334879748));
#5620=CARTESIAN_POINT('Ctrl Pts',(-19.8629607491135,24.7833318686016,25.0632252075006));
#5621=CARTESIAN_POINT('Ctrl Pts',(-19.8389550829374,24.5405086251004,25.151816979041));
#5622=CARTESIAN_POINT('Ctrl Pts',(-19.8389550701334,24.1248913840447,25.1518170264135));
#5623=CARTESIAN_POINT('Ctrl Pts',(-19.8389550573295,23.7092741429889,25.151817073786));
#5624=CARTESIAN_POINT('Ctrl Pts',(-19.8389550445255,23.2936569019332,25.1518171211585));
#5625=CARTESIAN_POINT('Origin',(-21.5000027031004,29.4999893673725,27.6500000161186));
#5626=CARTESIAN_POINT('Ctrl Pts',(-19.16634610412,23.2936569019177,25.7647826042157));
#5627=CARTESIAN_POINT('Ctrl Pts',(-19.2296036477495,23.3803569042057,25.6864779200781));
#5628=CARTESIAN_POINT('Ctrl Pts',(-19.2931913369446,23.4787835261705,25.6157932609247));
#5629=CARTESIAN_POINT('Ctrl Pts',(-19.469242855091,23.7726133411055,25.4358824240588));
#5630=CARTESIAN_POINT('Ctrl Pts',(-19.5792995869826,23.9817846257422,25.3423184041915));
#5631=CARTESIAN_POINT('Ctrl Pts',(-19.7283786812293,24.290535319317,25.2280393124161));
#5632=CARTESIAN_POINT('Ctrl Pts',(-19.7849748477825,24.4137911960878,25.1877085661521));
#5633=CARTESIAN_POINT('Ctrl Pts',(-19.8389550829374,24.5405086251004,25.151816979041));
#5634=CARTESIAN_POINT('Origin',(-25.8176179505182,29.4999890868804,24.6500000161186));
#5635=CARTESIAN_POINT('',(-25.8176179505182,29.4999890868804,24.6500000161186));
#5636=CARTESIAN_POINT('',(-25.8176179505182,29.4999890868804,24.6500000161186));
#5637=CARTESIAN_POINT('',(-25.8176179505182,29.4999890868804,24.6500000161186));
#5638=CARTESIAN_POINT('Origin',(-25.8176179505182,29.4999893673726,27.6500000161186));
#5639=CARTESIAN_POINT('',(-28.748505288458,29.4999893075124,27.0097661429878));
#5640=CARTESIAN_POINT('',(-28.748505288458,29.4999893075124,27.0097661429878));
#5641=CARTESIAN_POINT('Origin',(-25.8176179505182,29.4999893673726,27.6500000161186));
#5642=CARTESIAN_POINT('Origin',(-29.5000027031005,29.4999896291654,30.4500000161185));
#5643=CARTESIAN_POINT('',(-29.5000027031005,29.4999896291654,30.4500000161185));
#5644=CARTESIAN_POINT('',(-29.5000027031005,29.4999896291654,30.4500000161185));
#5645=CARTESIAN_POINT('',(-29.5000027031005,29.4999896291654,30.4500000161185));
#5646=CARTESIAN_POINT('Origin',(-30.5000027031005,29.4999896291654,30.4500000161185));
#5647=CARTESIAN_POINT('',(-30.5000027031005,29.4999896291654,30.4500000161185));
#5648=CARTESIAN_POINT('',(-30.5000027031005,29.4999896291654,30.4500000161185));
#5649=CARTESIAN_POINT('',(-30.5000027031005,29.4999896291654,30.4500000161185));
#5650=CARTESIAN_POINT('Origin',(-30.5000027031005,29.4999896759141,30.9500000161185));
#5651=CARTESIAN_POINT('',(-31.0000027031005,29.4999896759141,30.9500000161185));
#5652=CARTESIAN_POINT('',(-31.0000027031005,29.4999896759141,30.9500000161185));
#5653=CARTESIAN_POINT('Origin',(-30.5000027031005,29.4999896759141,30.9500000161185));
#5654=CARTESIAN_POINT('Origin',(-31.0000027031005,29.4999903023467,37.6500000161185));
#5655=CARTESIAN_POINT('',(-31.0000027031005,29.4999903023467,37.6500000161185));
#5656=CARTESIAN_POINT('',(-31.0000027031005,29.4999903023467,37.6500000161185));
#5657=CARTESIAN_POINT('',(-31.0000027031005,29.4999903023467,37.6500000161185));
#5658=CARTESIAN_POINT('Origin',(-30.5000027031005,29.4999903023467,37.6500000161185));
#5659=CARTESIAN_POINT('',(-30.9496669366777,29.4999903227887,37.868636877241));
#5660=CARTESIAN_POINT('',(-30.9496669366777,29.4999903227887,37.868636877241));
#5661=CARTESIAN_POINT('Origin',(-30.5000027031005,29.4999903023467,37.6500000161185));
#5662=CARTESIAN_POINT('Origin',(-30.6977381880631,29.4999902824078,37.4367434811101));
#5663=CARTESIAN_POINT('',(-30.6977381880632,26.2936569019178,37.9367440613862));
#5664=CARTESIAN_POINT('',(-30.9496667463014,26.2936569019178,37.8686375685659));
#5665=CARTESIAN_POINT('Origin',(-30.6977381880632,26.2936569019178,37.4367440613862));
#5666=CARTESIAN_POINT('',(-30.6977381880631,29.4999903291565,37.9367434811101));
#5667=CARTESIAN_POINT('',(-30.6977381880631,29.4999903291565,37.9367434811101));
#5668=CARTESIAN_POINT('Origin',(-30.6977381880631,29.4999902824078,37.4367434811101));
#5669=CARTESIAN_POINT('',(-30.9496669366777,29.4999903227887,37.868636877241));
#5670=CARTESIAN_POINT('Origin',(-18.6977381880631,29.4999903291564,37.9367434811101));
#5671=CARTESIAN_POINT('',(-18.6977381880632,26.2936569019178,37.9367440613862));
#5672=CARTESIAN_POINT('',(-18.6977381880632,26.2936569019178,37.9367440613862));
#5673=CARTESIAN_POINT('',(-18.6977381880631,29.4999903291564,37.9367434811101));
#5674=CARTESIAN_POINT('',(-18.6977381880631,29.4999903291564,37.9367434811101));
#5675=CARTESIAN_POINT('',(-18.6977381880631,29.4999903291564,37.9367434811101));
#5676=CARTESIAN_POINT('Origin',(-17.1465054273822,29.4999903291563,37.9367434710531));
#5677=CARTESIAN_POINT('',(-17.1465054273823,26.2936569019178,37.9367440513292));
#5678=CARTESIAN_POINT('',(-17.1465054273823,26.2936569019178,37.9367440513292));
#5679=CARTESIAN_POINT('',(-17.1465054273822,29.4999903291563,37.9367434710531));
#5680=CARTESIAN_POINT('',(-17.1465054273822,29.4999903291563,37.9367434710531));
#5681=CARTESIAN_POINT('',(-17.1465054273822,29.4999903291563,37.9367434710531));
#5682=CARTESIAN_POINT('Origin',(-25.1977381880631,29.4999893941824,27.9367434811102));
#5683=CARTESIAN_POINT('',(-27.9477381880632,26.2936566447999,27.936743780894));
#5684=CARTESIAN_POINT('Origin',(-25.1977381880632,26.2936569019178,27.9367437808939));
#5685=CARTESIAN_POINT('',(-27.9477381880631,29.4999893941824,27.9367434811102));
#5686=CARTESIAN_POINT('',(-27.9477381880631,29.4999893941824,27.9367434811102));
#5687=CARTESIAN_POINT('Origin',(-25.1977381880631,29.4999893941824,27.9367434811102));
#5688=CARTESIAN_POINT('Origin',(18.4999972968995,29.4999903490948,38.150000016119));
#5689=CARTESIAN_POINT('',(18.4999972968995,29.4999903490948,38.150000016119));
#5690=CARTESIAN_POINT('',(18.4999972968995,29.4999903490948,38.150000016119));
#5691=CARTESIAN_POINT('',(18.4999972968995,29.4999903490948,38.150000016119));
#5692=CARTESIAN_POINT('',(-17.1465054273823,26.2936569019178,37.9367440513292));
#5693=CARTESIAN_POINT('Origin',(20.6999972968995,29.4999900218539,34.650000016119));
#5694=CARTESIAN_POINT('',(19.2999972968995,29.4999900218539,34.650000016119));
#5695=CARTESIAN_POINT('',(19.2999972968995,29.4999900218539,34.650000016119));
#5696=CARTESIAN_POINT('Origin',(20.6999972968995,29.4999900218539,34.650000016119));
#5697=CARTESIAN_POINT('Origin',(30.4999972968995,29.4999903490947,38.1500000161191));
#5698=CARTESIAN_POINT('',(30.4999972968995,29.4999903490947,38.1500000161191));
#5699=CARTESIAN_POINT('',(30.4999972968995,29.4999903490947,38.1500000161191));
#5700=CARTESIAN_POINT('',(30.4999972968995,29.4999903490947,38.1500000161191));
#5701=CARTESIAN_POINT('Origin',(30.4999972968995,29.499990302346,37.6500000161191));
#5702=CARTESIAN_POINT('',(30.9999972968995,29.499990302346,37.6500000161191));
#5703=CARTESIAN_POINT('',(30.9999972968995,29.499990302346,37.6500000161191));
#5704=CARTESIAN_POINT('Origin',(30.4999972968995,29.499990302346,37.6500000161191));
#5705=CARTESIAN_POINT('Origin',(30.9999972968995,29.4999897413615,31.6500000161191));
#5706=CARTESIAN_POINT('',(30.9999972968995,29.4999897413615,31.6500000161191));
#5707=CARTESIAN_POINT('',(30.9999972968995,29.4999897413615,31.6500000161191));
#5708=CARTESIAN_POINT('',(30.9999972968995,29.4999897413615,31.6500000161191));
#5709=CARTESIAN_POINT('Origin',(30.4999972968995,29.4999897413616,31.6500000161191));
#5710=CARTESIAN_POINT('Origin',(30.4999972968995,29.4999897413616,31.6500000161191));
#5711=CARTESIAN_POINT('Origin',(-2.70310049309742E-6,29.4999897179876,31.4000000161188));
#5712=CARTESIAN_POINT('Origin',(-25.1977381880632,26.2936569019178,27.9367440613862));
#5713=CARTESIAN_POINT('',(-23.9477381880632,25.2936569019178,27.9367440613862));
#5714=CARTESIAN_POINT('Origin',(-25.1977381880632,25.2936569019178,27.9367440613862));
#5715=CARTESIAN_POINT('',(-23.9477381880632,26.2936569019178,27.9367440613862));
#5716=CARTESIAN_POINT('',(-23.9477381880632,26.2936569019178,27.9367440613862));
#5717=CARTESIAN_POINT('Origin',(-25.1977381880632,26.2936569019178,27.9367440613862));
#5718=CARTESIAN_POINT('Origin',(-25.1977381880632,25.2936569019178,27.9367440613862));
#5719=CARTESIAN_POINT('',(-27.9477381880632,25.2936569019178,27.9367440613862));
#5720=CARTESIAN_POINT('Origin',(-25.1977381880632,25.2936569019178,27.9367440613862));
#5721=CARTESIAN_POINT('Origin',(-25.1977381880632,26.2936569019178,27.9367440613862));
#5722=CARTESIAN_POINT('',(-27.9477381880632,26.2936569019178,27.9367440613862));
#5723=CARTESIAN_POINT('Origin',(-31.1977381880632,26.2936569019178,30.7367440613862));
#5724=CARTESIAN_POINT('Origin',(-30.6977381880632,26.2936569019178,37.4367440613862));
#5725=CARTESIAN_POINT('',(-30.6977381880632,26.2936569019178,37.9367440613862));
#5726=CARTESIAN_POINT('Origin',(-18.6977381880632,26.2936569019178,37.9367440613862));
#5727=CARTESIAN_POINT('',(-18.6977381880632,26.2936569019178,37.9367440613862));
#5728=CARTESIAN_POINT('Origin',(-17.1465054273823,26.2936569019178,37.9367440513292));
#5729=CARTESIAN_POINT('Origin',(-29.5854126076291,26.2936569019178,4.37440809477859));
#5730=CARTESIAN_POINT('Origin',(-24.1718705113865,26.2936569019178,21.0058273693901));
#5731=CARTESIAN_POINT('Origin',(17.0658061319435,28.1027103968924,25.9718828983918));
#5732=CARTESIAN_POINT('',(-10.6591836469977,29.1027103968924,25.9718830787808));
#5733=CARTESIAN_POINT('',(17.0658061319435,29.1027103968924,25.9718828983918));
#5734=CARTESIAN_POINT('',(-9.95207687041289,28.80981717808,25.2647762929946));
#5735=CARTESIAN_POINT('Origin',(-10.6591836469977,28.1027103968924,25.9718830787808));
#5736=CARTESIAN_POINT('',(-10.6591836535041,28.1027103968924,24.9718830787808));
#5737=CARTESIAN_POINT('Origin',(-10.6591836469977,28.1027103968924,25.9718830787808));
#5738=CARTESIAN_POINT('',(17.0658061254371,28.1027103968924,24.9718828983918));
#5739=CARTESIAN_POINT('Origin',(20.6408056849759,29.1027103968924,29.9718828749678));
#5740=CARTESIAN_POINT('',(-10.6591836982167,29.1027103968924,18.0997478533308));
#5741=CARTESIAN_POINT('Origin',(-10.6591836982167,28.1027103968924,18.0997478533308));
#5742=CARTESIAN_POINT('',(-9.65918364699766,28.1027103968924,25.9718830722744));
#5743=CARTESIAN_POINT('',(-9.65918369821667,28.1027103968924,18.0997478468244));
#5744=CARTESIAN_POINT('Origin',(-10.6591836469977,28.1027103968924,25.9718830787808));
#5745=CARTESIAN_POINT('Origin',(-9.65918377546113,20.1727168114355,6.22761262153822));
#5746=CARTESIAN_POINT('',(-9.65918361687466,20.802726746426,30.601656083125));
#5747=CARTESIAN_POINT('',(-9.65918366610118,13.2368268918758,23.035756228265));
#5748=CARTESIAN_POINT('',(-9.65918372843172,20.8027267464312,13.4558252175945));
#5749=CARTESIAN_POINT('',(-9.659183727242,20.8027267464311,13.638680162644));
#5750=CARTESIAN_POINT('',(-9.65918372843172,22.1729537356013,13.4558246228817));
#5751=CARTESIAN_POINT('',(-9.65918372843172,22.1729537356013,13.4558246228817));
#5752=CARTESIAN_POINT('',(-9.65918364699766,22.1729537356013,25.9718830722744));
#5753=CARTESIAN_POINT('',(-9.65918380148659,22.1729537356013,2.22761262153722));
#5754=CARTESIAN_POINT('',(-9.65918364699766,20.1627154442185,25.9718830722744));
#5755=CARTESIAN_POINT('Origin',(-6.25918790715497,19.8027267464256,30.2025372014926));
#5756=CARTESIAN_POINT('',(-5.25918791106491,19.8027267464258,29.6016560544558));
#5757=CARTESIAN_POINT('',(-6.25918790455973,20.8027267464265,30.6016560610038));
#5758=CARTESIAN_POINT('Origin',(-6.25918791106491,19.8027267464258,29.6016560609622));
#5759=CARTESIAN_POINT('',(-5.25918792537624,19.8027267464266,27.401883043482));
#5760=CARTESIAN_POINT('',(-5.25918790715497,19.8027267464256,30.2025371949856));
#5761=CARTESIAN_POINT('',(-6.25918793188568,20.8027267464268,26.4018830499893));
#5762=CARTESIAN_POINT('Origin',(-6.25918793188585,19.8027267464268,26.401883049989));
#5763=CARTESIAN_POINT('',(-6.25918792492318,20.8027267464265,27.4718830499932));
#5764=CARTESIAN_POINT('Origin',(6.3408075784699,19.8027267464256,30.2025371195124));
#5765=CARTESIAN_POINT('',(6.34080758106829,20.8027267464265,30.6016559790236));
#5766=CARTESIAN_POINT('',(5.34080757456073,19.8027267464258,29.6016559854883));
#5767=CARTESIAN_POINT('Origin',(6.34080757456073,19.8027267464258,29.601655978982));
#5768=CARTESIAN_POINT('',(6.34080755374371,20.8027267464268,26.4018829680091));
#5769=CARTESIAN_POINT('',(6.34080756070484,20.8027267464265,27.471882968013));
#5770=CARTESIAN_POINT('',(5.34080756024701,19.8027267464266,27.4018829745145));
#5771=CARTESIAN_POINT('Origin',(6.34080755374388,19.8027267464268,26.4018829680088));
#5772=CARTESIAN_POINT('',(5.3408075784699,19.8027267464256,30.2025371260181));
#5773=CARTESIAN_POINT('Origin',(-20.8360111993177,16.3729537356013,2.22761269425042));
#5774=CARTESIAN_POINT('',(-22.5360111993177,16.5729537356013,2.22761271637212));
#5775=CARTESIAN_POINT('Origin',(-20.8360111993177,16.5729537356013,2.22761269425042));
#5776=CARTESIAN_POINT('',(-22.9360111993177,16.1729537356013,2.22761272157722));
#5777=CARTESIAN_POINT('',(-22.7360111993177,16.3729537356013,2.22761271897461));
#5778=CARTESIAN_POINT('Origin',(-20.8360111993177,16.1729537356013,2.22761269425042));
#5779=CARTESIAN_POINT('Origin',(0.0408097006704459,16.1729537356013,19.0616335310519));
#5780=CARTESIAN_POINT('',(-12.0763035576602,16.1729537356013,25.9718830878373));
#5781=CARTESIAN_POINT('',(7.87024999073203,16.1729537356013,25.9718829580577));
#5782=CARTESIAN_POINT('',(-12.0763036284156,16.1729537356013,15.0958784413756));
#5783=CARTESIAN_POINT('',(-12.0763035216846,16.1729537356013,31.5017860820327));
#5784=CARTESIAN_POINT('',(-15.0112876610101,16.1729537356013,9.39713782035222));
#5785=CARTESIAN_POINT('Origin',(-19.0763036284156,16.1729537356013,15.0958784869151));
#5786=CARTESIAN_POINT('',(-20.3719800097728,16.1729537356013,7.27461890364442));
#5787=CARTESIAN_POINT('Origin',(-21.9798864622767,16.1729537356013,19.1664075344601));
#5788=CARTESIAN_POINT('',(-23.8360111922715,16.1729537356013,3.31068938606182));
#5789=CARTESIAN_POINT('Origin',(-19.8360111922715,16.1729537356013,3.31068936003922));
#5790=CARTESIAN_POINT('',(-23.8360111993177,16.1729537356013,2.22761271374012));
#5791=CARTESIAN_POINT('',(-23.8360111445596,16.1729537356013,10.6446232000586));
#5792=CARTESIAN_POINT('',(-17.8611613969427,16.1729537356013,1.83996768485422));
#5793=CARTESIAN_POINT('Origin',(-20.8360111993177,16.1729537356013,2.22761269425042));
#5794=CARTESIAN_POINT('',(-15.3159731556453,16.1729537356013,5.57315503451442));
#5795=CARTESIAN_POINT('Ctrl Pts',(-15.3159731556453,16.1729537356013,5.57315503451442));
#5796=CARTESIAN_POINT('Ctrl Pts',(-16.6838363208656,16.1729537356013,4.81948704386602));
#5797=CARTESIAN_POINT('Ctrl Pts',(-17.6588265465771,16.1729537356013,3.39271768816592));
#5798=CARTESIAN_POINT('Ctrl Pts',(-17.8611613969427,16.1729537356013,1.83996768485422));
#5799=CARTESIAN_POINT('',(-11.0021922127151,16.172953750616,10.9948317864119));
#5800=CARTESIAN_POINT('Ctrl Pts',(-11.0021922652014,16.1729537356013,10.9948318013326));
#5801=CARTESIAN_POINT('Ctrl Pts',(-11.3258267127254,16.1729537356013,9.85638979282892));
#5802=CARTESIAN_POINT('Ctrl Pts',(-12.4318351832709,16.1729537356013,7.70354336317162));
#5803=CARTESIAN_POINT('Ctrl Pts',(-14.275337332587,16.1729537356013,6.14652664777422));
#5804=CARTESIAN_POINT('Ctrl Pts',(-15.3159731556453,16.1729537356013,5.57315503451442));
#5805=CARTESIAN_POINT('',(-6.19275240358498,16.1729537356013,14.6276122124183));
#5806=CARTESIAN_POINT('Ctrl Pts',(-6.19275240361421,16.1729537356013,14.6276122124183));
#5807=CARTESIAN_POINT('Ctrl Pts',(-7.11916282762457,16.1729537356013,14.6276122124183));
#5808=CARTESIAN_POINT('Ctrl Pts',(-9.27281011703055,16.1729537356013,14.0158985148017));
#5809=CARTESIAN_POINT('Ctrl Pts',(-10.6644304314217,16.1729537356013,12.182969132751));
#5810=CARTESIAN_POINT('Ctrl Pts',(-11.0021921510701,16.1729537356013,10.9948317688876));
#5811=CARTESIAN_POINT('',(0.0408097343212821,16.1729537356013,14.6276122124183));
#5812=CARTESIAN_POINT('',(-4.7504184806791,16.1729537356013,14.6276122124183));
#5813=CARTESIAN_POINT('',(6.27437187222755,16.1729537356013,14.6276121313026));
#5814=CARTESIAN_POINT('',(4.83203794932167,16.1729537356013,14.6276121500713));
#5815=CARTESIAN_POINT('',(11.0838116340852,16.172953750616,10.9948316427123));
#5816=CARTESIAN_POINT('Ctrl Pts',(6.27437187225678,16.1729537356013,14.6276121313026));
#5817=CARTESIAN_POINT('Ctrl Pts',(7.20078229626715,16.1729537356013,14.6276121192475));
#5818=CARTESIAN_POINT('Ctrl Pts',(9.35442957771184,16.1729537356013,14.0158983936102));
#5819=CARTESIAN_POINT('Ctrl Pts',(10.7460498682527,16.1729537356013,12.1829689934466));
#5820=CARTESIAN_POINT('Ctrl Pts',(11.0838115724402,16.1729537356013,10.9948316251879));
#5821=CARTESIAN_POINT('',(15.3975925064646,16.1729537356013,5.57315483468072));
#5822=CARTESIAN_POINT('Ctrl Pts',(11.0838116865715,16.1729537356013,10.994831657633));
#5823=CARTESIAN_POINT('Ctrl Pts',(11.4074461192813,16.1729537356013,9.85638964491792));
#5824=CARTESIAN_POINT('Ctrl Pts',(12.513454561814,16.1729537356013,7.70354320086382));
#5825=CARTESIAN_POINT('Ctrl Pts',(14.3569566908674,16.1729537356013,6.14652646148202));
#5826=CARTESIAN_POINT('Ctrl Pts',(15.3975925064646,16.1729537356013,5.57315483468072));
#5827=CARTESIAN_POINT('',(17.942780699183,16.1729537356013,1.83996745190062));
#5828=CARTESIAN_POINT('Ctrl Pts',(15.3975925064645,16.1729537356013,5.57315483468072));
#5829=CARTESIAN_POINT('Ctrl Pts',(16.7654556618776,16.1729537356013,4.81948682623272));
#5830=CARTESIAN_POINT('Ctrl Pts',(17.7404458690229,16.1729537356013,3.39271745784532));
#5831=CARTESIAN_POINT('Ctrl Pts',(17.942780699183,16.1729537356013,1.83996745190062));
#5832=CARTESIAN_POINT('',(23.9176305066023,16.1729537356013,2.22761240303742));
#5833=CARTESIAN_POINT('Origin',(20.9176305066023,16.1729537356013,2.22761242258592));
#5834=CARTESIAN_POINT('',(23.9176305136499,16.1729537356013,3.31068907535912));
#5835=CARTESIAN_POINT('',(23.9176305613725,16.1729537356013,10.6446228893558));
#5836=CARTESIAN_POINT('',(20.4535993827328,16.1729537356013,7.27461863801822));
#5837=CARTESIAN_POINT('Origin',(19.9176305136499,16.1729537356013,3.31068910138742));
#5838=CARTESIAN_POINT('',(15.0929070615898,16.1729537356013,9.39713762448322));
#5839=CARTESIAN_POINT('Origin',(22.0615059899813,16.1729537356013,19.1664072479106));
#5840=CARTESIAN_POINT('Origin',(19.1579231031515,16.1729537356013,15.0958782381492));
#5841=CARTESIAN_POINT('',(23.0176305066023,16.1729537356013,2.22761242258592));
#5842=CARTESIAN_POINT('Origin',(20.9176305066023,16.1729537356013,2.22761242258592));
#5843=CARTESIAN_POINT('',(5.51580748216291,16.1729537356013,15.4008712235584));
#5844=CARTESIAN_POINT('',(4.91580231302663,16.1729537356013,15.4008712274624));
#5845=CARTESIAN_POINT('',(2.47830605743891,16.1729537356013,15.4008712433226));
#5846=CARTESIAN_POINT('',(3.21580232408914,16.1729537356013,17.1008712385211));
#5847=CARTESIAN_POINT('Origin',(4.9158023240881,16.1729537356013,17.1008712274614));
#5848=CARTESIAN_POINT('',(3.21580236716369,16.1729537356013,23.7218844370735));
#5849=CARTESIAN_POINT('',(3.21580235200451,16.1729537356013,21.3917589737349));
#5850=CARTESIAN_POINT('',(4.91580237822443,16.1729537356013,25.4218844260159));
#5851=CARTESIAN_POINT('Origin',(4.91580236716588,16.1729537356012,23.7218844260137));
#5852=CARTESIAN_POINT('',(5.51580754735516,16.1729537356013,25.4218844221129));
#5853=CARTESIAN_POINT('',(2.77830870719983,16.1729537356013,25.4218844399204));
#5854=CARTESIAN_POINT('',(7.215807536296,16.1729537356013,23.7218844110542));
#5855=CARTESIAN_POINT('Origin',(5.5158075362966,16.1729537356012,23.7218844221135));
#5856=CARTESIAN_POINT('',(7.21580749322335,16.1729537356013,17.1008712124981));
#5857=CARTESIAN_POINT('',(7.21580749960116,16.1729537356013,18.0812523484367));
#5858=CARTESIAN_POINT('Origin',(5.51580749322438,16.1729537356013,17.1008712235573));
#5859=CARTESIAN_POINT('',(-5.43418800345813,16.1729537356013,15.400871294803));
#5860=CARTESIAN_POINT('',(-4.83418283432185,16.1729537356013,15.4008712908994));
#5861=CARTESIAN_POINT('',(-2.39668657873412,16.1729537356013,15.4008712750411));
#5862=CARTESIAN_POINT('',(-7.13418799239692,16.1729537356013,17.1008713058644));
#5863=CARTESIAN_POINT('Origin',(-5.43418799239794,16.1729537356013,17.100871294802));
#5864=CARTESIAN_POINT('',(-7.13418794931208,16.1729537356013,23.7218845044205));
#5865=CARTESIAN_POINT('',(-7.1341879860173,16.1729537356013,18.081252441803));
#5866=CARTESIAN_POINT('',(-5.43418793824959,16.1729537356013,25.4218844933576));
#5867=CARTESIAN_POINT('Origin',(-5.43418794931268,16.1729537356012,23.7218844933582));
#5868=CARTESIAN_POINT('',(-4.83418276911886,16.1729537356013,25.4218844894529));
#5869=CARTESIAN_POINT('',(-2.69668909809426,16.1729537356013,25.4218844755427));
#5870=CARTESIAN_POINT('',(-3.13418278017976,16.1729537356013,23.7218844783888));
#5871=CARTESIAN_POINT('Origin',(-4.83418278018195,16.1729537356012,23.7218844894507));
#5872=CARTESIAN_POINT('',(-3.13418282326271,16.1729537356013,17.1008712798365));
#5873=CARTESIAN_POINT('',(-3.13418279534189,16.1729537356013,21.3917590150502));
#5874=CARTESIAN_POINT('Origin',(-4.83418282326167,16.1729537356013,17.1008712908984));
#5875=CARTESIAN_POINT('Origin',(-20.8360111993177,23.1729537356012,2.22761269425042));
#5876=CARTESIAN_POINT('',(-22.5360111993177,19.7729537356013,2.22761271637212));
#5877=CARTESIAN_POINT('',(-22.5360111993177,23.1729537356012,2.22761271637207));
#5878=CARTESIAN_POINT('Origin',(-20.8360111993177,19.7729537356013,2.22761269425042));
#5879=CARTESIAN_POINT('Origin',(20.9176305066023,16.3729537356013,2.22761242258592));
#5880=CARTESIAN_POINT('',(22.6176305066023,16.5729537356013,2.22761242258592));
#5881=CARTESIAN_POINT('Origin',(20.9176305066023,16.5729537356013,2.22761242258592));
#5882=CARTESIAN_POINT('',(22.8176305066023,16.3729537356013,2.22761242258592));
#5883=CARTESIAN_POINT('Origin',(20.9176305066023,23.1729537356012,2.22761242258592));
#5884=CARTESIAN_POINT('',(22.6176305066023,19.7729537356013,2.22761242258592));
#5885=CARTESIAN_POINT('Origin',(20.9176305066023,19.7729537356013,2.22761242258592));
#5886=CARTESIAN_POINT('',(22.6176305066023,23.1729537356012,2.22761242258592));
#5887=CARTESIAN_POINT('Ctrl Pts',(-9.65918364699766,22.1729537356013,25.9718830722744));
#5888=CARTESIAN_POINT('Ctrl Pts',(-9.65918364894329,22.7715169693067,25.6728484049542));
#5889=CARTESIAN_POINT('Ctrl Pts',(-9.83765396402194,23.5111357194101,25.3033131382384));
#5890=CARTESIAN_POINT('Ctrl Pts',(-10.2861345716686,24.0701581267191,25.0237563689921));
#5891=CARTESIAN_POINT('Ctrl Pts',(-10.5098184099692,24.1739879263707,24.9717976776318));
#5892=CARTESIAN_POINT('Ctrl Pts',(-10.6597349494482,24.1738177550641,24.9718828359802));
#5893=CARTESIAN_POINT('Ctrl Pts',(-9.65918364699766,22.1729537356013,25.9718830722744));
#5894=CARTESIAN_POINT('Ctrl Pts',(-9.65918364931445,22.7144717487106,25.615803184358));
#5895=CARTESIAN_POINT('Ctrl Pts',(-9.92505928774354,23.378314002629,25.189190659662));
#5896=CARTESIAN_POINT('Ctrl Pts',(-10.3917904406685,23.8082147276121,24.9900812486002));
#5897=CARTESIAN_POINT('Ctrl Pts',(-10.5552404398084,23.8744328171799,24.9721300675112));
#5898=CARTESIAN_POINT('Ctrl Pts',(-10.6595673236708,23.8743242683082,24.9721595186201));
#5899=CARTESIAN_POINT('Ctrl Pts',(-9.65918364699766,22.1729537356013,25.9718830722744));
#5900=CARTESIAN_POINT('Ctrl Pts',(-9.65918364996406,22.6146288370206,25.5159602726682));
#5901=CARTESIAN_POINT('Ctrl Pts',(-9.99234037035827,23.1423703300547,24.9685693713907));
#5902=CARTESIAN_POINT('Ctrl Pts',(-10.4819795874271,23.3526289582539,24.7304509487437));
#5903=CARTESIAN_POINT('Ctrl Pts',(-10.5942813341014,23.355686505347,24.7207946517885));
#5904=CARTESIAN_POINT('Ctrl Pts',(-10.6594232504068,23.3556814385233,24.7208105318209));
#5905=CARTESIAN_POINT('Ctrl Pts',(-9.65918364699766,22.1729537356013,25.9718830722744));
#5906=CARTESIAN_POINT('Ctrl Pts',(-9.65918365061368,22.5147859253308,25.4161173609783));
#5907=CARTESIAN_POINT('Ctrl Pts',(-9.90328432330159,22.9260519677418,24.7343349149732));
#5908=CARTESIAN_POINT('Ctrl Pts',(-10.3646810542947,23.1463083870644,24.2712365062917));
#5909=CARTESIAN_POINT('Ctrl Pts',(-10.5434432720745,23.1727956912257,24.1955810231982));
#5910=CARTESIAN_POINT('Ctrl Pts',(-10.6596108640903,23.1727522576909,24.1957050351345));
#5911=CARTESIAN_POINT('Ctrl Pts',(-9.65918364699766,22.1729537356013,25.9718830722744));
#5912=CARTESIAN_POINT('Ctrl Pts',(-9.65918365089213,22.471988234237,25.3733196698845));
#5913=CARTESIAN_POINT('Ctrl Pts',(-9.83765349508983,22.8415275424321,24.6336968926326));
#5914=CARTESIAN_POINT('Ctrl Pts',(-10.2861370404616,23.1210804901364,24.0746777585966));
#5915=CARTESIAN_POINT('Ctrl Pts',(-10.5098200256343,23.1730391247977,23.970848012276));
#5916=CARTESIAN_POINT('Ctrl Pts',(-10.6597349500256,23.1729539675211,23.9710181844722));
#5917=CARTESIAN_POINT('',(-10.6591836535041,24.1729537356013,24.9718830787808));
#5918=CARTESIAN_POINT('Origin',(-10.6591836600104,24.1729537356013,23.9718830787808));
#5919=CARTESIAN_POINT('Origin',(-10.6591836469977,22.1729537356013,25.9718830787808));
#5920=CARTESIAN_POINT('Origin',(-10.6591836469977,22.1729537356013,25.9718830787808));
#5921=CARTESIAN_POINT('Origin',(0.707251510612788,24.1729537356013,23.9718830048266));
#5922=CARTESIAN_POINT('',(-12.0763035641651,24.1729537356013,24.9718830880011));
#5923=CARTESIAN_POINT('Origin',(-12.0763035706715,24.1729537356013,23.9718830880011));
#5924=CARTESIAN_POINT('',(0.707251517119155,24.1729537356013,24.9718830048266));
#5925=CARTESIAN_POINT('Origin',(-12.0763035706715,22.1729537356013,23.9718830879826));
#5926=CARTESIAN_POINT('',(-13.0763035706715,22.1729537356013,23.971883094489));
#5927=CARTESIAN_POINT('',(-14.0763035641651,22.1729537356013,24.9718831010138));
#5928=CARTESIAN_POINT('Origin',(-14.0763035706715,22.1729537356013,23.9718831009954));
#5929=CARTESIAN_POINT('Origin',(-12.0763035641651,22.1729537356013,24.9718830880011));
#5930=CARTESIAN_POINT('Origin',(-12.0763035706715,22.1729537356013,23.9718830879826));
#5931=CARTESIAN_POINT('Origin',(-14.0763035706715,16.6628339063002,23.9718831010138));
#5932=CARTESIAN_POINT('',(-13.0763035706715,19.5871672979729,23.9718830945081));
#5933=CARTESIAN_POINT('',(-14.0763035641651,19.5871672979729,24.9718831010138));
#5934=CARTESIAN_POINT('Origin',(-14.0763035706715,19.5871672979729,23.9718831010138));
#5935=CARTESIAN_POINT('',(-14.0763035641651,16.6628339063002,24.9718831010138));
#5936=CARTESIAN_POINT('',(-13.0763035706715,16.6628339063002,23.9718830945081));
#5937=CARTESIAN_POINT('Ctrl Pts',(-14.0796548857709,19.5902868119684,24.9718788923255));
#5938=CARTESIAN_POINT('Ctrl Pts',(-13.9203973385865,19.1132115335951,24.9719143007183));
#5939=CARTESIAN_POINT('Ctrl Pts',(-13.655893158745,18.3216111099088,25.103340648917));
#5940=CARTESIAN_POINT('Ctrl Pts',(-13.4182827438764,17.6109919316586,25.5244194165165));
#5941=CARTESIAN_POINT('Ctrl Pts',(-13.3698552806432,17.4661887656929,25.8234339152354));
#5942=CARTESIAN_POINT('Ctrl Pts',(-13.3700147113141,17.4666654831769,25.9733519343364));
#5943=CARTESIAN_POINT('Ctrl Pts',(-13.7794708226675,19.5902823422363,24.9729428835484));
#5944=CARTESIAN_POINT('Ctrl Pts',(-13.6505707561312,19.1139423372533,24.9235565620973));
#5945=CARTESIAN_POINT('Ctrl Pts',(-13.4560281026515,18.284031188896,25.0061187528877));
#5946=CARTESIAN_POINT('Ctrl Pts',(-13.2957179386535,17.5179625918679,25.456952132362));
#5947=CARTESIAN_POINT('Ctrl Pts',(-13.2637289563874,17.3602156333213,25.8011961211864));
#5948=CARTESIAN_POINT('Ctrl Pts',(-13.2638342737279,17.3607349516287,25.9735719735057));
#5949=CARTESIAN_POINT('Ctrl Pts',(-13.2596255796053,19.5905476320747,24.7218766049094));
#5950=CARTESIAN_POINT('Ctrl Pts',(-13.2208235763662,19.0736614611014,24.6456112223047));
#5951=CARTESIAN_POINT('Ctrl Pts',(-13.1685950762822,18.1571367754393,24.7378118704886));
#5952=CARTESIAN_POINT('Ctrl Pts',(-13.1283209317127,17.3077440074003,25.3137446598069));
#5953=CARTESIAN_POINT('Ctrl Pts',(-13.1207212158059,17.1325423973814,25.7533199819917));
#5954=CARTESIAN_POINT('Ctrl Pts',(-13.1207462385439,17.1331191758797,25.9740456675606));
#5955=CARTESIAN_POINT('Ctrl Pts',(-13.0762226879916,19.5910938328463,24.1962079122045));
#5956=CARTESIAN_POINT('Ctrl Pts',(-13.0766523042757,18.9906220157503,24.1730562963219));
#5957=CARTESIAN_POINT('Ctrl Pts',(-13.0762732400697,17.9765084839795,24.384318658923));
#5958=CARTESIAN_POINT('Ctrl Pts',(-13.0764561920139,17.0580208899118,25.1471648295785));
#5959=CARTESIAN_POINT('Ctrl Pts',(-13.0762840408677,16.8702128487099,25.6981960663166));
#5960=CARTESIAN_POINT('Ctrl Pts',(-13.0762846042285,16.8708311409171,25.9745911006123));
#5961=CARTESIAN_POINT('Ctrl Pts',(-13.0763036331334,19.5913269563935,23.9715497878801));
#5962=CARTESIAN_POINT('Ctrl Pts',(-13.076303003312,18.955180218547,23.9708944147919));
#5963=CARTESIAN_POINT('Ctrl Pts',(-13.076303584884,17.8992568959967,24.2330727618026));
#5964=CARTESIAN_POINT('Ctrl Pts',(-13.0763033187547,16.9511513110056,25.0758095273784));
#5965=CARTESIAN_POINT('Ctrl Pts',(-13.0763035746102,16.7579395324307,25.674606812927));
#5966=CARTESIAN_POINT('Ctrl Pts',(-13.0763035718043,16.7585756194593,25.9748245097963));
#5967=CARTESIAN_POINT('',(-13.0763035644391,17.1729537356012,24.9298723279473));
#5968=CARTESIAN_POINT('',(-13.3691967764736,17.4658469544147,25.9718830964126));
#5969=CARTESIAN_POINT('Ctrl Pts',(-13.0763035644354,17.1729537356012,24.9304414484231));
#5970=CARTESIAN_POINT('Ctrl Pts',(-13.0763091282491,17.1729592994799,24.9404274903589));
#5971=CARTESIAN_POINT('Ctrl Pts',(-13.0763789483883,17.173029119684,24.9504135211874));
#5972=CARTESIAN_POINT('Ctrl Pts',(-13.0788120014053,17.1754621738786,25.1314113737333));
#5973=CARTESIAN_POINT('Ctrl Pts',(-13.1002832522672,17.1969334259861,25.3228811994787));
#5974=CARTESIAN_POINT('Ctrl Pts',(-13.1957659917684,17.2924161676608,25.6569813443567));
#5975=CARTESIAN_POINT('Ctrl Pts',(-13.2612998889525,17.3579500658948,25.8183535339075));
#5976=CARTESIAN_POINT('Ctrl Pts',(-13.3676624249224,17.4643126028493,25.9697103632925));
#5977=CARTESIAN_POINT('Ctrl Pts',(-13.3684289706445,17.4650791485785,25.9707976117923));
#5978=CARTESIAN_POINT('Ctrl Pts',(-13.3691967764735,17.4658469544146,25.9718830964127));
#5979=CARTESIAN_POINT('Origin',(-14.0763035576602,19.5871672979744,25.9718831010138));
#5980=CARTESIAN_POINT('Origin',(-13.0763035576602,19.5871672979744,25.9718830945081));
#5981=CARTESIAN_POINT('Origin',(-13.0763034407533,13.1729537355988,43.9419385606895));
#5982=CARTESIAN_POINT('',(-13.0763036284156,22.1729537356013,15.0958784478812));
#5983=CARTESIAN_POINT('',(-13.076303589454,22.1729537356013,21.084775602229));
#5984=CARTESIAN_POINT('',(-13.0763036284156,17.1729537356013,15.0958784478812));
#5985=CARTESIAN_POINT('',(-13.0763036284156,16.1729537356013,15.0958784478812));
#5986=CARTESIAN_POINT('',(-13.0763035216846,17.1729537356013,31.5017860885384));
#5987=CARTESIAN_POINT('Origin',(-12.076303589454,22.1729537356013,21.0847755957234));
#5988=CARTESIAN_POINT('Origin',(-12.0763036284156,22.1729537356013,15.0958784413756));
#5989=CARTESIAN_POINT('Origin',(-10.6591838014866,22.1729537356013,2.22761262804362));
#5990=CARTESIAN_POINT('Origin',(-10.6591837284318,22.1729537356013,13.4558246293881));
#5991=CARTESIAN_POINT('Origin',(-10.6591836469977,20.1627154442185,25.9718830787808));
#5992=CARTESIAN_POINT('',(-10.6591836535041,20.1627154442185,24.9718830787808));
#5993=CARTESIAN_POINT('Ctrl Pts',(13.4524300490088,17.4674630082995,25.9747729907638));
#5994=CARTESIAN_POINT('Ctrl Pts',(13.4519486119035,17.4660284853556,25.7499237493585));
#5995=CARTESIAN_POINT('Ctrl Pts',(13.581903570814,17.8532509535879,25.2241844947057));
#5996=CARTESIAN_POINT('Ctrl Pts',(13.9516518098916,18.9565086352358,24.9719395605461));
#5997=CARTESIAN_POINT('Ctrl Pts',(14.1645277354082,19.5933124060009,24.9718666719179));
#5998=CARTESIAN_POINT('Ctrl Pts',(13.3458630088026,17.361390550603,25.9752069801613));
#5999=CARTESIAN_POINT('Ctrl Pts',(13.345552665926,17.3598219614856,25.7165960037483));
#6000=CARTESIAN_POINT('Ctrl Pts',(13.4293022819789,17.7832624239357,25.1102971509607));
#6001=CARTESIAN_POINT('Ctrl Pts',(13.6909243365,18.9577715638853,24.9075601929866));
#6002=CARTESIAN_POINT('Ctrl Pts',(13.8633906215559,19.5933014134162,24.973971264376));
#6003=CARTESIAN_POINT('Ctrl Pts',(13.2024472740291,17.1335291852488,25.9761410311361));
#6004=CARTESIAN_POINT('Ctrl Pts',(13.2023733224499,17.1317895467374,25.6448608935293));
#6005=CARTESIAN_POINT('Ctrl Pts',(13.2223247143182,17.6014045406545,24.8683307236009));
#6006=CARTESIAN_POINT('Ctrl Pts',(13.2898956966198,18.9042438880883,24.6204474618133));
#6007=CARTESIAN_POINT('Ctrl Pts',(13.3418174251634,19.593823604692,24.7231421031507));
#6008=CARTESIAN_POINT('Ctrl Pts',(13.1579152503077,16.8709051447225,25.977216843904));
#6009=CARTESIAN_POINT('Ctrl Pts',(13.1579149644506,16.8690423682354,25.5622353638896));
#6010=CARTESIAN_POINT('Ctrl Pts',(13.1579911715851,17.3718739638026,24.5913735280433));
#6011=CARTESIAN_POINT('Ctrl Pts',(13.1584470208764,18.7934829907512,24.1646697821502));
#6012=CARTESIAN_POINT('Ctrl Pts',(13.1578851207785,19.5949015129264,24.19648729864));
#6013=CARTESIAN_POINT('Ctrl Pts',(13.1579231764351,16.7586823889856,25.9776764972158));
#6014=CARTESIAN_POINT('Ctrl Pts',(13.157923173683,16.7567669578053,25.526932796158));
#6015=CARTESIAN_POINT('Ctrl Pts',(13.1579231180984,17.2738021362896,24.4729619364201));
#6016=CARTESIAN_POINT('Ctrl Pts',(13.1579228262591,18.7462818339811,23.9699110860651));
#6017=CARTESIAN_POINT('Ctrl Pts',(13.1579231744494,19.5953608720023,23.9717515276044));
#6018=CARTESIAN_POINT('',(13.1579231609085,19.5871672979729,23.9718829238186));
#6019=CARTESIAN_POINT('',(14.1579231674149,19.5871672979729,24.9718829173116));
#6020=CARTESIAN_POINT('Origin',(14.1579231609085,19.5871672979729,23.9718829173115));
#6021=CARTESIAN_POINT('Origin',(14.1579231739227,19.5871672979744,25.9718829173116));
#6022=CARTESIAN_POINT('Origin',(13.1579231739227,19.5871672979744,25.9718829238186));
#6023=CARTESIAN_POINT('Origin',(14.1579231609085,16.6628339063002,23.9718829173115));
#6024=CARTESIAN_POINT('',(13.1579231609085,22.1729537356013,23.9718829238186));
#6025=CARTESIAN_POINT('',(14.1579231674149,22.1729537356013,24.9718829173116));
#6026=CARTESIAN_POINT('Origin',(14.1579231609085,22.1729537356013,23.9718829173116));
#6027=CARTESIAN_POINT('',(14.1579231674149,16.6628339063002,24.9718829173115));
#6028=CARTESIAN_POINT('',(13.1579231609085,16.6628339063002,23.9718829238186));
#6029=CARTESIAN_POINT('Origin',(12.1579231609085,22.1729537356013,23.9718829303252));
#6030=CARTESIAN_POINT('',(12.1579231609085,23.1729537356013,23.9718829303253));
#6031=CARTESIAN_POINT('',(12.1579231674148,24.1729537356013,24.9718829303243));
#6032=CARTESIAN_POINT('Origin',(12.1579231609085,24.1729537356013,23.9718829303253));
#6033=CARTESIAN_POINT('Origin',(12.1579231674149,22.1729537356013,24.9718829303243));
#6034=CARTESIAN_POINT('Origin',(12.1579231609085,22.1729537356013,23.9718829303252));
#6035=CARTESIAN_POINT('Origin',(12.8243648764294,24.1729537356013,23.9718829259882));
#6036=CARTESIAN_POINT('',(10.7408032502474,23.1729537356013,23.9718829395446));
#6037=CARTESIAN_POINT('',(10.7408032567538,24.1729537356013,24.9718829395446));
#6038=CARTESIAN_POINT('Origin',(10.7408032502474,24.1729537356013,23.9718829395446));
#6039=CARTESIAN_POINT('',(12.8243648829358,24.1729537356013,24.9718829259882));
#6040=CARTESIAN_POINT('',(12.8243648764294,23.1729537356013,23.9718829259882));
#6041=CARTESIAN_POINT('Ctrl Pts',(10.7413545526989,24.173817755107,24.9718826967368));
#6042=CARTESIAN_POINT('Ctrl Pts',(10.591438013212,24.1739879264139,24.9717975403392));
#6043=CARTESIAN_POINT('Ctrl Pts',(10.3677541755778,24.0701581267581,25.0237562346144));
#6044=CARTESIAN_POINT('Ctrl Pts',(9.91927357157035,23.5111357194312,25.3033130097078));
#6045=CARTESIAN_POINT('Ctrl Pts',(9.74080326131458,22.7715169693148,25.672848278739));
#6046=CARTESIAN_POINT('Ctrl Pts',(9.74080326326021,22.1729537356012,25.971882946051));
#6047=CARTESIAN_POINT('Ctrl Pts',(10.7411869269249,23.8743242683365,24.9721593793926));
#6048=CARTESIAN_POINT('Ctrl Pts',(10.6368600430598,23.8744328172084,24.9721299296412));
#6049=CARTESIAN_POINT('Ctrl Pts',(10.4734100441485,23.8082147276377,24.9900811128578));
#6050=CARTESIAN_POINT('Ctrl Pts',(10.006678893813,23.3783140026436,25.1891905299898));
#6051=CARTESIAN_POINT('Ctrl Pts',(9.74080326094342,22.714471748716,25.6158030581401));
#6052=CARTESIAN_POINT('Ctrl Pts',(9.74080326326021,22.1729537356013,25.971882946051));
#6053=CARTESIAN_POINT('Ctrl Pts',(10.7410428503898,23.3556814385269,24.7208103925964));
#6054=CARTESIAN_POINT('Ctrl Pts',(10.6759009340856,23.3556865053506,24.7207945134117));
#6055=CARTESIAN_POINT('Ctrl Pts',(10.5635991875397,23.3526289582602,24.7304508118245));
#6056=CARTESIAN_POINT('Ctrl Pts',(10.0739599735632,23.1423703300645,24.968569240834));
#6057=CARTESIAN_POINT('Ctrl Pts',(9.74080326029381,22.6146288370233,25.5159601464474));
#6058=CARTESIAN_POINT('Ctrl Pts',(9.74080326326021,22.1729537356013,25.971882946051));
#6059=CARTESIAN_POINT('Ctrl Pts',(10.7412304572407,23.1727522576905,24.1957048958917));
#6060=CARTESIAN_POINT('Ctrl Pts',(10.6250628652228,23.1727956912254,24.195580885467));
#6061=CARTESIAN_POINT('Ctrl Pts',(10.4463006484266,23.1463083870649,24.2712363708852));
#6062=CARTESIAN_POINT('Ctrl Pts',(9.98490392345705,22.9260519677438,24.7343347855699));
#6063=CARTESIAN_POINT('Ctrl Pts',(9.74080325964419,22.5147859253306,25.4161172347547));
#6064=CARTESIAN_POINT('Ctrl Pts',(9.74080326326021,22.1729537356013,25.971882946051));
#6065=CARTESIAN_POINT('Ctrl Pts',(10.7413545402524,23.1729539675211,23.9710180452273));
#6066=CARTESIAN_POINT('Ctrl Pts',(10.5914396158582,23.1730391247979,23.9708478749818));
#6067=CARTESIAN_POINT('Ctrl Pts',(10.3677566320351,23.1210804901371,24.0746776242119));
#6068=CARTESIAN_POINT('Ctrl Pts',(9.91927309393675,22.8415275424326,24.633696764084));
#6069=CARTESIAN_POINT('Ctrl Pts',(9.74080325936573,22.4719882342368,25.3733195436608));
#6070=CARTESIAN_POINT('Ctrl Pts',(9.74080326326021,22.1729537356013,25.971882946051));
#6071=CARTESIAN_POINT('Origin',(10.7408032632602,22.1729537356013,25.9718829395446));
#6072=CARTESIAN_POINT('Origin',(10.7408032632602,22.1729537356013,25.9718829395446));
#6073=CARTESIAN_POINT('Origin',(10.7408031087712,22.1729537356013,2.22761248880742));
#6074=CARTESIAN_POINT('',(10.7408031818261,23.1729537356013,13.4558244901519));
#6075=CARTESIAN_POINT('',(10.7408031087712,23.1729537356013,2.22761248880742));
#6076=CARTESIAN_POINT('Origin',(10.7408031818261,22.1729537356013,13.4558244901519));
#6077=CARTESIAN_POINT('Origin',(12.1579229934335,23.1729537356013,-1.77238752041389));
#6078=CARTESIAN_POINT('',(12.1579231031515,23.1729537356013,15.0958782836988));
#6079=CARTESIAN_POINT('',(12.1579231421218,23.1729537356013,21.0847754380466));
#6080=CARTESIAN_POINT('',(15.0929070615898,23.1729537356013,9.39713762448322));
#6081=CARTESIAN_POINT('Origin',(19.1579231031515,23.1729537356013,15.0958782381492));
#6082=CARTESIAN_POINT('',(20.4535993827328,23.1729537356013,7.27461863801822));
#6083=CARTESIAN_POINT('Origin',(22.0615059899813,23.1729537356013,19.1664072479106));
#6084=CARTESIAN_POINT('',(23.8725745267668,23.1729537356013,3.90936919385052));
#6085=CARTESIAN_POINT('Origin',(19.9176305136499,23.1729537356013,3.31068910138742));
#6086=CARTESIAN_POINT('',(17.6169163822546,23.1729537356013,3.06167340915647));
#6087=CARTESIAN_POINT('Origin',(20.9176305066023,23.1729537356013,2.22761242258592));
#6088=CARTESIAN_POINT('',(15.3975927414859,23.1729537356013,5.57315210103742));
#6089=CARTESIAN_POINT('Ctrl Pts',(17.6163460627967,23.1729537356013,3.06120779120732));
#6090=CARTESIAN_POINT('Ctrl Pts',(17.1842084502685,23.1729537356013,4.11411849538292));
#6091=CARTESIAN_POINT('Ctrl Pts',(16.3956783467765,23.1729537356013,5.02322491397832));
#6092=CARTESIAN_POINT('Ctrl Pts',(15.3975927414859,23.1729537356013,5.57315210103742));
#6093=CARTESIAN_POINT('Ctrl Pts',(15.3975927414859,23.1729537356013,5.57315210103742));
#6094=CARTESIAN_POINT('Ctrl Pts',(13.7952896265093,23.1729537356013,6.45599225038382));
#6095=CARTESIAN_POINT('Ctrl Pts',(11.4840427709732,23.1729537356013,8.88046814287012));
#6096=CARTESIAN_POINT('Ctrl Pts',(10.7408031728989,23.1729537356013,12.0837585748699));
#6097=CARTESIAN_POINT('Ctrl Pts',(10.7408031818261,23.1729537356013,13.4558244901519));
#6098=CARTESIAN_POINT('Origin',(12.1579231421218,22.1729537356013,21.0847754380466));
#6099=CARTESIAN_POINT('',(13.1579231031515,22.1729537356013,15.0958782771917));
#6100=CARTESIAN_POINT('',(13.1579231421218,22.1729537356013,21.0847754315395));
#6101=CARTESIAN_POINT('Origin',(12.1579231031515,22.1729537356013,15.0958782836988));
#6102=CARTESIAN_POINT('Origin',(13.1579232908554,13.1729537355988,43.94193839));
#6103=CARTESIAN_POINT('',(13.1579231031515,16.1729537356013,15.0958782771917));
#6104=CARTESIAN_POINT('Origin',(10.7408032632602,20.1627154442185,25.9718829395446));
#6105=CARTESIAN_POINT('',(10.7408032567538,28.1027103968924,24.9718829395446));
#6106=CARTESIAN_POINT('Origin',(10.7408032632602,28.1027103968924,25.9718829395446));
#6107=CARTESIAN_POINT('',(10.7408032567538,20.1627154442185,24.9718829395446));
#6108=CARTESIAN_POINT('Origin',(17.0658061319435,28.1027103968924,25.9718828983918));
#6109=CARTESIAN_POINT('',(20.6408056524441,28.1027103968924,24.9718828751316));
#6110=CARTESIAN_POINT('Origin',(20.6408056589505,28.1027103968924,25.9718828751316));
#6111=CARTESIAN_POINT('',(17.0658061254371,28.1027103968924,24.9718828983918));
#6112=CARTESIAN_POINT('Origin',(7.87025000374476,18.1729537356013,27.9718829581396));
#6113=CARTESIAN_POINT('',(3.95552992080191,20.8027267464238,30.6016559945404));
#6114=CARTESIAN_POINT('',(5.34080756024701,17.6029537355421,27.4018829745145));
#6115=CARTESIAN_POINT('',(5.34080757434011,19.7688146534714,29.5677438925325));
#6116=CARTESIAN_POINT('',(-5.25918792537624,17.6029537355421,27.401883043482));
#6117=CARTESIAN_POINT('',(3.95552991067356,17.6029537355427,27.4018829835283));
#6118=CARTESIAN_POINT('',(-5.25918791128557,19.7688146534739,29.5677439615025));
#6119=CARTESIAN_POINT('',(3.95552992080191,20.8027267464238,30.6016559945404));
#6120=CARTESIAN_POINT('',(-10.5068618089445,14.6035119766754,24.4024413186358));
#6121=CARTESIAN_POINT('Origin',(-5.25918784759773,13.1729537355988,39.3553267148445));
#6122=CARTESIAN_POINT('',(-5.25918792537624,12.6028361143654,27.401883043482));
#6123=CARTESIAN_POINT('Origin',(0.0408098213109926,19.1727168109621,27.4018830089989));
#6124=CARTESIAN_POINT('',(5.34080756024701,12.6028361143654,27.4018829745145));
#6125=CARTESIAN_POINT('',(0.0408098106191904,19.8027267464257,27.4018830089989));
#6126=CARTESIAN_POINT('Origin',(5.34080763801548,13.1729537355988,39.3553266458771));
#6127=CARTESIAN_POINT('Origin',(-6.22235932117551,11.7332230614897,25.9718830499131));
#6128=CARTESIAN_POINT('',(-6.22235932768188,11.7332230614897,24.9718830499131));
#6129=CARTESIAN_POINT('',(-6.92946610236207,11.0261162803032,25.9718830545133));
#6130=CARTESIAN_POINT('Origin',(-12.5763035216846,16.6729537356013,31.5017860852856));
#6131=CARTESIAN_POINT('',(-12.0763036284156,16.1729537356013,15.0958784413756));
#6132=CARTESIAN_POINT('Origin',(20.6408056589505,22.9220466982702,25.9718828751315));
#6133=CARTESIAN_POINT('',(20.6408056524441,26.0700497830022,24.9718828751316));
#6134=CARTESIAN_POINT('',(20.6408056524441,22.9220466982702,24.9718828751316));
#6135=CARTESIAN_POINT('Origin',(20.6408056589505,28.1027103968924,25.9718828751316));
#6136=CARTESIAN_POINT('Origin',(20.6408056589505,26.0700497830022,25.9718828751316));
#6137=CARTESIAN_POINT('Origin',(13.0289773358406,18.4582214598923,25.9718829246569));
#6138=CARTESIAN_POINT('',(13.0289773293343,18.4582214598923,24.9718829246569));
#6139=CARTESIAN_POINT('Origin',(20.6408056589505,28.1027103968924,25.9718828751316));
#6140=CARTESIAN_POINT('Origin',(13.4908065984301,20.1527140770016,24.9718829216521));
#6141=CARTESIAN_POINT('Origin',(13.4908065984301,20.1527140770016,24.9718829216521));
#6142=CARTESIAN_POINT('Origin',(4.8320379428153,16.6729537356013,14.1276121500713));
#6143=CARTESIAN_POINT('',(0.040809727814915,17.1729537356013,13.6276122124183));
#6144=CARTESIAN_POINT('',(0.0408097213245909,18.170487948056,12.6300779999636));
#6145=CARTESIAN_POINT('',(6.27437185921482,17.1729537356013,13.6276121313026));
#6146=CARTESIAN_POINT('',(4.83203793630894,17.1729537356013,13.6276121500713));
#6147=CARTESIAN_POINT('',(6.27437187222755,16.1729537356013,14.6276121313026));
#6148=CARTESIAN_POINT('Ctrl Pts',(10.1217867899353,17.1729908635928,10.7217332947136));
#6149=CARTESIAN_POINT('Ctrl Pts',(10.4813678127138,17.1729908635928,9.4566614943709));
#6150=CARTESIAN_POINT('Ctrl Pts',(11.7103473648658,17.1729908635927,7.06434562630211));
#6151=CARTESIAN_POINT('Ctrl Pts',(13.7589211277278,17.1729908635927,5.33418933312659));
#6152=CARTESIAN_POINT('Ctrl Pts',(14.9153206330208,17.1729908635927,4.69709034974592));
#6153=CARTESIAN_POINT('Ctrl Pts',(10.4424314179125,16.8396451542622,10.8128728078126));
#6154=CARTESIAN_POINT('Ctrl Pts',(10.7900260206492,16.8396451542622,9.58997148557076));
#6155=CARTESIAN_POINT('Ctrl Pts',(11.9780382404041,16.8396451542622,7.27740217456487));
#6156=CARTESIAN_POINT('Ctrl Pts',(13.9583239232503,16.8396451542622,5.60491972140975));
#6157=CARTESIAN_POINT('Ctrl Pts',(15.0761754811424,16.8396451542622,4.98905809496396));
#6158=CARTESIAN_POINT('Ctrl Pts',(10.7630760458898,16.5062994449317,10.9040123209116));
#6159=CARTESIAN_POINT('Ctrl Pts',(11.0986842285847,16.5062994449317,9.72328147677071));
#6160=CARTESIAN_POINT('Ctrl Pts',(12.2457291159425,16.5062994449317,7.49045872282763));
#6161=CARTESIAN_POINT('Ctrl Pts',(14.1577267187728,16.5062994449317,5.8756501096929));
#6162=CARTESIAN_POINT('Ctrl Pts',(15.2370303292641,16.5062994449317,5.28102584018199));
#6163=CARTESIAN_POINT('Ctrl Pts',(11.083720673867,16.1729537356013,10.9951518340105));
#6164=CARTESIAN_POINT('Ctrl Pts',(11.4073424365201,16.1729537356013,9.85659146797056));
#6165=CARTESIAN_POINT('Ctrl Pts',(12.5134199914807,16.1729537356013,7.70351527109048));
#6166=CARTESIAN_POINT('Ctrl Pts',(14.3571295142954,16.1729537356013,6.14638049797606));
#6167=CARTESIAN_POINT('Ctrl Pts',(15.3978851773858,16.1729537356013,5.57299358540003));
#6168=CARTESIAN_POINT('',(10.124035268017,17.1729537358623,10.721989801749));
#6169=CARTESIAN_POINT('',(10.121923628496,17.1729537356013,10.7213876942789));
#6170=CARTESIAN_POINT('',(14.9150134872567,17.1729537356012,4.69730196432826));
#6171=CARTESIAN_POINT('Ctrl Pts',(14.9150133590869,17.1729537356012,4.69730203494748));
#6172=CARTESIAN_POINT('Ctrl Pts',(14.6470592497875,17.1729537356012,4.84493993958516));
#6173=CARTESIAN_POINT('Ctrl Pts',(14.3862570518695,17.1729537356329,5.00489182198766));
#6174=CARTESIAN_POINT('Ctrl Pts',(14.1334541953609,17.17295373566,5.17629690027777));
#6175=CARTESIAN_POINT('Ctrl Pts',(13.8747144054367,17.1729537356878,5.35172733077694));
#6176=CARTESIAN_POINT('Ctrl Pts',(13.6243534134238,17.1729537357108,5.53915555781134));
#6177=CARTESIAN_POINT('Ctrl Pts',(13.3832986299482,17.1729537357121,5.73770957589223));
#6178=CARTESIAN_POINT('Ctrl Pts',(13.1412658392479,17.1729537357135,5.93706916713532));
#6179=CARTESIAN_POINT('Ctrl Pts',(12.9086142713689,17.1729537356931,6.14764553383449));
#6180=CARTESIAN_POINT('Ctrl Pts',(12.6863114718066,17.172953735653,6.36859989693321));
#6181=CARTESIAN_POINT('Ctrl Pts',(12.4658985846678,17.1729537356132,6.58767581137241));
#6182=CARTESIAN_POINT('Ctrl Pts',(12.2556586834167,17.1729537355543,6.81695459678918));
#6183=CARTESIAN_POINT('Ctrl Pts',(12.0565721317018,17.172953735493,7.05565336249934));
#6184=CARTESIAN_POINT('Ctrl Pts',(12.008675760478,17.1729537354782,7.11307966575601));
#6185=CARTESIAN_POINT('Ctrl Pts',(11.9614251272401,17.1729537354634,7.17105132493193));
#6186=CARTESIAN_POINT('Ctrl Pts',(11.9148342657914,17.1729537354488,7.2295576842004));
#6187=CARTESIAN_POINT('Ctrl Pts',(11.7855549412225,17.1729537354084,7.39189987693997));
#6188=CARTESIAN_POINT('Ctrl Pts',(11.6613683197085,17.1729537353636,7.55834402548442));
#6189=CARTESIAN_POINT('Ctrl Pts',(11.542615530876,17.1729537353532,7.72860138547254));
#6190=CARTESIAN_POINT('Ctrl Pts',(11.3530010942309,17.1729537353367,8.00045397703047));
#6191=CARTESIAN_POINT('Ctrl Pts',(11.1772426532259,17.1729537354085,8.28202974881811));
#6192=CARTESIAN_POINT('Ctrl Pts',(11.0159271373593,17.172953735517,8.57166927511932));
#6193=CARTESIAN_POINT('Ctrl Pts',(10.8537901438735,17.172953735626,8.86278375184416));
#6194=CARTESIAN_POINT('Ctrl Pts',(10.7062438575869,17.1729537357716,9.16204350841265));
#6195=CARTESIAN_POINT('Ctrl Pts',(10.5738373673281,17.1729537358908,9.46773955967997));
#6196=CARTESIAN_POINT('Ctrl Pts',(10.4424306337954,17.1729537360091,9.77112740322435));
#6197=CARTESIAN_POINT('Ctrl Pts',(10.3259361240614,17.172953736101,10.0808538816246));
#6198=CARTESIAN_POINT('Ctrl Pts',(10.2248409224866,17.1729537360999,10.3952371166097));
#6199=CARTESIAN_POINT('Ctrl Pts',(10.1899382631914,17.1729537360996,10.503776500951));
#6200=CARTESIAN_POINT('Ctrl Pts',(10.1568706650936,17.1729537360881,10.6128709021503));
#6201=CARTESIAN_POINT('Ctrl Pts',(10.1256567184453,17.1729537360628,10.7224510662086));
#6202=CARTESIAN_POINT('',(15.3975925064646,16.1729537356013,5.57315483468072));
#6203=CARTESIAN_POINT('Ctrl Pts',(14.9150133590869,17.1729537356012,4.69730203494752));
#6204=CARTESIAN_POINT('Ctrl Pts',(16.0093038214783,17.1729537356012,4.09436776182152));
#6205=CARTESIAN_POINT('Ctrl Pts',(16.7892960861418,17.1729537356013,2.95295244734562));
#6206=CARTESIAN_POINT('Ctrl Pts',(16.9511640967099,17.1729537356013,1.71075246167212));
#6207=CARTESIAN_POINT('Ctrl Pts',(15.0758730748794,16.8396204022679,4.98925296819192));
#6208=CARTESIAN_POINT('Ctrl Pts',(16.2613544349447,16.8396204022679,4.33607411662522));
#6209=CARTESIAN_POINT('Ctrl Pts',(17.1063460137689,16.8396204022679,3.09954078417882));
#6210=CARTESIAN_POINT('Ctrl Pts',(17.2817029642009,16.8396204022679,1.75382412508162));
#6211=CARTESIAN_POINT('Ctrl Pts',(15.236732790672,16.5062870689346,5.28120390143632));
#6212=CARTESIAN_POINT('Ctrl Pts',(16.5134050484111,16.5062870689346,4.57778047142892));
#6213=CARTESIAN_POINT('Ctrl Pts',(17.4233959413959,16.5062870689346,3.24612912101202));
#6214=CARTESIAN_POINT('Ctrl Pts',(17.612241831692,16.5062870689346,1.79689578849112));
#6215=CARTESIAN_POINT('Ctrl Pts',(15.3975925064645,16.1729537356013,5.57315483468072));
#6216=CARTESIAN_POINT('Ctrl Pts',(16.7654556618776,16.1729537356013,4.81948682623272));
#6217=CARTESIAN_POINT('Ctrl Pts',(17.7404458690229,16.1729537356013,3.39271745784532));
#6218=CARTESIAN_POINT('Ctrl Pts',(17.942780699183,16.1729537356013,1.83996745190062));
#6219=CARTESIAN_POINT('',(16.9511641119289,17.1729537356013,1.71075234487986));
#6220=CARTESIAN_POINT('Ctrl Pts',(16.95116409671,17.1729537356013,1.71075246167212));
#6221=CARTESIAN_POINT('Ctrl Pts',(16.9187034884485,17.1729537356013,1.95986014967857));
#6222=CARTESIAN_POINT('Ctrl Pts',(16.861310924529,17.1729537356049,2.20491301215961));
#6223=CARTESIAN_POINT('Ctrl Pts',(16.7815152067914,17.1729537356053,2.44237641058266));
#6224=CARTESIAN_POINT('Ctrl Pts',(16.6949794651907,17.1729537356057,2.6998973887527));
#6225=CARTESIAN_POINT('Ctrl Pts',(16.5820961627988,17.1729537356026,2.94849354280595));
#6226=CARTESIAN_POINT('Ctrl Pts',(16.4460295095128,17.1729537355981,3.18367254730795));
#6227=CARTESIAN_POINT('Ctrl Pts',(16.3047669624684,17.1729537355935,3.42783218807974));
#6228=CARTESIAN_POINT('Ctrl Pts',(16.1385160759277,17.1729537355882,3.65753182295663));
#6229=CARTESIAN_POINT('Ctrl Pts',(15.9507594583311,17.172953735587,3.86774250115944));
#6230=CARTESIAN_POINT('Ctrl Pts',(15.763412203132,17.1729537355859,4.0774948607778));
#6231=CARTESIAN_POINT('Ctrl Pts',(15.5546518724029,17.1729537355897,4.26784461228803));
#6232=CARTESIAN_POINT('Ctrl Pts',(15.3278945146427,17.1729537355949,4.43377175460131));
#6233=CARTESIAN_POINT('Ctrl Pts',(15.1961237713513,17.172953735598,4.53019351172009));
#6234=CARTESIAN_POINT('Ctrl Pts',(15.0582749156447,17.1729537356012,4.61836749655495));
#6235=CARTESIAN_POINT('Ctrl Pts',(14.9150135313093,17.1729537356013,4.69730194005602));
#6236=CARTESIAN_POINT('',(17.942780699183,16.1729537356013,1.83996745190062));
#6237=CARTESIAN_POINT('Origin',(20.9176305066023,16.6729537356013,2.22761242258592));
#6238=CARTESIAN_POINT('',(24.9176305066023,17.1729537356014,2.22761239652122));
#6239=CARTESIAN_POINT('',(23.9176305066023,16.1729537356013,2.22761240303742));
#6240=CARTESIAN_POINT('Origin',(20.9176305066023,17.1729537356014,2.22761242258592));
#6241=CARTESIAN_POINT('Origin',(24.4176305613725,16.6729537356013,10.6446228861023));
#6242=CARTESIAN_POINT('',(24.9176305136499,17.1729537356013,3.31068906885202));
#6243=CARTESIAN_POINT('',(24.9176305613725,17.1729537356013,10.6446228828488));
#6244=CARTESIAN_POINT('',(23.9176305136499,16.1729537356013,3.31068907535912));
#6245=CARTESIAN_POINT('Origin',(19.9176305136499,16.6729537356013,3.31068910138742));
#6246=CARTESIAN_POINT('',(20.5875916000035,17.1729537356013,8.26560102217592));
#6247=CARTESIAN_POINT('',(20.4535993827328,16.1729537356013,7.27461863801822));
#6248=CARTESIAN_POINT('Origin',(19.9176305136499,17.1729537356013,3.31068910138742));
#6249=CARTESIAN_POINT('Origin',(22.0615059899813,16.6729537356013,19.1664072479106));
#6250=CARTESIAN_POINT('',(15.6736236389558,17.1729537356013,10.2112434264355));
#6251=CARTESIAN_POINT('',(15.0929070615898,16.1729537356013,9.39713762448322));
#6252=CARTESIAN_POINT('Origin',(22.0615059899813,17.1729537356013,19.1664072479106));
#6253=CARTESIAN_POINT('Origin',(19.1579231031515,16.6729537356013,15.0958782381492));
#6254=CARTESIAN_POINT('Origin',(19.1579231031515,17.1729537356013,15.0958782381492));
#6255=CARTESIAN_POINT('Ctrl Pts',(6.27190145160415,17.173200790626,13.6273642994602));
#6256=CARTESIAN_POINT('Ctrl Pts',(7.01381343123823,17.1732007906259,13.6278309069992));
#6257=CARTESIAN_POINT('Ctrl Pts',(8.73855626554658,17.173200790626,13.1384897523834));
#6258=CARTESIAN_POINT('Ctrl Pts',(9.85255343685948,17.173200790626,11.6703746361095));
#6259=CARTESIAN_POINT('Ctrl Pts',(10.1223607327367,17.173200790626,10.7189436904984));
#6260=CARTESIAN_POINT('Ctrl Pts',(6.27169552506013,16.8397851056177,13.9607799197136));
#6261=CARTESIAN_POINT('Ctrl Pts',(7.0754525972058,16.8397851056177,13.9612854232252));
#6262=CARTESIAN_POINT('Ctrl Pts',(8.94396838986638,16.8397851056177,13.4311532451407));
#6263=CARTESIAN_POINT('Ctrl Pts',(10.1508273291699,16.8397851056177,11.8406574183819));
#6264=CARTESIAN_POINT('Ctrl Pts',(10.4431255102641,16.8397851056177,10.8099160741427));
#6265=CARTESIAN_POINT('Ctrl Pts',(6.27148959851609,16.5063694206095,14.2941955399671));
#6266=CARTESIAN_POINT('Ctrl Pts',(7.13709176317337,16.5063694206094,14.2947399394514));
#6267=CARTESIAN_POINT('Ctrl Pts',(9.14938051418616,16.5063694206095,13.7238167378979));
#6268=CARTESIAN_POINT('Ctrl Pts',(10.4491012214803,16.5063694206095,12.0109402006543));
#6269=CARTESIAN_POINT('Ctrl Pts',(10.7638902877914,16.5063694206095,10.9008884577871));
#6270=CARTESIAN_POINT('Ctrl Pts',(6.27128367197207,16.1729537356013,14.6276111602205));
#6271=CARTESIAN_POINT('Ctrl Pts',(7.19873092914094,16.1729537356012,14.6281944556775));
#6272=CARTESIAN_POINT('Ctrl Pts',(9.35479263850595,16.1729537356013,14.0164802306552));
#6273=CARTESIAN_POINT('Ctrl Pts',(10.7473751137907,16.1729537356013,12.1812229829267));
#6274=CARTESIAN_POINT('Ctrl Pts',(11.0846550653188,16.1729537356013,10.9918608414316));
#6275=CARTESIAN_POINT('Ctrl Pts',(10.1219232613993,17.1729537356013,10.7213889856068));
#6276=CARTESIAN_POINT('Ctrl Pts',(10.0427289959661,17.1729537356013,10.9999686621337));
#6277=CARTESIAN_POINT('Ctrl Pts',(9.9325979656582,17.1729537356628,11.2697179990365));
#6278=CARTESIAN_POINT('Ctrl Pts',(9.79522670645168,17.1729537357236,11.5245725418401));
#6279=CARTESIAN_POINT('Ctrl Pts',(9.66386894722036,17.1729537357816,11.7682706914092));
#6280=CARTESIAN_POINT('Ctrl Pts',(9.50760386468834,17.172953735839,11.9983494489997));
#6281=CARTESIAN_POINT('Ctrl Pts',(9.32965295853691,17.1729537358398,12.2095524805757));
#6282=CARTESIAN_POINT('Ctrl Pts',(9.21788222127084,17.1729537358403,12.3422088354245));
#6283=CARTESIAN_POINT('Ctrl Pts',(9.09755603344655,17.1729537358184,12.4674194860345));
#6284=CARTESIAN_POINT('Ctrl Pts',(8.96946987508968,17.17295373576,12.5838922198396));
#6285=CARTESIAN_POINT('Ctrl Pts',(8.78709717042981,17.1729537356769,12.7497294012779));
#6286=CARTESIAN_POINT('Ctrl Pts',(8.58899443156778,17.1729537355199,12.89785210894));
#6287=CARTESIAN_POINT('Ctrl Pts',(8.37911239701139,17.1729537354522,13.0267481764023));
#6288=CARTESIAN_POINT('Ctrl Pts',(8.1757825558297,17.1729537353867,13.1516203074613));
#6289=CARTESIAN_POINT('Ctrl Pts',(7.96119611604765,17.1729537353805,13.2585757155911));
#6290=CARTESIAN_POINT('Ctrl Pts',(7.73879836800073,17.1729537354014,13.3461594718593));
#6291=CARTESIAN_POINT('Ctrl Pts',(7.52501060309541,17.1729537354214,13.4303524803723));
#6292=CARTESIAN_POINT('Ctrl Pts',(7.30400353895737,17.1729537354662,13.4966448854178));
#6293=CARTESIAN_POINT('Ctrl Pts',(7.0788446103576,17.1729537355079,13.5436974505876));
#6294=CARTESIAN_POINT('Ctrl Pts',(6.86630801060849,17.1729537355473,13.5881122658155));
#6295=CARTESIAN_POINT('Ctrl Pts',(6.65007129659803,17.1729537355839,13.6153838795835));
#6296=CARTESIAN_POINT('Ctrl Pts',(6.43273327654179,17.1729537355965,13.6243428634983));
#6297=CARTESIAN_POINT('Ctrl Pts',(6.37999840011402,17.1729537355996,13.6265166704997));
#6298=CARTESIAN_POINT('Ctrl Pts',(6.32719880316808,17.1729537356012,13.6276121306148));
#6299=CARTESIAN_POINT('Ctrl Pts',(6.27437185924405,17.1729537356012,13.6276121313026));
#6300=CARTESIAN_POINT('Origin',(9.62326611765848,18.1727168109622,13.6276120877243));
#6301=CARTESIAN_POINT('',(0.040809727814915,19.8027267464292,13.6276122124183));
#6302=CARTESIAN_POINT('',(0.0408097278149145,20.4039714694547,13.6276122124183));
#6303=CARTESIAN_POINT('',(6.27437153474309,19.8027267464302,13.6276121313026));
#6304=CARTESIAN_POINT('',(4.83203790734504,19.80272674643,13.6276121500713));
#6305=CARTESIAN_POINT('',(6.27437153474309,19.8027267464303,13.6276121313026));
#6306=CARTESIAN_POINT('Ctrl Pts',(6.27437185921487,17.1729532608751,13.6276121313026));
#6307=CARTESIAN_POINT('Ctrl Pts',(6.27437175105759,18.0495444227268,13.6276121313026));
#6308=CARTESIAN_POINT('Ctrl Pts',(6.27437164290033,18.9261355845785,13.6276121313026));
#6309=CARTESIAN_POINT('Ctrl Pts',(6.27437153474309,19.8027267464303,13.6276121313026));
#6310=CARTESIAN_POINT('Ctrl Pts',(7.26014309721941,17.1729533825034,13.627612118475));
#6311=CARTESIAN_POINT('Ctrl Pts',(7.26014301080919,18.0495445443551,13.6276121189975));
#6312=CARTESIAN_POINT('Ctrl Pts',(7.26014292373532,18.9261357062068,13.6276121179526));
#6313=CARTESIAN_POINT('Ctrl Pts',(7.26014283732515,19.8027268680586,13.6276121184751));
#6314=CARTESIAN_POINT('Ctrl Pts',(8.97694147587196,17.1729535943288,12.9600662012833));
#6315=CARTESIAN_POINT('Ctrl Pts',(8.97694142590353,18.0495447561805,12.9600661707142));
#6316=CARTESIAN_POINT('Ctrl Pts',(8.97694137623956,18.9261359180322,12.9600661406293));
#6317=CARTESIAN_POINT('Ctrl Pts',(8.97694132627116,19.8027270798838,12.9600661100603));
#6318=CARTESIAN_POINT('Ctrl Pts',(9.91975878646832,17.1729537106574,11.4325388046916));
#6319=CARTESIAN_POINT('Ctrl Pts',(9.9197587250203,18.049544872509,11.4325387171347));
#6320=CARTESIAN_POINT('Ctrl Pts',(9.91975866318277,18.9261360343607,11.4325386298601));
#6321=CARTESIAN_POINT('Ctrl Pts',(9.91975860173478,19.8027271962123,11.4325385423032));
#6322=CARTESIAN_POINT('Ctrl Pts',(10.121923628496,17.1729537356013,10.7213876942789));
#6323=CARTESIAN_POINT('Ctrl Pts',(10.1219235512408,18.0495448974529,10.7213875855753));
#6324=CARTESIAN_POINT('Ctrl Pts',(10.1219234739856,18.9261360593046,10.7213874768717));
#6325=CARTESIAN_POINT('Ctrl Pts',(10.1219233967304,19.8027272211562,10.7213873681681));
#6326=CARTESIAN_POINT('',(10.1254596073991,19.8027266281868,10.7223947606837));
#6327=CARTESIAN_POINT('Ctrl Pts',(6.2743715347431,19.8027267464302,13.6276121313026));
#6328=CARTESIAN_POINT('Ctrl Pts',(7.26010033536525,19.8027267160247,13.6276121184756));
#6329=CARTESIAN_POINT('Ctrl Pts',(8.97654735944537,19.8027266630798,12.9593560722177));
#6330=CARTESIAN_POINT('Ctrl Pts',(9.91976663980427,19.802726633986,11.4325089788037));
#6331=CARTESIAN_POINT('Ctrl Pts',(10.12192288787,19.8027266277506,10.7213891581753));
#6332=CARTESIAN_POINT('',(10.1256567184453,17.1729537360628,10.7224510662086));
#6333=CARTESIAN_POINT('Ctrl Pts',(9.74080318182614,22.1729571568785,13.4558244966568));
#6334=CARTESIAN_POINT('Ctrl Pts',(9.74080318182614,20.506289745391,13.4558252200322));
#6335=CARTESIAN_POINT('Ctrl Pts',(9.74080318182614,18.8396223339039,13.4558259434077));
#6336=CARTESIAN_POINT('Ctrl Pts',(9.74080318182614,17.1729549224167,13.4558266667833));
#6337=CARTESIAN_POINT('Ctrl Pts',(9.74080316860025,22.1729562746093,11.4230635204522));
#6338=CARTESIAN_POINT('Ctrl Pts',(9.74080316882027,20.5062888631217,11.4230642596778));
#6339=CARTESIAN_POINT('Ctrl Pts',(9.74080316838022,18.8396214516345,11.4230649986783));
#6340=CARTESIAN_POINT('Ctrl Pts',(9.74080316860026,17.1729540401472,11.4230657379041));
#6341=CARTESIAN_POINT('Ctrl Pts',(10.8602291897191,22.1729547340348,7.87355744394222));
#6342=CARTESIAN_POINT('Ctrl Pts',(10.8602291717415,20.506287322547,7.87355821035602));
#6343=CARTESIAN_POINT('Ctrl Pts',(10.8602291539944,18.8396199110597,7.87355897688832));
#6344=CARTESIAN_POINT('Ctrl Pts',(10.8602291360169,17.1729524995722,7.87355974330232));
#6345=CARTESIAN_POINT('Ctrl Pts',(13.57971474519,22.1729536747827,5.43302534441182));
#6346=CARTESIAN_POINT('Ctrl Pts',(13.5797146890856,20.5062862632949,5.43302611315412));
#6347=CARTESIAN_POINT('Ctrl Pts',(13.5797146330491,18.8396188518074,5.43302688174452));
#6348=CARTESIAN_POINT('Ctrl Pts',(13.5797145769447,17.1729514403198,5.43302765048692));
#6349=CARTESIAN_POINT('Ctrl Pts',(14.9150138036704,22.1729533554594,4.69729961986452));
#6350=CARTESIAN_POINT('Ctrl Pts',(14.9150137311328,20.5062859439714,4.69730038320682));
#6351=CARTESIAN_POINT('Ctrl Pts',(14.9150136585953,18.8396185324839,4.69730114654922));
#6352=CARTESIAN_POINT('Ctrl Pts',(14.9150135860578,17.1729511209963,4.69730190989172));
#6353=CARTESIAN_POINT('',(9.7434660815831,20.8027267464319,13.2284358605053));
#6354=CARTESIAN_POINT('Ctrl Pts',(9.7434660815831,20.8027267464319,13.2284358605053));
#6355=CARTESIAN_POINT('Ctrl Pts',(9.74483771569714,20.8027267464326,13.1698203249681));
#6356=CARTESIAN_POINT('Ctrl Pts',(9.74681732255147,20.8002339754031,13.1076609742166));
#6357=CARTESIAN_POINT('Ctrl Pts',(9.74962572013061,20.7945268211559,13.0416485002911));
#6358=CARTESIAN_POINT('Ctrl Pts',(9.75236341879384,20.7889633394505,12.9772978317941));
#6359=CARTESIAN_POINT('Ctrl Pts',(9.75588850801141,20.780345275945,12.9092853885399));
#6360=CARTESIAN_POINT('Ctrl Pts',(9.7604524976846,20.7680041558728,12.8373348735185));
#6361=CARTESIAN_POINT('Ctrl Pts',(9.76484357514804,20.7561305939011,12.7681102898501));
#6362=CARTESIAN_POINT('Ctrl Pts',(9.77019627614206,20.7408107363272,12.6952401832568));
#6363=CARTESIAN_POINT('Ctrl Pts',(9.77678020241739,20.7214492441274,12.6184909517745));
#6364=CARTESIAN_POINT('Ctrl Pts',(9.78257867271087,20.7043975590593,12.5508978287371));
#6365=CARTESIAN_POINT('Ctrl Pts',(9.78933262701045,20.6842110439179,12.4802959493114));
#6366=CARTESIAN_POINT('Ctrl Pts',(9.79725807557306,20.6604830215467,12.4065363743606));
#6367=CARTESIAN_POINT('Ctrl Pts',(9.81988626154005,20.5927364329968,12.1959431990157));
#6368=CARTESIAN_POINT('Ctrl Pts',(9.84909700772955,20.5048946815914,11.9873959334656));
#6369=CARTESIAN_POINT('Ctrl Pts',(9.88454284799879,20.4044405737378,11.7811189534504));
#6370=CARTESIAN_POINT('Ctrl Pts',(9.92104863921475,20.3009825470628,11.5686735915154));
#6371=CARTESIAN_POINT('Ctrl Pts',(9.964167973359,20.1841465812641,11.358635997269));
#6372=CARTESIAN_POINT('Ctrl Pts',(10.0135724759735,20.0621070404347,11.1512287910313));
#6373=CARTESIAN_POINT('Ctrl Pts',(10.0473561456575,19.9786542513656,11.0094000876787));
#6374=CARTESIAN_POINT('Ctrl Pts',(10.0840798768788,19.8927682365523,10.868800900673));
#6375=CARTESIAN_POINT('Ctrl Pts',(10.1236518531012,19.8070628110182,10.7294978758246));
#6376=CARTESIAN_POINT('Ctrl Pts',(10.1243191825987,19.8056175013821,10.7271487129461));
#6377=CARTESIAN_POINT('Ctrl Pts',(10.1249873577908,19.8041721806308,10.7247997937986));
#6378=CARTESIAN_POINT('Ctrl Pts',(10.1256563785268,19.8027268614871,10.7224511187902));
#6379=CARTESIAN_POINT('Origin',(19.4608004971914,20.8027267506189,13.4559433987079));
#6380=CARTESIAN_POINT('',(14.9150138036704,22.1729533554594,4.69729961986452));
#6381=CARTESIAN_POINT('Ctrl Pts',(9.74080318182614,22.1729537356013,13.4558244966582));
#6382=CARTESIAN_POINT('Ctrl Pts',(9.74080317852903,22.172953713607,12.9490738508345));
#6383=CARTESIAN_POINT('Ctrl Pts',(9.78056100588585,22.1729536917313,12.4425110086307));
#6384=CARTESIAN_POINT('Ctrl Pts',(9.85827573382813,22.1729536701243,11.9417640491744));
#6385=CARTESIAN_POINT('Ctrl Pts',(9.93631762030442,22.1729536484264,11.4389090769193));
#6386=CARTESIAN_POINT('Ctrl Pts',(10.0526362856584,22.172953627,10.9419203056939));
#6387=CARTESIAN_POINT('Ctrl Pts',(10.205356637078,22.1729536059942,10.4564900967484));
#6388=CARTESIAN_POINT('Ctrl Pts',(10.3580767402183,22.1729535849884,9.97106067697244));
#6389=CARTESIAN_POINT('Ctrl Pts',(10.54719799872,22.1729535644037,9.49719103158857));
#6390=CARTESIAN_POINT('Ctrl Pts',(10.770800058877,22.1729535443779,9.04054764580248));
#6391=CARTESIAN_POINT('Ctrl Pts',(10.9941486895385,22.1729535243748,8.58442181742552));
#6392=CARTESIAN_POINT('Ctrl Pts',(11.2520259038837,22.1729535048156,8.14522118892538));
#6393=CARTESIAN_POINT('Ctrl Pts',(11.5426156121163,22.1729534864689,7.72859909896528));
#6394=CARTESIAN_POINT('Ctrl Pts',(11.8737022279102,22.1729534655654,7.25391608741331));
#6395=CARTESIAN_POINT('Ctrl Pts',(12.2472552603428,22.1729534462366,6.80854485506374));
#6396=CARTESIAN_POINT('Ctrl Pts',(12.6564506347532,22.1729534285585,6.39840228970507));
#6397=CARTESIAN_POINT('Ctrl Pts',(13.0694670653843,22.1729534107153,5.98442982328029));
#6398=CARTESIAN_POINT('Ctrl Pts',(13.5187935041507,22.1729533945541,5.60634807056426));
#6399=CARTESIAN_POINT('Ctrl Pts',(13.9973726186987,22.1729533801389,5.27020855428503));
#6400=CARTESIAN_POINT('Ctrl Pts',(14.2926706715962,22.1729533712442,5.06280012035679));
#6401=CARTESIAN_POINT('Ctrl Pts',(14.5991052817327,22.172953363014,4.87135952406147));
#6402=CARTESIAN_POINT('Ctrl Pts',(14.9150138036704,22.1729533554594,4.69729961986452));
#6403=CARTESIAN_POINT('',(14.9150135860579,17.1729537356011,4.69730190989052));
#6404=CARTESIAN_POINT('Origin',(5.5158075362966,20.1727168109621,23.7218844221135));
#6405=CARTESIAN_POINT('',(7.215807536296,20.8027267464277,23.7218844110542));
#6406=CARTESIAN_POINT('',(7.215807536296,17.1727168109621,23.7218844110542));
#6407=CARTESIAN_POINT('',(5.51580754735516,20.8027267464269,25.4218844221129));
#6408=CARTESIAN_POINT('',(5.51580754735516,20.1727168109621,25.4218844221129));
#6409=CARTESIAN_POINT('Origin',(5.5158075362966,20.8027267464273,23.7218844221135));
#6410=CARTESIAN_POINT('Origin',(-5.20918793824949,20.1727168109621,25.4218844918794));
#6411=CARTESIAN_POINT('',(4.91580237822443,20.8027267464268,25.421884426016));
#6412=CARTESIAN_POINT('',(4.91580237822443,20.1727168109621,25.421884426016));
#6413=CARTESIAN_POINT('',(2.77830866720346,20.8027267464259,25.4218844399139));
#6414=CARTESIAN_POINT('Origin',(4.91580236716587,20.1727168109621,23.7218844260138));
#6415=CARTESIAN_POINT('',(3.21580236716369,20.802726746427,23.7218844370735));
#6416=CARTESIAN_POINT('',(3.21580236716369,20.1727168109621,23.7218844370735));
#6417=CARTESIAN_POINT('Origin',(4.91580236716587,20.8027267464273,23.7218844260138));
#6418=CARTESIAN_POINT('Origin',(3.21580232408914,20.1727168109622,17.1008712385256));
#6419=CARTESIAN_POINT('',(3.21580232408914,20.802726746429,17.1008712385212));
#6420=CARTESIAN_POINT('',(3.21580232408914,20.1727168109622,17.1008712385212));
#6421=CARTESIAN_POINT('',(3.21580235521808,20.8027267464265,21.885816028528));
#6422=CARTESIAN_POINT('Origin',(20.9176305066023,23.1729537356012,2.22761242258592));
#6423=CARTESIAN_POINT('',(16.9511642795043,22.1729537356013,1.71075105888032));
#6424=CARTESIAN_POINT('',(16.9511641271756,17.1729537356018,1.71075222787352));
#6425=CARTESIAN_POINT('',(24.9176305066023,22.1729537356012,2.22761239652132));
#6426=CARTESIAN_POINT('Origin',(20.9176305066023,22.1729537356012,2.22761242258592));
#6427=CARTESIAN_POINT('',(24.9176305066023,23.1729537356012,2.22761239652132));
#6428=CARTESIAN_POINT('Origin',(18.537776756635,20.1729537356013,2.22761245108602));
#6429=CARTESIAN_POINT('',(23.9176305066023,20.1729537356012,2.22761242258592));
#6430=CARTESIAN_POINT('Origin',(20.9176305066023,20.1729537356012,2.22761242258592));
#6431=CARTESIAN_POINT('',(23.0176305066023,20.1729537356013,2.22761242258592));
#6432=CARTESIAN_POINT('Origin',(20.9176305066023,20.1729537356013,2.22761242258592));
#6433=CARTESIAN_POINT('Origin',(20.9176305066023,19.9729537356013,2.22761242258592));
#6434=CARTESIAN_POINT('',(22.8176305066023,19.9729537356013,2.22761242258592));
#6435=CARTESIAN_POINT('Origin',(7.215807536296,20.1727168109621,23.7218844110405));
#6436=CARTESIAN_POINT('',(7.21580749322334,20.8027267464297,17.1008712124981));
#6437=CARTESIAN_POINT('',(7.21580750281431,20.8027267464269,18.5753094032298));
#6438=CARTESIAN_POINT('',(7.21580749322335,20.1727168109622,17.1008712124981));
#6439=CARTESIAN_POINT('Origin',(5.51580749322438,20.1727168109622,17.1008712235573));
#6440=CARTESIAN_POINT('',(5.5158074821629,20.8027267464299,15.4008712235584));
#6441=CARTESIAN_POINT('Origin',(5.51580749322438,20.8027267464273,17.1008712235574));
#6442=CARTESIAN_POINT('',(5.51580748216291,17.1727168109622,15.4008712235584));
#6443=CARTESIAN_POINT('Origin',(-4.45918283432449,20.1727168109622,15.4008712884632));
#6444=CARTESIAN_POINT('',(4.91580231302662,20.8027267464298,15.4008712274625));
#6445=CARTESIAN_POINT('',(2.47830601743798,20.8027267464289,15.4008712433236));
#6446=CARTESIAN_POINT('',(4.91580231302662,20.1727168109622,15.4008712274625));
#6447=CARTESIAN_POINT('Origin',(4.9158023240881,20.1727168109622,17.1008712274614));
#6448=CARTESIAN_POINT('Origin',(4.9158023240881,20.8027267464273,17.1008712274614));
#6449=CARTESIAN_POINT('Ctrl Pts',(16.9511642795043,22.172953735601,1.71075105888032));
#6450=CARTESIAN_POINT('Ctrl Pts',(16.951164228728,20.5062865620784,1.71075144854482));
#6451=CARTESIAN_POINT('Ctrl Pts',(16.9511641779518,18.8396193885558,1.71075183820932));
#6452=CARTESIAN_POINT('Ctrl Pts',(16.9511641271756,17.1729522150333,1.71075222787392));
#6453=CARTESIAN_POINT('Ctrl Pts',(16.7896240922815,22.1729543251158,2.95043299669202));
#6454=CARTESIAN_POINT('Ctrl Pts',(16.7896241547713,20.5062871515932,2.95043348740012));
#6455=CARTESIAN_POINT('Ctrl Pts',(16.789624209787,18.8396199780707,2.95043397609262));
#6456=CARTESIAN_POINT('Ctrl Pts',(16.789624272277,17.1729528045482,2.95043446680082));
#6457=CARTESIAN_POINT('Ctrl Pts',(16.0099715512348,22.172954907349,4.09399776148992));
#6458=CARTESIAN_POINT('Ctrl Pts',(16.0099716261709,20.5062877338265,4.09399839696642));
#6459=CARTESIAN_POINT('Ctrl Pts',(16.0099716942111,18.839620560304,4.09399902908052));
#6460=CARTESIAN_POINT('Ctrl Pts',(16.0099717691474,17.1729533867815,4.09399966455722));
#6461=CARTESIAN_POINT('Ctrl Pts',(14.9150134751786,22.1729552561689,4.69729980085672));
#6462=CARTESIAN_POINT('Ctrl Pts',(14.9150134938888,20.5062880826463,4.69730051392312));
#6463=CARTESIAN_POINT('Ctrl Pts',(14.915013512599,18.8396209091238,4.69730122698952));
#6464=CARTESIAN_POINT('Ctrl Pts',(14.9150135313093,17.1729537356013,4.69730194005602));
#6465=CARTESIAN_POINT('Ctrl Pts',(14.9150138036703,22.1729533554594,4.69729961986452));
#6466=CARTESIAN_POINT('Ctrl Pts',(16.0099425122819,22.172953442662,4.09401362759562));
#6467=CARTESIAN_POINT('Ctrl Pts',(16.7896284165427,22.1729535882265,2.95039981170812));
#6468=CARTESIAN_POINT('Ctrl Pts',(16.9511642795043,22.1729537356013,1.71075105888032));
#6469=CARTESIAN_POINT('Origin',(24.9176305066023,16.1729537356013,2.22761239652122));
#6470=CARTESIAN_POINT('',(24.9176305136499,22.1729537356013,3.31068906885202));
#6471=CARTESIAN_POINT('',(24.9176304935881,22.1729537356013,0.227612396539407));
#6472=CARTESIAN_POINT('',(24.9176305136499,16.1729537356013,3.31068906885202));
#6473=CARTESIAN_POINT('Origin',(22.0615059899813,16.1729537356013,19.1664072479106));
#6474=CARTESIAN_POINT('',(20.5875916000035,22.1729537356013,8.26560102217592));
#6475=CARTESIAN_POINT('',(20.5875916000035,16.1729537356013,8.26560102217592));
#6476=CARTESIAN_POINT('',(15.6736236389558,22.1729537356013,10.2112434264355));
#6477=CARTESIAN_POINT('Origin',(22.0615059899813,22.1729537356013,19.1664072479106));
#6478=CARTESIAN_POINT('',(15.6736236389558,16.1729537356013,10.2112434264355));
#6479=CARTESIAN_POINT('Origin',(19.9176305136499,16.1729537356013,3.31068910138742));
#6480=CARTESIAN_POINT('Origin',(19.9176305136499,22.1729537356013,3.31068910138742));
#6481=CARTESIAN_POINT('Origin',(19.1579231031515,16.1729537356013,15.0958782381492));
#6482=CARTESIAN_POINT('Origin',(19.1579231031515,22.1729537356013,15.0958782381492));
#6483=CARTESIAN_POINT('Ctrl Pts',(11.0846916501411,20.8027267021761,10.9927851486838));
#6484=CARTESIAN_POINT('Ctrl Pts',(10.8321834880074,20.8027267021759,11.8825584171579));
#6485=CARTESIAN_POINT('Ctrl Pts',(9.65301912005038,20.802726702175,13.7922465400854));
#6486=CARTESIAN_POINT('Ctrl Pts',(7.5066037672017,20.8027267021742,14.6278998668232));
#6487=CARTESIAN_POINT('Ctrl Pts',(6.2743715477594,20.8027267021742,14.6278998828523));
#6488=CARTESIAN_POINT('Ctrl Pts',(10.7967648888203,20.8028187670041,10.9110718816917));
#6489=CARTESIAN_POINT('Ctrl Pts',(10.5594366996894,20.8028187669539,11.7473555935568));
#6490=CARTESIAN_POINT('Ctrl Pts',(9.45074548334743,20.8028187670293,13.542634417809));
#6491=CARTESIAN_POINT('Ctrl Pts',(7.43252734193248,20.8028187672302,14.3286025772916));
#6492=CARTESIAN_POINT('Ctrl Pts',(6.27437154386472,20.8028187669874,14.328602598276));
#6493=CARTESIAN_POINT('Ctrl Pts',(10.2982533198875,20.551577531638,10.7695930563448));
#6494=CARTESIAN_POINT('Ctrl Pts',(10.0870039336546,20.5515775337635,11.513980849683));
#6495=CARTESIAN_POINT('Ctrl Pts',(9.100659513432,20.551577543611,13.1114915444982));
#6496=CARTESIAN_POINT('Ctrl Pts',(7.30526170654853,20.5515775615208,13.8104037608256));
#6497=CARTESIAN_POINT('Ctrl Pts',(6.27437153712158,20.5515775718945,13.8104037895801));
#6498=CARTESIAN_POINT('Ctrl Pts',(10.1223282517538,20.0268941916376,10.7196659593586));
#6499=CARTESIAN_POINT('Ctrl Pts',(9.92037873149175,20.0268941969922,11.4312841485009));
#6500=CARTESIAN_POINT('Ctrl Pts',(8.97705352591261,20.026894221917,12.9588512479765));
#6501=CARTESIAN_POINT('Ctrl Pts',(7.2598799834839,20.0268942672716,13.6275312545353));
#6502=CARTESIAN_POINT('Ctrl Pts',(6.274371534742,20.0268942934028,13.6275312742432));
#6503=CARTESIAN_POINT('Ctrl Pts',(10.1224062213317,19.802379294281,10.7196877129044));
#6504=CARTESIAN_POINT('Ctrl Pts',(9.9204113000856,19.8023793005128,11.4314654223279));
#6505=CARTESIAN_POINT('Ctrl Pts',(8.97713409835693,19.8023793296148,12.9591280478417));
#6506=CARTESIAN_POINT('Ctrl Pts',(7.2601006610686,19.8023793825896,13.627612181078));
#6507=CARTESIAN_POINT('Ctrl Pts',(6.2743715347431,19.8023794130017,13.6276121938944));
#6508=CARTESIAN_POINT('',(6.27437154775566,20.8027267464302,14.6276121313029));
#6509=CARTESIAN_POINT('Origin',(6.27437154775583,19.8027267464302,14.6276121313026));
#6510=CARTESIAN_POINT('Ctrl Pts',(9.74346824433066,20.8027267464312,13.2285165399433));
#6511=CARTESIAN_POINT('Ctrl Pts',(9.71042243581803,20.8027267464312,13.2603257262214));
#6512=CARTESIAN_POINT('Ctrl Pts',(8.77826093843086,20.8027267464308,14.1324962312224));
#6513=CARTESIAN_POINT('Ctrl Pts',(7.50653254853342,20.8027267464304,14.6276121152691));
#6514=CARTESIAN_POINT('Ctrl Pts',(6.27437154775566,20.8027267464302,14.6276121313029));
#6515=CARTESIAN_POINT('Origin',(4.83203792035778,19.80272674643,14.6276121500713));
#6516=CARTESIAN_POINT('',(0.0408097343212815,20.8027267464292,14.6276122124186));
#6517=CARTESIAN_POINT('Origin',(0.0408097343212821,19.8027267464292,14.6276122124183));
#6518=CARTESIAN_POINT('',(4.83203792035761,20.80272674643,14.6276121500716));
#6519=CARTESIAN_POINT('Origin',(19.1579231031515,22.1729537356013,15.0958782381492));
#6520=CARTESIAN_POINT('Origin',(15.0929070615898,22.1729537356013,9.39713762448322));
#6521=CARTESIAN_POINT('Origin',(22.0615059899813,22.1729537356013,19.1664072479106));
#6522=CARTESIAN_POINT('Origin',(20.4535993827328,22.1729537356013,7.27461863801822));
#6523=CARTESIAN_POINT('Origin',(19.9176305136499,22.1729537356013,3.31068910138742));
#6524=CARTESIAN_POINT('',(24.1396861156345,23.1479877399454,3.31068907391362));
#6525=CARTESIAN_POINT('Ctrl Pts',(24.1396861156343,23.1479877399454,3.31068907391362));
#6526=CARTESIAN_POINT('Ctrl Pts',(24.07088804331,23.1636559090528,3.51843236062092));
#6527=CARTESIAN_POINT('Ctrl Pts',(23.9808434938096,23.1729537356013,3.71913435002582));
#6528=CARTESIAN_POINT('Ctrl Pts',(23.8725745267667,23.1729537356013,3.90936919385052));
#6529=CARTESIAN_POINT('Origin',(23.9176305136499,22.1729537356013,3.31068907535912));
#6530=CARTESIAN_POINT('Origin',(23.9176304935881,22.1729537356013,0.227612403046499));
#6531=CARTESIAN_POINT('',(24.3095488654476,23.0929537356012,2.22761241846822));
#6532=CARTESIAN_POINT('Ctrl Pts',(24.3095488654476,23.0929537356012,2.22761241846822));
#6533=CARTESIAN_POINT('Ctrl Pts',(24.3095488657473,23.092953735981,2.41065290607266));
#6534=CARTESIAN_POINT('Ctrl Pts',(24.2949707662726,23.0995055875617,2.59547607429633));
#6535=CARTESIAN_POINT('Ctrl Pts',(24.2390762318831,23.1203544405273,2.95712625412641));
#6536=CARTESIAN_POINT('Ctrl Pts',(24.1970302537373,23.1349281058196,3.13753219145416));
#6537=CARTESIAN_POINT('Ctrl Pts',(24.1396861156344,23.1479877399454,3.31068907391357));
#6538=CARTESIAN_POINT('Origin',(23.9176305066023,22.1729537356012,2.22761240303742));
#6539=CARTESIAN_POINT('Ctrl Pts',(15.3975927414859,23.1729537356013,5.57315210103742));
#6540=CARTESIAN_POINT('Ctrl Pts',(13.7952896265093,23.1729537356013,6.45599225038382));
#6541=CARTESIAN_POINT('Ctrl Pts',(11.4840427709732,23.1729537356013,8.88046814287012));
#6542=CARTESIAN_POINT('Ctrl Pts',(10.7408031728989,23.1729537356013,12.0837585748699));
#6543=CARTESIAN_POINT('Ctrl Pts',(10.7408031818261,23.1729537356013,13.4558244901519));
#6544=CARTESIAN_POINT('Ctrl Pts',(15.2532054259892,23.1729537356013,5.31109758804902));
#6545=CARTESIAN_POINT('Ctrl Pts',(13.5974039527629,23.1729537352671,6.22341437842712));
#6546=CARTESIAN_POINT('Ctrl Pts',(11.2094845159314,23.1729537360974,8.72817449757452));
#6547=CARTESIAN_POINT('Ctrl Pts',(10.4416038593824,23.1729537361206,12.0379474811463));
#6548=CARTESIAN_POINT('Ctrl Pts',(10.4416038814842,23.1729537356013,13.4558244920986));
#6549=CARTESIAN_POINT('Ctrl Pts',(15.0032693005845,22.9217551278105,4.85747817282682));
#6550=CARTESIAN_POINT('Ctrl Pts',(13.2555733978469,22.9217551423371,5.82042715335882));
#6551=CARTESIAN_POINT('Ctrl Pts',(10.7344289887983,22.921755181786,8.46513476782892));
#6552=CARTESIAN_POINT('Ctrl Pts',(9.92368635798196,22.92175523418,11.9592575079908));
#6553=CARTESIAN_POINT('Ctrl Pts',(9.92368640109307,22.9217552567565,13.4558244954683));
#6554=CARTESIAN_POINT('Ctrl Pts',(14.9150137625046,22.3973528850218,4.69729954515112));
#6555=CARTESIAN_POINT('Ctrl Pts',(13.1345322615102,22.3973529216019,5.67831278615222));
#6556=CARTESIAN_POINT('Ctrl Pts',(10.5665826158362,22.3973530216024,8.37197683302652));
#6557=CARTESIAN_POINT('Ctrl Pts',(9.74080315691797,22.3973531540067,11.9311829086705));
#6558=CARTESIAN_POINT('Ctrl Pts',(9.74080318182614,22.3973532108577,13.4558244966582));
#6559=CARTESIAN_POINT('Ctrl Pts',(14.9150138036704,22.1729533554594,4.69729961986452));
#6560=CARTESIAN_POINT('Ctrl Pts',(13.1346770092518,22.1729533980343,5.67823311913832));
#6561=CARTESIAN_POINT('Ctrl Pts',(10.5666249475451,22.1729535149547,8.37209522190092));
#6562=CARTESIAN_POINT('Ctrl Pts',(9.74080317190706,22.1729536694334,11.9313068130116));
#6563=CARTESIAN_POINT('Ctrl Pts',(9.74080318182614,22.1729537356013,13.4558244966582));
#6564=CARTESIAN_POINT('Origin',(15.3975927414859,22.1729537356013,5.57315210103742));
#6565=CARTESIAN_POINT('Origin',(20.9176305066023,23.1729537356012,2.22761242258592));
#6566=CARTESIAN_POINT('',(23.9176305066023,22.7729537356013,2.22761241894402));
#6567=CARTESIAN_POINT('',(17.9427808362788,22.7729537356013,1.83996639980672));
#6568=CARTESIAN_POINT('Origin',(20.9176305066023,22.7729537356013,2.22761242258592));
#6569=CARTESIAN_POINT('',(18.0097116372021,22.7729537356013,2.96518130003832));
#6570=CARTESIAN_POINT('Ctrl Pts',(17.9427808362789,22.7729537356012,1.83996639980673));
#6571=CARTESIAN_POINT('Ctrl Pts',(17.9305683298902,22.7729537356012,1.9336868779475));
#6572=CARTESIAN_POINT('Ctrl Pts',(17.9227915286816,22.7729633953462,2.02793217665414));
#6573=CARTESIAN_POINT('Ctrl Pts',(17.9161614265244,22.7729666766629,2.21684154929891));
#6574=CARTESIAN_POINT('Ctrl Pts',(17.9173118099701,22.7729597633526,2.31139985784076));
#6575=CARTESIAN_POINT('Ctrl Pts',(17.9285356882691,22.772960079608,2.50009138590032));
#6576=CARTESIAN_POINT('Ctrl Pts',(17.938602919834,22.7729681282489,2.59411929271693));
#6577=CARTESIAN_POINT('Ctrl Pts',(17.9675807153684,22.772965338846,2.78091066532531));
#6578=CARTESIAN_POINT('Ctrl Pts',(17.9864750754949,22.7729537356012,2.87356946782285));
#6579=CARTESIAN_POINT('Ctrl Pts',(18.0097116372021,22.7729537356012,2.96518130003831));
#6580=CARTESIAN_POINT('',(23.5249340538062,22.7729537356013,3.71151545605462));
#6581=CARTESIAN_POINT('Origin',(20.9176305066023,22.7729537356013,2.22761242258592));
#6582=CARTESIAN_POINT('',(23.7612730199458,22.7729537356013,3.18348754848122));
#6583=CARTESIAN_POINT('Ctrl Pts',(23.5249340538063,22.7729537356013,3.71151545605465));
#6584=CARTESIAN_POINT('Ctrl Pts',(23.5727090017523,22.7729537356013,3.62757210636294));
#6585=CARTESIAN_POINT('Ctrl Pts',(23.6164022239606,22.7729645347203,3.54137046738164));
#6586=CARTESIAN_POINT('Ctrl Pts',(23.6953198998885,22.7729643058803,3.36505279970535));
#6587=CARTESIAN_POINT('Ctrl Pts',(23.7304981690076,22.7729537356013,3.27503996165645));
#6588=CARTESIAN_POINT('Ctrl Pts',(23.7612730199458,22.7729537356013,3.18348754848122));
#6589=CARTESIAN_POINT('Ctrl Pts',(23.7612730199458,22.7729537356013,3.18348754848123));
#6590=CARTESIAN_POINT('Ctrl Pts',(23.8129625048441,22.7729537356013,3.02971598066071));
#6591=CARTESIAN_POINT('Ctrl Pts',(23.8520943350707,22.7730294470329,2.87200409413401));
#6592=CARTESIAN_POINT('Ctrl Pts',(23.9044717482039,22.7730254792791,2.55180026101973));
#6593=CARTESIAN_POINT('Ctrl Pts',(23.9176305067993,22.7729537356013,2.38983963562632));
#6594=CARTESIAN_POINT('Ctrl Pts',(23.9176305066023,22.7729537356013,2.22761241894402));
#6595=CARTESIAN_POINT('',(23.9176305066023,23.1729537356012,2.22761242258592));
#6596=CARTESIAN_POINT('Ctrl Pts',(17.9427808362788,23.1729537356013,1.83996639980672));
#6597=CARTESIAN_POINT('Ctrl Pts',(17.7408610075768,23.1729537356013,3.38952734084152));
#6598=CARTESIAN_POINT('Ctrl Pts',(16.7662536272507,23.1729537356013,4.81904461070112));
#6599=CARTESIAN_POINT('Ctrl Pts',(15.3975927414859,23.1729537356013,5.57315210103742));
#6600=CARTESIAN_POINT('Ctrl Pts',(17.6460898562845,23.1729537356013,1.80130526020812));
#6601=CARTESIAN_POINT('Ctrl Pts',(17.4563052058246,23.172953736758,3.25773892813482));
#6602=CARTESIAN_POINT('Ctrl Pts',(16.5396109668092,23.1729537349168,4.60231133024492));
#6603=CARTESIAN_POINT('Ctrl Pts',(15.2532054259892,23.1729537356013,5.31109758804902));
#6604=CARTESIAN_POINT('Ctrl Pts',(17.1325058529847,22.9217623627414,1.73438127469442));
#6605=CARTESIAN_POINT('Ctrl Pts',(16.9635658699801,22.9217623124571,3.03084970262532));
#6606=CARTESIAN_POINT('Ctrl Pts',(16.1483802600157,22.9217622635537,4.22653297992292));
#6607=CARTESIAN_POINT('Ctrl Pts',(15.0032651860252,22.9217622338001,4.85747070514302));
#6608=CARTESIAN_POINT('Ctrl Pts',(16.9511642795043,22.3973532108577,1.71075105888032));
#6609=CARTESIAN_POINT('Ctrl Pts',(16.7896612052867,22.3973530842343,2.95014792795812));
#6610=CARTESIAN_POINT('Ctrl Pts',(16.0097199827474,22.3973529599457,4.09413616251802));
#6611=CARTESIAN_POINT('Ctrl Pts',(14.9150137625046,22.3973528850218,4.69729954515112));
#6612=CARTESIAN_POINT('Ctrl Pts',(16.9511642795043,22.1729537356013,1.71075105888032));
#6613=CARTESIAN_POINT('Ctrl Pts',(16.7896284165427,22.1729535882265,2.95039981170812));
#6614=CARTESIAN_POINT('Ctrl Pts',(16.0099425122819,22.172953442662,4.09401362759562));
#6615=CARTESIAN_POINT('Ctrl Pts',(14.9150138036703,22.1729533554594,4.69729961986452));
#6616=CARTESIAN_POINT('',(17.554900461364,23.0911839526733,1.78942257362629));
#6617=CARTESIAN_POINT('Ctrl Pts',(17.61633259497,23.1729537356013,3.06124060547044));
#6618=CARTESIAN_POINT('Ctrl Pts',(17.6057232804866,23.172953735637,3.01499660761734));
#6619=CARTESIAN_POINT('Ctrl Pts',(17.5958249900985,23.1717478470001,2.96828432890758));
#6620=CARTESIAN_POINT('Ctrl Pts',(17.5867540655413,23.1696282288929,2.9212606347829));
#6621=CARTESIAN_POINT('Ctrl Pts',(17.5773591146608,23.1674328950131,2.87255718744034));
#6622=CARTESIAN_POINT('Ctrl Pts',(17.5688520381167,23.1642582578219,2.82351984134111));
#6623=CARTESIAN_POINT('Ctrl Pts',(17.5613442436289,23.1604491188247,2.77427356531729));
#6624=CARTESIAN_POINT('Ctrl Pts',(17.5536711487796,23.1565561133798,2.72394302583374));
#6625=CARTESIAN_POINT('Ctrl Pts',(17.5470418688471,23.1520014523283,2.67339408634137));
#6626=CARTESIAN_POINT('Ctrl Pts',(17.5415538785634,23.1471586922495,2.62270971618396));
#6627=CARTESIAN_POINT('Ctrl Pts',(17.5359425478503,23.142207093037,2.57088623468364));
#6628=CARTESIAN_POINT('Ctrl Pts',(17.5315240323661,23.136955585719,2.51892080878434));
#6629=CARTESIAN_POINT('Ctrl Pts',(17.5283825247856,23.1317908569632,2.46685406570545));
#6630=CARTESIAN_POINT('Ctrl Pts',(17.5276302592866,23.1305541108612,2.45438616185354));
#6631=CARTESIAN_POINT('Ctrl Pts',(17.5269511473969,23.1293222343695,2.44191225101552));
#6632=CARTESIAN_POINT('Ctrl Pts',(17.5263462292596,23.1281003026523,2.42943253327069));
#6633=CARTESIAN_POINT('Ctrl Pts',(17.524070942184,23.1235042337434,2.38249239585337));
#6634=CARTESIAN_POINT('Ctrl Pts',(17.5228765990027,23.1190657928416,2.33550851687274));
#6635=CARTESIAN_POINT('Ctrl Pts',(17.5226709453039,23.1149891618313,2.28851904976478));
#6636=CARTESIAN_POINT('Ctrl Pts',(17.5224660929695,23.1109284161026,2.24171268505683));
#6637=CARTESIAN_POINT('Ctrl Pts',(17.523241737834,23.1072265009684,2.19490048510285));
#6638=CARTESIAN_POINT('Ctrl Pts',(17.5249221686751,23.1040363735469,2.14811750500235));
#6639=CARTESIAN_POINT('Ctrl Pts',(17.5265903226178,23.1008695525714,2.1016763121888));
#6640=CARTESIAN_POINT('Ctrl Pts',(17.5291497055981,23.0982069467501,2.05526375827918));
#6641=CARTESIAN_POINT('Ctrl Pts',(17.5325481293192,23.0961521319378,2.00891480615905));
#6642=CARTESIAN_POINT('Ctrl Pts',(17.5359032970857,23.0941234713028,1.96315579465065));
#6643=CARTESIAN_POINT('Ctrl Pts',(17.5400760524774,23.0926871387356,1.91745872693983));
#6644=CARTESIAN_POINT('Ctrl Pts',(17.5450420946608,23.0918993703407,1.87185937273181));
#6645=CARTESIAN_POINT('Ctrl Pts',(17.5480388960615,23.0914239846428,1.84434204534906));
#6646=CARTESIAN_POINT('Ctrl Pts',(17.5513251060486,23.0911839526736,1.81686034921613));
#6647=CARTESIAN_POINT('Ctrl Pts',(17.554900461364,23.0911839526733,1.78942257362629));
#6648=CARTESIAN_POINT('Origin',(17.9427808362788,22.1729537356013,1.83996639980672));
#6649=CARTESIAN_POINT('Origin',(20.9176305066023,22.1729537356012,2.22761242258592));
#6650=CARTESIAN_POINT('Origin',(20.9176305066023,23.0929537356012,2.22761242258592));
#6651=CARTESIAN_POINT('Ctrl Pts',(24.1396861156343,23.1479877399454,3.31068907391362));
#6652=CARTESIAN_POINT('Ctrl Pts',(24.2551995407617,23.1216805511257,2.96188368178502));
#6653=CARTESIAN_POINT('Ctrl Pts',(24.3095488660479,23.0929537363619,2.59425456817582));
#6654=CARTESIAN_POINT('Ctrl Pts',(24.3095488654476,23.0929537356013,2.22761241846822));
#6655=CARTESIAN_POINT('Ctrl Pts',(24.0135484170715,23.022976405164,3.26828856543612));
#6656=CARTESIAN_POINT('Ctrl Pts',(24.1249984585913,23.0054382792842,2.93329248849602));
#6657=CARTESIAN_POINT('Ctrl Pts',(24.1789094130306,22.9862870694417,2.58013337649012));
#6658=CARTESIAN_POINT('Ctrl Pts',(24.1789094124991,22.9862870689346,2.22761241862682));
#6659=CARTESIAN_POINT('Ctrl Pts',(23.8874107185086,22.8979650703827,3.22588805695872));
#6660=CARTESIAN_POINT('Ctrl Pts',(23.9947973764209,22.8891960074428,2.90470129520712));
#6661=CARTESIAN_POINT('Ctrl Pts',(24.0482699600133,22.8796204025215,2.56601218480432));
#6662=CARTESIAN_POINT('Ctrl Pts',(24.0482699595507,22.8796204022679,2.22761241878542));
#6663=CARTESIAN_POINT('Ctrl Pts',(23.7612730199458,22.7729537356013,3.18348754848122));
#6664=CARTESIAN_POINT('Ctrl Pts',(23.8645962942505,22.7729537356013,2.87611010191812));
#6665=CARTESIAN_POINT('Ctrl Pts',(23.9176305069959,22.7729537356013,2.55189099311852));
#6666=CARTESIAN_POINT('Ctrl Pts',(23.9176305066023,22.7729537356013,2.22761241894402));
#6667=CARTESIAN_POINT('',(24.3095488654476,23.0929537356012,2.22761241846822));
#6668=CARTESIAN_POINT('',(23.7612730199458,22.7729537356013,3.18348754848122));
#6669=CARTESIAN_POINT('Ctrl Pts',(23.8725745267667,23.1729537356013,3.90936919385052));
#6670=CARTESIAN_POINT('Ctrl Pts',(23.9808434938096,23.1729537356013,3.71913435002582));
#6671=CARTESIAN_POINT('Ctrl Pts',(24.07088804331,23.1636559090528,3.51843236062092));
#6672=CARTESIAN_POINT('Ctrl Pts',(24.1396861156343,23.1479877399454,3.31068907391362));
#6673=CARTESIAN_POINT('Ctrl Pts',(23.7566943691132,23.0396204022679,3.84341794791852));
#6674=CARTESIAN_POINT('Ctrl Pts',(23.8607174943113,23.0396204022679,3.66064329404782));
#6675=CARTESIAN_POINT('Ctrl Pts',(23.9471704353904,23.0334218512356,3.46780723007862));
#6676=CARTESIAN_POINT('Ctrl Pts',(24.0135484170715,23.022976405164,3.26828856543612));
#6677=CARTESIAN_POINT('Ctrl Pts',(23.6408142114597,22.9062870689346,3.77746670198662));
#6678=CARTESIAN_POINT('Ctrl Pts',(23.7405914948129,22.9062870689346,3.60215223806972));
#6679=CARTESIAN_POINT('Ctrl Pts',(23.8234528274707,22.9031877934185,3.41718209953632));
#6680=CARTESIAN_POINT('Ctrl Pts',(23.8874107185086,22.8979650703827,3.22588805695872));
#6681=CARTESIAN_POINT('Ctrl Pts',(23.5249340538062,22.7729537356013,3.71151545605462));
#6682=CARTESIAN_POINT('Ctrl Pts',(23.6204654953146,22.7729537356013,3.54366118209172));
#6683=CARTESIAN_POINT('Ctrl Pts',(23.699735219551,22.7729537356013,3.36655696899392));
#6684=CARTESIAN_POINT('Ctrl Pts',(23.7612730199458,22.7729537356013,3.18348754848122));
#6685=CARTESIAN_POINT('',(23.5249340538062,22.7729537356013,3.71151545605462));
#6686=CARTESIAN_POINT('Ctrl Pts',(17.5541759939446,23.0931310727873,1.7874368575638));
#6687=CARTESIAN_POINT('Ctrl Pts',(17.5263862891581,23.0930365782079,1.99994368556447));
#6688=CARTESIAN_POINT('Ctrl Pts',(17.5038850726379,23.1252313955357,2.42953899455505));
#6689=CARTESIAN_POINT('Ctrl Pts',(17.569111607559,23.1731748930781,2.85594990762031));
#6690=CARTESIAN_POINT('Ctrl Pts',(17.6217747544889,23.1731748904576,3.06357818934505));
#6691=CARTESIAN_POINT('Ctrl Pts',(17.6837825349636,22.9864052937253,1.8043984727512));
#6692=CARTESIAN_POINT('Ctrl Pts',(17.6570573452542,22.986342297339,2.00871655462636));
#6693=CARTESIAN_POINT('Ctrl Pts',(17.6375808443834,23.0078055088908,2.42177918008786));
#6694=CARTESIAN_POINT('Ctrl Pts',(17.7004901306805,23.0397678405858,2.83129720196305));
#6695=CARTESIAN_POINT('Ctrl Pts',(17.7510870487266,23.0397678388387,3.03077922624281));
#6696=CARTESIAN_POINT('Ctrl Pts',(17.8133890759826,22.8796795146632,1.8213600879386));
#6697=CARTESIAN_POINT('Ctrl Pts',(17.7877284013502,22.8796480164701,2.01748942368827));
#6698=CARTESIAN_POINT('Ctrl Pts',(17.7712766161289,22.8903796222461,2.41401936562068));
#6699=CARTESIAN_POINT('Ctrl Pts',(17.8318686538019,22.9063607880935,2.80664449630588));
#6700=CARTESIAN_POINT('Ctrl Pts',(17.8803993429644,22.90636078722,2.99798026314056));
#6701=CARTESIAN_POINT('Ctrl Pts',(17.9429956170015,22.7729537356012,1.8383217031259));
#6702=CARTESIAN_POINT('Ctrl Pts',(17.9183994574464,22.7729537356013,2.02626229275026));
#6703=CARTESIAN_POINT('Ctrl Pts',(17.9049723878744,22.7729537356013,2.40625955115349));
#6704=CARTESIAN_POINT('Ctrl Pts',(17.9632471769232,22.7729537356013,2.78199179064872));
#6705=CARTESIAN_POINT('Ctrl Pts',(18.0097116372021,22.7729537356013,2.96518130003832));
#6706=CARTESIAN_POINT('',(17.6219891088461,23.1729537356013,3.06352382018632));
#6707=CARTESIAN_POINT('',(17.9427808362788,22.7729537356013,1.83996639980672));
#6708=CARTESIAN_POINT('Origin',(20.9176305066023,22.9729537356013,2.22761242258592));
#6709=CARTESIAN_POINT('Origin',(20.9176305066023,22.9329537356013,2.22761242258592));
#6710=CARTESIAN_POINT('Origin',(0.040809804112823,19.8027267464257,26.4018830089989));
#6711=CARTESIAN_POINT('',(0.0408098041129886,20.8027267464257,26.4018830089992));
#6712=CARTESIAN_POINT('Origin',(-4.7504184806791,16.6729537356013,14.1276122124183));
#6713=CARTESIAN_POINT('',(-6.19275240358498,17.1729537356013,13.6276122124183));
#6714=CARTESIAN_POINT('',(-6.19275240358498,16.1729537356013,14.6276122124183));
#6715=CARTESIAN_POINT('',(-4.7504184806791,17.1729537356013,13.6276122124183));
#6716=CARTESIAN_POINT('Ctrl Pts',(-10.0401673721196,17.1729908635926,10.7217334258928));
#6717=CARTESIAN_POINT('Ctrl Pts',(-10.3997484113603,17.1729908635926,9.45666163022991));
#6718=CARTESIAN_POINT('Ctrl Pts',(-11.6287279946406,17.1729908635925,7.06434577816013));
#6719=CARTESIAN_POINT('Ctrl Pts',(-13.6773017800171,17.1729908635925,5.33418951163787));
#6720=CARTESIAN_POINT('Ctrl Pts',(-14.8337012935998,17.1729908635925,4.69709054330509));
#6721=CARTESIAN_POINT('Ctrl Pts',(-10.3608119989108,16.8396451542621,10.8128729431642));
#6722=CARTESIAN_POINT('Ctrl Pts',(-10.7084066175609,16.8396451542621,9.58997162544637));
#6723=CARTESIAN_POINT('Ctrl Pts',(-11.8964188674064,16.8396451542621,7.27740232990608));
#6724=CARTESIAN_POINT('Ctrl Pts',(-13.8767045720167,16.8396451542621,5.60491990251564));
#6725=CARTESIAN_POINT('Ctrl Pts',(-14.9945561379221,16.8396451542621,4.98905829061617));
#6726=CARTESIAN_POINT('Ctrl Pts',(-10.681456625702,16.5062994449317,10.9040124604358));
#6727=CARTESIAN_POINT('Ctrl Pts',(-11.0170648237615,16.5062994449317,9.72328162066273));
#6728=CARTESIAN_POINT('Ctrl Pts',(-12.1641097401722,16.5062994449317,7.49045888165203));
#6729=CARTESIAN_POINT('Ctrl Pts',(-14.0761073640163,16.5062994449317,5.87565029339353));
#6730=CARTESIAN_POINT('Ctrl Pts',(-15.1554109822445,16.5062994449317,5.28102603792735));
#6731=CARTESIAN_POINT('Ctrl Pts',(-11.0021012524932,16.1729537356012,10.9951519777072));
#6732=CARTESIAN_POINT('Ctrl Pts',(-11.3257230299621,16.1729537356013,9.85659161587909));
#6733=CARTESIAN_POINT('Ctrl Pts',(-12.4318006129381,16.1729537356013,7.70351543339799));
#6734=CARTESIAN_POINT('Ctrl Pts',(-14.2755101560158,16.1729537356013,6.14638068427131));
#6735=CARTESIAN_POINT('Ctrl Pts',(-15.3162658265669,16.1729537356013,5.57299378523843));
#6736=CARTESIAN_POINT('',(-10.0424158501989,17.1729537358623,10.7219899329599));
#6737=CARTESIAN_POINT('',(-10.0403042106841,17.1729537356013,10.7213878254618));
#6738=CARTESIAN_POINT('',(-14.8333941478346,17.1729537356012,4.69730215788234));
#6739=CARTESIAN_POINT('',(-15.3159731556453,16.1729537356013,5.57315503451442));
#6740=CARTESIAN_POINT('Ctrl Pts',(-14.8333940196649,17.1729537356012,4.69730222850156));
#6741=CARTESIAN_POINT('Ctrl Pts',(-14.5654399084013,17.1729537356012,4.8449401296761));
#6742=CARTESIAN_POINT('Ctrl Pts',(-14.3046377083612,17.1729537356329,5.00489200871264));
#6743=CARTESIAN_POINT('Ctrl Pts',(-14.0518348495841,17.17295373566,5.17629708374454));
#6744=CARTESIAN_POINT('Ctrl Pts',(-13.7930950573362,17.1729537356878,5.35172751091031));
#6745=CARTESIAN_POINT('Ctrl Pts',(-13.5427340628465,17.1729537357108,5.53915573472436));
#6746=CARTESIAN_POINT('Ctrl Pts',(-13.3016792767527,17.1729537357121,5.73770974970951));
#6747=CARTESIAN_POINT('Ctrl Pts',(-13.0596464834231,17.1729537357135,5.93706933784468));
#6748=CARTESIAN_POINT('Ctrl Pts',(-12.8269949127725,17.1729537356931,6.14764570156159));
#6749=CARTESIAN_POINT('Ctrl Pts',(-12.6046921103076,17.172953735653,6.36860006181578));
#6750=CARTESIAN_POINT('Ctrl Pts',(-12.38427922029,17.1729537356132,6.58767597343548));
#6751=CARTESIAN_POINT('Ctrl Pts',(-12.1740393160315,17.1729537355543,6.81695475616821));
#6752=CARTESIAN_POINT('Ctrl Pts',(-11.9749527611911,17.172953735493,7.05565351934206));
#6753=CARTESIAN_POINT('Ctrl Pts',(-11.9270563893573,17.1729537354782,7.11307982181833));
#6754=CARTESIAN_POINT('Ctrl Pts',(-11.8798057554989,17.1729537354634,7.17105148021917));
#6755=CARTESIAN_POINT('Ctrl Pts',(-11.8332148934189,17.1729537354488,7.22955783871814));
#6756=CARTESIAN_POINT('Ctrl Pts',(-11.7039355667383,17.1729537354084,7.39190002977475));
#6757=CARTESIAN_POINT('Ctrl Pts',(-11.5797489430592,17.1729537353636,7.55834417670239));
#6758=CARTESIAN_POINT('Ctrl Pts',(-11.460996152012,17.1729537353532,7.72860153514428));
#6759=CARTESIAN_POINT('Ctrl Pts',(-11.2713817117876,17.1729537353367,8.0004541242948));
#6760=CARTESIAN_POINT('Ctrl Pts',(-11.0956232670828,17.1729537354085,8.28202989385944));
#6761=CARTESIAN_POINT('Ctrl Pts',(-10.934307747418,17.172953735517,8.57166941812868));
#6762=CARTESIAN_POINT('Ctrl Pts',(-10.7721707501155,17.172953735626,8.86278389280984));
#6763=CARTESIAN_POINT('Ctrl Pts',(-10.6246244599123,17.1729537357716,9.16204364752756));
#6764=CARTESIAN_POINT('Ctrl Pts',(-10.49221796566,17.1729537358908,9.46773969714321));
#6765=CARTESIAN_POINT('Ctrl Pts',(-10.3608112281651,17.1729537360091,9.77112753904552));
#6766=CARTESIAN_POINT('Ctrl Pts',(-10.2443167143927,17.172953736101,10.0808540159997));
#6767=CARTESIAN_POINT('Ctrl Pts',(-10.1432215087255,17.1729537360999,10.3952372497401));
#6768=CARTESIAN_POINT('Ctrl Pts',(-10.1083188480898,17.1729537360996,10.5037766334267));
#6769=CARTESIAN_POINT('Ctrl Pts',(-10.0752512486375,17.1729537360881,10.612871033993));
#6770=CARTESIAN_POINT('Ctrl Pts',(-10.0440373006214,17.1729537360628,10.7224511974406));
#6771=CARTESIAN_POINT('Ctrl Pts',(-14.8333940196649,17.1729537356012,4.69730222850152));
#6772=CARTESIAN_POINT('Ctrl Pts',(-15.9276844899021,17.1729537356012,4.09436796961522));
#6773=CARTESIAN_POINT('Ctrl Pts',(-16.7076767694186,17.1729537356013,2.95295266528922));
#6774=CARTESIAN_POINT('Ctrl Pts',(-16.8695447961511,17.1729537356013,1.71075268172212));
#6775=CARTESIAN_POINT('Ctrl Pts',(-14.9942537316583,16.8396204022679,4.98925316383912));
#6776=CARTESIAN_POINT('Ctrl Pts',(-16.1797351002233,16.8396204022679,4.33607432769882));
#6777=CARTESIAN_POINT('Ctrl Pts',(-17.0247266951381,16.8396204022679,3.09954100624812));
#6778=CARTESIAN_POINT('Ctrl Pts',(-17.2000836630816,16.8396204022679,1.75382434943282));
#6779=CARTESIAN_POINT('Ctrl Pts',(-15.1551134436518,16.5062870689346,5.28120409917682));
#6780=CARTESIAN_POINT('Ctrl Pts',(-16.4317857105444,16.5062870689346,4.57778068578242));
#6781=CARTESIAN_POINT('Ctrl Pts',(-17.3417766208576,16.5062870689346,3.24612934720702));
#6782=CARTESIAN_POINT('Ctrl Pts',(-17.5306225300122,16.5062870689346,1.79689601714352));
#6783=CARTESIAN_POINT('Ctrl Pts',(-15.3159731556453,16.1729537356013,5.57315503451442));
#6784=CARTESIAN_POINT('Ctrl Pts',(-16.6838363208656,16.1729537356013,4.81948704386602));
#6785=CARTESIAN_POINT('Ctrl Pts',(-17.6588265465771,16.1729537356013,3.39271768816592));
#6786=CARTESIAN_POINT('Ctrl Pts',(-17.8611613969427,16.1729537356013,1.83996768485422));
#6787=CARTESIAN_POINT('',(-16.86954481137,17.1729537356013,1.71075256492983));
#6788=CARTESIAN_POINT('',(-17.8611613969427,16.1729537356013,1.83996768485422));
#6789=CARTESIAN_POINT('Ctrl Pts',(-16.869544796151,17.1729537356013,1.71075268172211));
#6790=CARTESIAN_POINT('Ctrl Pts',(-16.8370841846479,17.1729537356013,1.95986036930654));
#6791=CARTESIAN_POINT('Ctrl Pts',(-16.7796916175395,17.1729537356049,2.20491323104113));
#6792=CARTESIAN_POINT('Ctrl Pts',(-16.6998958967117,17.1729537356053,2.44237662842617));
#6793=CARTESIAN_POINT('Ctrl Pts',(-16.6133601517596,17.1729537356057,2.69989760547082));
#6794=CARTESIAN_POINT('Ctrl Pts',(-16.5004768461323,17.1729537356026,2.94849375805579));
#6795=CARTESIAN_POINT('Ctrl Pts',(-16.3644101897854,17.1729537355981,3.18367276078772));
#6796=CARTESIAN_POINT('Ctrl Pts',(-16.2231476395631,17.1729537355935,3.42783239972207));
#6797=CARTESIAN_POINT('Ctrl Pts',(-16.0568967500325,17.1729537355882,3.65753203243624));
#6798=CARTESIAN_POINT('Ctrl Pts',(-15.8691401296995,17.172953735587,3.86774270819629));
#6799=CARTESIAN_POINT('Ctrl Pts',(-15.6817928717701,17.1729537355859,4.07749506537697));
#6800=CARTESIAN_POINT('Ctrl Pts',(-15.4730325385631,17.1729537355897,4.26784481417075));
#6801=CARTESIAN_POINT('Ctrl Pts',(-15.2462751786429,17.1729537355949,4.43377195353322));
#6802=CARTESIAN_POINT('Ctrl Pts',(-15.1145044340989,17.172953735598,4.53019370893531));
#6803=CARTESIAN_POINT('Ctrl Pts',(-14.9766555772472,17.1729537356012,4.61836769197467));
#6804=CARTESIAN_POINT('Ctrl Pts',(-14.8333941918873,17.1729537356013,4.69730213361012));
#6805=CARTESIAN_POINT('Origin',(-20.8360111993177,16.6729537356013,2.22761269425042));
#6806=CARTESIAN_POINT('',(-24.8360111993177,17.1729537356014,2.22761272023672));
#6807=CARTESIAN_POINT('',(-23.8360111993177,16.1729537356013,2.22761271374012));
#6808=CARTESIAN_POINT('Origin',(-20.8360111993177,17.1729537356014,2.22761269425042));
#6809=CARTESIAN_POINT('Origin',(-24.3360111445596,16.6729537356013,10.6446232033114));
#6810=CARTESIAN_POINT('',(-23.8360111922715,16.1729537356013,3.31068938606182));
#6811=CARTESIAN_POINT('',(-24.8360111445596,17.1729537356013,10.6446232065642));
#6812=CARTESIAN_POINT('Origin',(-19.8360111922715,16.6729537356013,3.31068936003922));
#6813=CARTESIAN_POINT('',(-20.3719800097728,16.1729537356013,7.27461890364442));
#6814=CARTESIAN_POINT('Origin',(-21.9798864622767,16.6729537356013,19.1664075344601));
#6815=CARTESIAN_POINT('',(-15.5920042277823,17.1729537356013,10.2112436298612));
#6816=CARTESIAN_POINT('',(-15.0112876610101,16.1729537356013,9.39713782035222));
#6817=CARTESIAN_POINT('Origin',(-21.9798864622767,17.1729537356013,19.1664075344601));
#6818=CARTESIAN_POINT('Origin',(-19.0763036284156,16.6729537356013,15.0958784869151));
#6819=CARTESIAN_POINT('Origin',(-19.0763036284156,17.1729537356013,15.0958784869151));
#6820=CARTESIAN_POINT('Ctrl Pts',(-6.19028199596994,17.1732007906267,13.627364380543));
#6821=CARTESIAN_POINT('Ctrl Pts',(-6.93219397560037,17.1732007906267,13.6278309977377));
#6822=CARTESIAN_POINT('Ctrl Pts',(-8.65693681628297,17.1732007906267,13.1384898655623));
#6823=CARTESIAN_POINT('Ctrl Pts',(-9.77093400670123,17.1732007906267,11.6703747637825));
#6824=CARTESIAN_POINT('Ctrl Pts',(-10.040741314958,17.1732007906267,10.7189438216794));
#6825=CARTESIAN_POINT('Ctrl Pts',(-6.19007606508664,16.8397851056182,13.960780000794));
#6826=CARTESIAN_POINT('Ctrl Pts',(-6.9938331372284,16.8397851056182,13.9612855147662));
#6827=CARTESIAN_POINT('Ctrl Pts',(-8.86234893679472,16.8397851056182,13.4311533609925));
#6828=CARTESIAN_POINT('Ctrl Pts',(-10.0692078967963,16.8397851056182,11.840657549936));
#6829=CARTESIAN_POINT('Ctrl Pts',(-10.361506091302,16.8397851056182,10.8099162094973));
#6830=CARTESIAN_POINT('Ctrl Pts',(-6.18987013420333,16.5063694206097,14.294195621045));
#6831=CARTESIAN_POINT('Ctrl Pts',(-7.05547229885645,16.5063694206097,14.2947400317948));
#6832=CARTESIAN_POINT('Ctrl Pts',(-9.06776105730646,16.5063694206097,13.7238168564229));
#6833=CARTESIAN_POINT('Ctrl Pts',(-10.3674817868914,16.5063694206097,12.0109403360895));
#6834=CARTESIAN_POINT('Ctrl Pts',(-10.6822708676459,16.5063694206097,10.9008885973152));
#6835=CARTESIAN_POINT('Ctrl Pts',(-6.18966420332003,16.1729537356013,14.627611241296));
#6836=CARTESIAN_POINT('Ctrl Pts',(-7.11711146048448,16.1729537356012,14.6281945488234));
#6837=CARTESIAN_POINT('Ctrl Pts',(-9.27317317781821,16.1729537356013,14.0164803518532));
#6838=CARTESIAN_POINT('Ctrl Pts',(-10.6657556769864,16.1729537356012,12.1812231222429));
#6839=CARTESIAN_POINT('Ctrl Pts',(-11.0030356439899,16.1729537356012,10.9918609851331));
#6840=CARTESIAN_POINT('Ctrl Pts',(-10.0403038435873,17.1729537356013,10.7213891167896));
#6841=CARTESIAN_POINT('Ctrl Pts',(-9.96110957453158,17.1729537356013,10.9999687922772));
#6842=CARTESIAN_POINT('Ctrl Pts',(-9.85097854071784,17.1729537356628,11.2697181277381));
#6843=CARTESIAN_POINT('Ctrl Pts',(-9.71360727820089,17.1729537357236,11.5245726687464));
#6844=CARTESIAN_POINT('Ctrl Pts',(-9.58224951579049,17.1729537357816,11.768270816624));
#6845=CARTESIAN_POINT('Ctrl Pts',(-9.42598443025293,17.172953735839,11.9983495721969));
#6846=CARTESIAN_POINT('Ctrl Pts',(-9.24803352133873,17.1729537358398,12.2095526014704));
#6847=CARTESIAN_POINT('Ctrl Pts',(-9.13626278235189,17.1729537358403,12.3422089548558));
#6848=CARTESIAN_POINT('Ctrl Pts',(-9.01593659290481,17.1729537358184,12.467419603892));
#6849=CARTESIAN_POINT('Ctrl Pts',(-8.88785043303982,17.17295373576,12.5838923360233));
#6850=CARTESIAN_POINT('Ctrl Pts',(-8.70547772622224,17.1729537356769,12.749729515088));
#6851=CARTESIAN_POINT('Ctrl Pts',(-8.50737498543319,17.1729537355199,12.8978522201722));
#6852=CARTESIAN_POINT('Ctrl Pts',(-8.29749294920003,17.1729537354522,13.0267482849034));
#6853=CARTESIAN_POINT('Ctrl Pts',(-8.09416310634042,17.1729537353867,13.1516204133495));
#6854=CARTESIAN_POINT('Ctrl Pts',(-7.87957666510763,17.1729537353805,13.2585758187106));
#6855=CARTESIAN_POINT('Ctrl Pts',(-7.65717891585879,17.1729537354014,13.3461595720981));
#6856=CARTESIAN_POINT('Ctrl Pts',(-7.44339114980616,17.1729537354214,13.4303525778387));
#6857=CARTESIAN_POINT('Ctrl Pts',(-7.22238408475128,17.1729537354662,13.4966449800095));
#6858=CARTESIAN_POINT('Ctrl Pts',(-6.99722515548468,17.1729537355079,13.5436975422411));
#6859=CARTESIAN_POINT('Ctrl Pts',(-6.7846885551063,17.1729537355473,13.5881123546955));
#6860=CARTESIAN_POINT('Ctrl Pts',(-6.56845184068934,17.1729537355839,13.6153839656335));
#6861=CARTESIAN_POINT('Ctrl Pts',(-6.35111382046638,17.1729537355965,13.6243429466948));
#6862=CARTESIAN_POINT('Ctrl Pts',(-6.29837894417263,17.1729537355996,13.6265167529967));
#6863=CARTESIAN_POINT('Ctrl Pts',(-6.24557934737525,17.1729537356013,13.6276122124179));
#6864=CARTESIAN_POINT('Ctrl Pts',(-6.19275240361422,17.1729537356013,13.6276122124183));
#6865=CARTESIAN_POINT('Origin',(-9.54164666202864,18.1727168109622,13.6276122124183));
#6866=CARTESIAN_POINT('',(-6.19275207911326,19.8027267464302,13.6276122124183));
#6867=CARTESIAN_POINT('',(-6.19275207911326,19.8027267464303,13.6276122124183));
#6868=CARTESIAN_POINT('',(-4.75041845171521,19.80272674643,13.6276122124183));
#6869=CARTESIAN_POINT('Ctrl Pts',(-6.19275240358504,17.1729532608751,13.6276122124183));
#6870=CARTESIAN_POINT('Ctrl Pts',(-6.19275229542775,18.0495444227268,13.6276122124183));
#6871=CARTESIAN_POINT('Ctrl Pts',(-6.19275218727049,18.9261355845785,13.6276122124183));
#6872=CARTESIAN_POINT('Ctrl Pts',(-6.19275207911326,19.8027267464303,13.6276122124183));
#6873=CARTESIAN_POINT('Ctrl Pts',(-7.17852364158957,17.1729533825034,13.6276122124183));
#6874=CARTESIAN_POINT('Ctrl Pts',(-7.17852355517936,18.0495445443551,13.6276122129408));
#6875=CARTESIAN_POINT('Ctrl Pts',(-7.17852346810548,18.9261357062068,13.6276122118958));
#6876=CARTESIAN_POINT('Ctrl Pts',(-7.17852338169532,19.8027268680586,13.6276122124183));
#6877=CARTESIAN_POINT('Ctrl Pts',(-8.89532202892531,17.1729535943288,12.9600663175615));
#6878=CARTESIAN_POINT('Ctrl Pts',(-8.89532197895688,18.0495447561805,12.9600662869925));
#6879=CARTESIAN_POINT('Ctrl Pts',(-8.89532192929293,18.9261359180322,12.9600662569076));
#6880=CARTESIAN_POINT('Ctrl Pts',(-8.89532187932453,19.8027270798838,12.9600662263386));
#6881=CARTESIAN_POINT('Ctrl Pts',(-9.83813935940239,17.1729537106574,11.4325389332438));
#6882=CARTESIAN_POINT('Ctrl Pts',(-9.83813929795437,18.049544872509,11.4325388456869));
#6883=CARTESIAN_POINT('Ctrl Pts',(-9.83813923611685,18.9261360343607,11.4325387584122));
#6884=CARTESIAN_POINT('Ctrl Pts',(-9.83813917466884,19.8027271962123,11.4325386708553));
#6885=CARTESIAN_POINT('Ctrl Pts',(-10.0403042106841,17.1729537356013,10.7213878254618));
#6886=CARTESIAN_POINT('Ctrl Pts',(-10.0403041334289,18.0495448974529,10.7213877167581));
#6887=CARTESIAN_POINT('Ctrl Pts',(-10.0403040561737,18.9261360593046,10.7213876080545));
#6888=CARTESIAN_POINT('Ctrl Pts',(-10.0403039789186,19.8027272211562,10.721387499351));
#6889=CARTESIAN_POINT('',(-10.0438401895766,19.8027266281868,10.7223948919132));
#6890=CARTESIAN_POINT('',(-10.0440373006214,17.1729537360628,10.7224511974406));
#6891=CARTESIAN_POINT('Ctrl Pts',(-6.19275207911326,19.8027267464302,13.6276122124183));
#6892=CARTESIAN_POINT('Ctrl Pts',(-7.17848087973534,19.8027267160247,13.6276122124183));
#6893=CARTESIAN_POINT('Ctrl Pts',(-8.89492791250916,19.8027266630798,12.9593561884935));
#6894=CARTESIAN_POINT('Ctrl Pts',(-9.83814721273876,19.802726633986,11.4325091073558));
#6895=CARTESIAN_POINT('Ctrl Pts',(-10.0403034700581,19.8027266277506,10.7213892893581));
#6896=CARTESIAN_POINT('Ctrl Pts',(-9.65918372843172,22.1729571568785,13.4558246228802));
#6897=CARTESIAN_POINT('Ctrl Pts',(-9.65918372843172,20.506289745391,13.4558253462556));
#6898=CARTESIAN_POINT('Ctrl Pts',(-9.65918372843171,18.8396223339039,13.4558260696311));
#6899=CARTESIAN_POINT('Ctrl Pts',(-9.65918372843171,17.1729549224167,13.4558267930068));
#6900=CARTESIAN_POINT('Ctrl Pts',(-9.65918374165761,22.1729562746093,11.4230636466757));
#6901=CARTESIAN_POINT('Ctrl Pts',(-9.65918374187763,20.5062888631217,11.4230643859013));
#6902=CARTESIAN_POINT('Ctrl Pts',(-9.65918374143758,18.8396214516345,11.4230651249017));
#6903=CARTESIAN_POINT('Ctrl Pts',(-9.65918374165761,17.1729540401472,11.4230658641275));
#6904=CARTESIAN_POINT('Ctrl Pts',(-10.7786098089725,22.1729547340348,7.87355758473612));
#6905=CARTESIAN_POINT('Ctrl Pts',(-10.7786097909949,20.506287322547,7.87355835114992));
#6906=CARTESIAN_POINT('Ctrl Pts',(-10.7786097732478,18.8396199110597,7.87355911768232));
#6907=CARTESIAN_POINT('Ctrl Pts',(-10.7786097552703,17.1729524995722,7.87355988409622));
#6908=CARTESIAN_POINT('Ctrl Pts',(-13.4980953961942,22.1729536747827,5.43302552059002));
#6909=CARTESIAN_POINT('Ctrl Pts',(-13.4980953400897,20.5062862632949,5.43302628933232));
#6910=CARTESIAN_POINT('Ctrl Pts',(-13.4980952840533,18.8396188518074,5.43302705792272));
#6911=CARTESIAN_POINT('Ctrl Pts',(-13.4980952279488,17.1729514403198,5.43302782666512));
#6912=CARTESIAN_POINT('Ctrl Pts',(-14.8333944642484,22.1729533554594,4.69729981341862));
#6913=CARTESIAN_POINT('Ctrl Pts',(-14.8333943917108,20.5062859439714,4.69730057676092));
#6914=CARTESIAN_POINT('Ctrl Pts',(-14.8333943191733,18.8396185324839,4.69730134010332));
#6915=CARTESIAN_POINT('Ctrl Pts',(-14.8333942466358,17.1729511209963,4.69730210344582));
#6916=CARTESIAN_POINT('',(-14.8333944642484,22.1729533554594,4.69729981341862));
#6917=CARTESIAN_POINT('',(-14.8333942466359,17.1729537356011,4.69730210344462));
#6918=CARTESIAN_POINT('Ctrl Pts',(-9.65918372843172,22.1729537356013,13.4558246228817));
#6919=CARTESIAN_POINT('Ctrl Pts',(-9.65918373172883,22.172953713607,12.9490739770646));
#6920=CARTESIAN_POINT('Ctrl Pts',(-9.69894156567663,22.1729536917313,12.4425111353848));
#6921=CARTESIAN_POINT('Ctrl Pts',(-9.77665630013337,22.1729536701243,11.9417641769465));
#6922=CARTESIAN_POINT('Ctrl Pts',(-9.85469819315163,22.1729536484264,11.438909205713));
#6923=CARTESIAN_POINT('Ctrl Pts',(-9.97101686497047,22.172953627,10.9419204360071));
#6924=CARTESIAN_POINT('Ctrl Pts',(-10.1237372227036,22.1729536059942,10.4564902290543));
#6925=CARTESIAN_POINT('Ctrl Pts',(-10.2764573321632,22.1729535849884,9.97106081125324));
#6926=CARTESIAN_POINT('Ctrl Pts',(-10.4655785968356,22.1729535644037,9.49719116831835));
#6927=CARTESIAN_POINT('Ctrl Pts',(-10.6891806629407,22.1729535443779,9.0405477854307));
#6928=CARTESIAN_POINT('Ctrl Pts',(-10.9125292995379,22.1729535243748,8.58442195996026));
#6929=CARTESIAN_POINT('Ctrl Pts',(-11.1704065195985,22.1729535048156,8.14522133481588));
#6930=CARTESIAN_POINT('Ctrl Pts',(-11.4609962332523,22.1729534864689,7.72859924863705));
#6931=CARTESIAN_POINT('Ctrl Pts',(-11.7920828552112,22.1729534655654,7.25391624141023));
#6932=CARTESIAN_POINT('Ctrl Pts',(-12.1656358934238,22.1729534462366,6.80854501393615));
#6933=CARTESIAN_POINT('Ctrl Pts',(-12.5748312731537,22.1729534285585,6.398402453914));
#6934=CARTESIAN_POINT('Ctrl Pts',(-12.9878477091518,22.1729534107153,5.98442999287758));
#6935=CARTESIAN_POINT('Ctrl Pts',(-13.4371741528154,22.1729533945541,5.60634824601924));
#6936=CARTESIAN_POINT('Ctrl Pts',(-13.9157532717133,22.1729533801389,5.27020873597465));
#6937=CARTESIAN_POINT('Ctrl Pts',(-14.211051327343,22.1729533712442,5.06280030585956));
#6938=CARTESIAN_POINT('Ctrl Pts',(-14.5174859400069,22.172953363014,4.87135971352608));
#6939=CARTESIAN_POINT('Ctrl Pts',(-14.8333944642484,22.1729533554594,4.69729981341862));
#6940=CARTESIAN_POINT('',(-9.66184663114765,20.8027267464319,13.2284359867634));
#6941=CARTESIAN_POINT('Origin',(-19.3791810437382,20.8027267506189,13.4559436514156));
#6942=CARTESIAN_POINT('Ctrl Pts',(-9.66184663114765,20.8027267464319,13.2284359867634));
#6943=CARTESIAN_POINT('Ctrl Pts',(-9.66321826602445,20.8027267464326,13.1698204512441));
#6944=CARTESIAN_POINT('Ctrl Pts',(-9.66519787368765,20.8002339754031,13.1076611005185));
#6945=CARTESIAN_POINT('Ctrl Pts',(-9.6680062721258,20.794526821156,13.0416486266297));
#6946=CARTESIAN_POINT('Ctrl Pts',(-9.67074397162642,20.7889633394505,12.9772979581685));
#6947=CARTESIAN_POINT('Ctrl Pts',(-9.67426906172903,20.7803452759451,12.9092855149603));
#6948=CARTESIAN_POINT('Ctrl Pts',(-9.67883305233851,20.7680041558729,12.8373349999984));
#6949=CARTESIAN_POINT('Ctrl Pts',(-9.68322413070276,20.7561305939013,12.7681104163873));
#6950=CARTESIAN_POINT('Ctrl Pts',(-9.68857683264503,20.7408107363275,12.6952403098637));
#6951=CARTESIAN_POINT('Ctrl Pts',(-9.6951607599191,20.7214492441277,12.6184910784673));
#6952=CARTESIAN_POINT('Ctrl Pts',(-9.70095923109221,20.7043975590596,12.550897955505));
#6953=CARTESIAN_POINT('Ctrl Pts',(-9.70771318631058,20.6842110439181,12.4802960761668));
#6954=CARTESIAN_POINT('Ctrl Pts',(-9.7156386358331,20.6604830215467,12.4065365013187));
#6955=CARTESIAN_POINT('Ctrl Pts',(-9.7382668245408,20.5927364329962,12.1959433262665));
#6956=CARTESIAN_POINT('Ctrl Pts',(-9.76747757344454,20.5048946815899,11.9873960610948));
#6957=CARTESIAN_POINT('Ctrl Pts',(-9.80292341639859,20.4044405737352,11.7811190815392));
#6958=CARTESIAN_POINT('Ctrl Pts',(-9.83942921037952,20.3009825470595,11.5686737200782));
#6959=CARTESIAN_POINT('Ctrl Pts',(-9.8825485472575,20.18414658126,11.3586361263919));
#6960=CARTESIAN_POINT('Ctrl Pts',(-9.9319530525716,20.0621070404298,11.1512289207962));
#6961=CARTESIAN_POINT('Ctrl Pts',(-9.96573672410069,19.9786542513622,11.0094002178861));
#6962=CARTESIAN_POINT('Ctrl Pts',(-10.0024604571511,19.8927682365506,10.8688010313611));
#6963=CARTESIAN_POINT('Ctrl Pts',(-10.0420324351856,19.8070628110182,10.7294980070305));
#6964=CARTESIAN_POINT('Ctrl Pts',(-10.0426997647137,19.8056175013821,10.7271488441607));
#6965=CARTESIAN_POINT('Ctrl Pts',(-10.0433679399364,19.8041721806308,10.7247999250218));
#6966=CARTESIAN_POINT('Ctrl Pts',(-10.0440369607029,19.8027268614871,10.7224512500222));
#6967=CARTESIAN_POINT('Origin',(-5.43418794931268,20.1727168109621,23.7218844933582));
#6968=CARTESIAN_POINT('',(-7.13418794931208,20.8027267464277,23.7218845044206));
#6969=CARTESIAN_POINT('',(-7.13418794931208,17.1727168109621,23.7218845044206));
#6970=CARTESIAN_POINT('',(-5.43418793824959,20.8027267464269,25.4218844933576));
#6971=CARTESIAN_POINT('Origin',(-5.43418794931268,20.8027267464273,23.7218844933582));
#6972=CARTESIAN_POINT('',(-5.43418793824959,20.1727168109621,25.4218844933576));
#6973=CARTESIAN_POINT('Origin',(5.29080754735506,20.1727168109621,25.4218844235625));
#6974=CARTESIAN_POINT('',(-4.83418276911886,20.8027267464268,25.4218844894529));
#6975=CARTESIAN_POINT('',(-2.69668905809789,20.8027267464259,25.4218844755363));
#6976=CARTESIAN_POINT('',(-4.83418276911886,20.1727168109621,25.4218844894529));
#6977=CARTESIAN_POINT('Origin',(-4.83418278018195,20.1727168109621,23.7218844894507));
#6978=CARTESIAN_POINT('',(-3.13418278017976,20.802726746427,23.7218844783888));
#6979=CARTESIAN_POINT('Origin',(-4.83418278018195,20.8027267464273,23.7218844894508));
#6980=CARTESIAN_POINT('',(-3.13418278017976,20.1727168109621,23.7218844783888));
#6981=CARTESIAN_POINT('Origin',(-3.13418282326271,20.1727168109622,17.1008712798409));
#6982=CARTESIAN_POINT('',(-3.13418282326271,20.802726746429,17.1008712798365));
#6983=CARTESIAN_POINT('',(-3.13418282326271,20.1727168109622,17.1008712798365));
#6984=CARTESIAN_POINT('',(-3.13418279212643,20.8027267464265,21.8858160698433));
#6985=CARTESIAN_POINT('Origin',(-20.8360111993177,23.1729537356012,2.22761269425042));
#6986=CARTESIAN_POINT('',(-24.8360111993177,22.1729537356012,2.22761272023672));
#6987=CARTESIAN_POINT('',(-24.8360111993177,23.1729537356012,2.22761272023672));
#6988=CARTESIAN_POINT('',(-16.8695449789455,22.1729537356013,1.71075127893032));
#6989=CARTESIAN_POINT('Origin',(-20.8360111993177,22.1729537356012,2.22761269425042));
#6990=CARTESIAN_POINT('',(-16.8695448266168,17.1729537356018,1.71075244792352));
#6991=CARTESIAN_POINT('Origin',(-18.4561574493503,20.1729537356013,2.22761269178212));
#6992=CARTESIAN_POINT('',(-23.8360111993177,20.1729537356012,2.22761273328862));
#6993=CARTESIAN_POINT('Origin',(-20.8360111993177,20.1729537356012,2.22761269425042));
#6994=CARTESIAN_POINT('',(-22.9360111993177,20.1729537356013,2.22761272157722));
#6995=CARTESIAN_POINT('Origin',(-20.8360111993177,20.1729537356013,2.22761269425042));
#6996=CARTESIAN_POINT('Origin',(-20.8360111993177,19.9729537356013,2.22761269425042));
#6997=CARTESIAN_POINT('',(-22.7360111993177,19.9729537356013,2.22761271897461));
#6998=CARTESIAN_POINT('Origin',(-7.13418794931208,20.1727168109621,23.7218845044068));
#6999=CARTESIAN_POINT('',(-7.13418799239692,20.8027267464297,17.1008713058644));
#7000=CARTESIAN_POINT('',(-7.13418798280141,20.8027267464269,18.5753094965961));
#7001=CARTESIAN_POINT('',(-7.13418799239692,20.1727168109622,17.1008713058644));
#7002=CARTESIAN_POINT('Origin',(-5.43418799239794,20.1727168109622,17.100871294802));
#7003=CARTESIAN_POINT('',(-5.43418800345813,20.8027267464299,15.4008712948031));
#7004=CARTESIAN_POINT('',(-5.43418800345813,17.1727168109622,15.4008712948031));
#7005=CARTESIAN_POINT('Origin',(-5.43418799239794,20.8027267464273,17.100871294802));
#7006=CARTESIAN_POINT('Origin',(4.54080231302927,20.1727168109622,15.400871229906));
#7007=CARTESIAN_POINT('',(-4.83418283432185,20.8027267464298,15.4008712908995));
#7008=CARTESIAN_POINT('',(-4.83418283432185,20.1727168109622,15.4008712908995));
#7009=CARTESIAN_POINT('',(-2.39668653873319,20.8027267464289,15.4008712750421));
#7010=CARTESIAN_POINT('Origin',(-4.83418282326167,20.1727168109622,17.1008712908984));
#7011=CARTESIAN_POINT('Origin',(-4.83418282326167,20.8027267464273,17.1008712908984));
#7012=CARTESIAN_POINT('Ctrl Pts',(-16.8695449789455,22.172953735601,1.71075127893032));
#7013=CARTESIAN_POINT('Ctrl Pts',(-16.8695449281692,20.5062865620784,1.71075166859482));
#7014=CARTESIAN_POINT('Ctrl Pts',(-16.8695448773929,18.8396193885558,1.71075205825932));
#7015=CARTESIAN_POINT('Ctrl Pts',(-16.8695448266167,17.1729522150333,1.71075244792382));
#7016=CARTESIAN_POINT('Ctrl Pts',(-16.708004775591,22.1729543251158,2.95043321463992));
#7017=CARTESIAN_POINT('Ctrl Pts',(-16.7080048380808,20.5062871515932,2.95043370534802));
#7018=CARTESIAN_POINT('Ctrl Pts',(-16.7080048930965,18.8396199780707,2.95043419404052));
#7019=CARTESIAN_POINT('Ctrl Pts',(-16.7080049555865,17.1729528045482,2.95043468474862));
#7020=CARTESIAN_POINT('Ctrl Pts',(-15.9283522196634,22.172954907349,4.09399796929242));
#7021=CARTESIAN_POINT('Ctrl Pts',(-15.9283522945995,20.5062877338265,4.09399860476892));
#7022=CARTESIAN_POINT('Ctrl Pts',(-15.9283523626397,18.839620560304,4.09399923688302));
#7023=CARTESIAN_POINT('Ctrl Pts',(-15.928352437576,17.1729533867815,4.09399987235962));
#7024=CARTESIAN_POINT('Ctrl Pts',(-14.8333941357566,22.1729552561688,4.69729999441082));
#7025=CARTESIAN_POINT('Ctrl Pts',(-14.8333941544668,20.5062880826463,4.69730070747712));
#7026=CARTESIAN_POINT('Ctrl Pts',(-14.833394173177,18.8396209091238,4.69730142054362));
#7027=CARTESIAN_POINT('Ctrl Pts',(-14.8333941918873,17.1729537356013,4.69730213361012));
#7028=CARTESIAN_POINT('Ctrl Pts',(-14.8333944642484,22.1729533554594,4.69729981341862));
#7029=CARTESIAN_POINT('Ctrl Pts',(-15.9283231807102,22.172953442662,4.09401383539782));
#7030=CARTESIAN_POINT('Ctrl Pts',(-16.7080090998527,22.1729535882265,2.95040002965592));
#7031=CARTESIAN_POINT('Ctrl Pts',(-16.8695449789455,22.1729537356013,1.71075127893032));
#7032=CARTESIAN_POINT('Origin',(0.040809758598123,20.8027267464273,21.0497476406379));
#7033=CARTESIAN_POINT('',(-6.1927520791131,20.8027267464302,14.6276122124186));
#7034=CARTESIAN_POINT('',(-4.75041845171504,20.80272674643,14.6276122124186));
#7035=CARTESIAN_POINT('Ctrl Pts',(-9.66184879389273,20.8027267464312,13.2285166661999));
#7036=CARTESIAN_POINT('Ctrl Pts',(-9.62880298496618,20.8027267464312,13.260325852048));
#7037=CARTESIAN_POINT('Ctrl Pts',(-8.6966414762294,20.8027267464308,14.1324963449186));
#7038=CARTESIAN_POINT('Ctrl Pts',(-7.42491307989085,20.8027267464304,14.6276122124186));
#7039=CARTESIAN_POINT('Ctrl Pts',(-6.1927520791131,20.8027267464302,14.6276122124186));
#7040=CARTESIAN_POINT('Origin',(-24.8360111993177,16.1729537356013,2.22761272023672));
#7041=CARTESIAN_POINT('',(-24.8360112123289,22.1729537356013,0.227612720254868));
#7042=CARTESIAN_POINT('Origin',(-21.9798864622767,16.1729537356013,19.1664075344601));
#7043=CARTESIAN_POINT('',(-15.5920042277823,22.1729537356013,10.2112436298612));
#7044=CARTESIAN_POINT('',(-15.5920042277823,16.1729537356013,10.2112436298612));
#7045=CARTESIAN_POINT('Origin',(-21.9798864622767,22.1729537356013,19.1664075344601));
#7046=CARTESIAN_POINT('Origin',(-19.0763036284156,16.1729537356013,15.0958784869151));
#7047=CARTESIAN_POINT('Origin',(-19.0763036284156,22.1729537356013,15.0958784869151));
#7048=CARTESIAN_POINT('Ctrl Pts',(-11.0030722288,20.8027267021761,10.9927852923946));
#7049=CARTESIAN_POINT('Ctrl Pts',(-10.7505640550879,20.8027267021759,11.8825585575836));
#7050=CARTESIAN_POINT('Ctrl Pts',(-9.57139966227718,20.802726702175,13.792246665165));
#7051=CARTESIAN_POINT('Ctrl Pts',(-7.42498429855594,20.8027267021742,14.6278999639759));
#7052=CARTESIAN_POINT('Ctrl Pts',(-6.1927520791131,20.8027267021742,14.6278999639702));
#7053=CARTESIAN_POINT('Ctrl Pts',(-10.7151454685417,20.8028187670048,10.9110720216557));
#7054=CARTESIAN_POINT('Ctrl Pts',(-10.4778172685285,20.8028187669546,11.747355730433));
#7055=CARTESIAN_POINT('Ctrl Pts',(-9.36912602882177,20.80281876703,13.5426345402554));
#7056=CARTESIAN_POINT('Ctrl Pts',(-7.35090787718119,20.8028187672309,14.3286026734796));
#7057=CARTESIAN_POINT('Ctrl Pts',(-6.1927520791131,20.8028187669881,14.3286026793932));
#7058=CARTESIAN_POINT('Ctrl Pts',(-10.2166339014506,20.5515775316371,10.769593189822));
#7059=CARTESIAN_POINT('Ctrl Pts',(-10.0053845055312,20.5515775337627,11.5139809804114));
#7060=CARTESIAN_POINT('Ctrl Pts',(-9.01904006451771,20.5515775436101,13.1114916623904));
#7061=CARTESIAN_POINT('Ctrl Pts',(-7.22364224854007,20.5515775615199,13.8104038553581));
#7062=CARTESIAN_POINT('Ctrl Pts',(-6.19275207911314,20.5515775718936,13.8104038706979));
#7063=CARTESIAN_POINT('Ctrl Pts',(-10.0407088339644,20.0268941916375,10.719666090546));
#7064=CARTESIAN_POINT('Ctrl Pts',(-9.83875930444242,20.0268941969921,11.4312842770605));
#7065=CARTESIAN_POINT('Ctrl Pts',(-8.89543407898302,20.0268942219169,12.9588513642583));
#7066=CARTESIAN_POINT('Ctrl Pts',(-7.17826052785505,20.0268942672715,13.6275313484751));
#7067=CARTESIAN_POINT('Ctrl Pts',(-6.19275207911322,20.0268942934027,13.6275313553588));
#7068=CARTESIAN_POINT('Ctrl Pts',(-10.0407868035421,19.8023792942808,10.7196878440927));
#7069=CARTESIAN_POINT('Ctrl Pts',(-9.83879187303394,19.8023793005126,11.4314655508879));
#7070=CARTESIAN_POINT('Ctrl Pts',(-8.89551465142394,19.8023793296147,12.959128164125));
#7071=CARTESIAN_POINT('Ctrl Pts',(-7.1784812054387,19.8023793825894,13.6276122750207));
#7072=CARTESIAN_POINT('Ctrl Pts',(-6.19275207911326,19.8023794130016,13.6276122750101));
#7073=CARTESIAN_POINT('Origin',(-6.19275207911326,19.8027267464302,14.6276122124183));
#7074=CARTESIAN_POINT('Origin',(-4.75041845171521,19.80272674643,14.6276122124183));
#7075=CARTESIAN_POINT('Origin',(-19.0763036284156,22.1729537356013,15.0958784869151));
#7076=CARTESIAN_POINT('Origin',(-15.0112876610101,22.1729537356013,9.39713782035222));
#7077=CARTESIAN_POINT('Origin',(-21.9798864622767,22.1729537356013,19.1664075344601));
#7078=CARTESIAN_POINT('Origin',(-23.8360112123289,22.1729537356013,0.227612713749217));
#7079=CARTESIAN_POINT('',(-24.227929558163,23.0929537356012,2.22761273427092));
#7080=CARTESIAN_POINT('Ctrl Pts',(-24.2279295581629,23.0929537356012,2.22761273427092));
#7081=CARTESIAN_POINT('Ctrl Pts',(-24.2279295560808,23.0929537359809,2.41065322187533));
#7082=CARTESIAN_POINT('Ctrl Pts',(-24.213351454201,23.0995055875617,2.59547638990926));
#7083=CARTESIAN_POINT('Ctrl Pts',(-24.1574569151054,23.1203544405272,2.95712656901201));
#7084=CARTESIAN_POINT('Ctrl Pts',(-24.1154109346121,23.1349281058196,3.13753250579263));
#7085=CARTESIAN_POINT('Ctrl Pts',(-24.0580667942559,23.1479877399454,3.31068938750586));
#7086=CARTESIAN_POINT('Origin',(-23.8360111993177,22.1729537356012,2.22761271374022));
#7087=CARTESIAN_POINT('Ctrl Pts',(-15.3159733906667,23.1729537356013,5.57315230087112));
#7088=CARTESIAN_POINT('Ctrl Pts',(-13.7136702642019,23.1729537356013,6.45599242936712));
#7089=CARTESIAN_POINT('Ctrl Pts',(-11.4024233771218,23.1729537356013,8.88046829178062));
#7090=CARTESIAN_POINT('Ctrl Pts',(-10.6591837373589,23.1729537356013,12.0837587141061));
#7091=CARTESIAN_POINT('Ctrl Pts',(-10.6591837284318,23.1729537356013,13.4558246293881));
#7092=CARTESIAN_POINT('Ctrl Pts',(-15.17158607858,23.1729537356013,5.31109778600392));
#7093=CARTESIAN_POINT('Ctrl Pts',(-13.515784593482,23.1729537352671,6.22341455483552));
#7094=CARTESIAN_POINT('Ctrl Pts',(-11.1278651240614,23.1729537360974,8.72817464291172));
#7095=CARTESIAN_POINT('Ctrl Pts',(-10.3599844244385,23.1729537361206,12.0379476164891));
#7096=CARTESIAN_POINT('Ctrl Pts',(-10.3599844280899,23.1729537356013,13.4558246274414));
#7097=CARTESIAN_POINT('Ctrl Pts',(-14.921649959079,22.9217551278091,4.85747836753092));
#7098=CARTESIAN_POINT('Ctrl Pts',(-13.1739540438108,22.9217551423357,5.82042732532052));
#7099=CARTESIAN_POINT('Ctrl Pts',(-10.6528096003536,22.9217551817845,8.46513490698592));
#7100=CARTESIAN_POINT('Ctrl Pts',(-9.84206692406374,22.9217552341786,11.9592576365941));
#7101=CARTESIAN_POINT('Ctrl Pts',(-9.84206694770042,22.9217552567551,13.4558246240716));
#7102=CARTESIAN_POINT('Ctrl Pts',(-14.8333944230826,22.3973528850217,4.69729973870522));
#7103=CARTESIAN_POINT('Ctrl Pts',(-13.0529129093226,22.3973529216019,5.67831295653732));
#7104=CARTESIAN_POINT('Ctrl Pts',(-10.4849632286019,22.3973530216024,8.37197696999822));
#7105=CARTESIAN_POINT('Ctrl Pts',(-9.65918372336332,22.3973531540067,11.9311830348939));
#7106=CARTESIAN_POINT('Ctrl Pts',(-9.65918372843172,22.3973532108577,13.4558246228817));
#7107=CARTESIAN_POINT('Ctrl Pts',(-14.8333944642484,22.1729533554594,4.69729981341862));
#7108=CARTESIAN_POINT('Ctrl Pts',(-13.0530576570652,22.1729533980343,5.67823328952532));
#7109=CARTESIAN_POINT('Ctrl Pts',(-10.4850055603095,22.1729535149547,8.37209535887352));
#7110=CARTESIAN_POINT('Ctrl Pts',(-9.65918373835081,22.1729536694334,11.9313069392351));
#7111=CARTESIAN_POINT('Ctrl Pts',(-9.65918372843172,22.1729537356013,13.4558246228817));
#7112=CARTESIAN_POINT('Origin',(-15.3159733906667,22.1729537356013,5.57315230087112));
#7113=CARTESIAN_POINT('Origin',(-20.8360111993177,23.1729537356012,2.22761269425042));
#7114=CARTESIAN_POINT('',(-23.8360111993177,22.7729537356013,2.22761272964672));
#7115=CARTESIAN_POINT('',(-23.8360111993177,23.1729537356012,2.22761273328862));
#7116=CARTESIAN_POINT('',(-23.6796537002226,22.7729537356013,3.18348785714932));
#7117=CARTESIAN_POINT('Ctrl Pts',(-23.6796537002226,22.7729537356013,3.18348785714933));
#7118=CARTESIAN_POINT('Ctrl Pts',(-23.7313431871219,22.7729537356013,3.02971629000145));
#7119=CARTESIAN_POINT('Ctrl Pts',(-23.7704750194007,22.7730294470329,2.87200440398397));
#7120=CARTESIAN_POINT('Ctrl Pts',(-23.8228524367006,22.7730254792791,2.55180057155136));
#7121=CARTESIAN_POINT('Ctrl Pts',(-23.8360111974036,22.7729537356013,2.3898399463291));
#7122=CARTESIAN_POINT('Ctrl Pts',(-23.8360111993177,22.7729537356013,2.22761272964672));
#7123=CARTESIAN_POINT('',(-23.443314727212,22.7729537356013,3.71151576164732));
#7124=CARTESIAN_POINT('Ctrl Pts',(-23.443314727212,22.7729537356013,3.71151576164732));
#7125=CARTESIAN_POINT('Ctrl Pts',(-23.4910896762504,22.7729537356013,3.62757241257708));
#7126=CARTESIAN_POINT('Ctrl Pts',(-23.5347828995806,22.7729645347203,3.5413707741641));
#7127=CARTESIAN_POINT('Ctrl Pts',(-23.6137005778027,22.7729643058803,3.36505310751496));
#7128=CARTESIAN_POINT('Ctrl Pts',(-23.648878848093,22.7729537356013,3.27504026992395));
#7129=CARTESIAN_POINT('Ctrl Pts',(-23.6796537002226,22.7729537356013,3.18348785714934));
#7130=CARTESIAN_POINT('',(-17.9280923203197,22.7729537356013,2.96518153386292));
#7131=CARTESIAN_POINT('Origin',(-20.8360111993177,22.7729537356013,2.22761269425042));
#7132=CARTESIAN_POINT('',(-17.8611615340385,22.7729537356013,1.83996663276032));
#7133=CARTESIAN_POINT('Ctrl Pts',(-17.8611615340386,22.7729537356013,1.83996663276033));
#7134=CARTESIAN_POINT('Ctrl Pts',(-17.8489490264304,22.7729537356012,1.9336871107415));
#7135=CARTESIAN_POINT('Ctrl Pts',(-17.8411722239954,22.7729633953462,2.02793240934625));
#7136=CARTESIAN_POINT('Ctrl Pts',(-17.8345421193799,22.7729666766629,2.21684178190618));
#7137=CARTESIAN_POINT('Ctrl Pts',(-17.8356925015951,22.7729597633526,2.31140009046298));
#7138=CARTESIAN_POINT('Ctrl Pts',(-17.8469163774388,22.772960079608,2.50009161866854));
#7139=CARTESIAN_POINT('Ctrl Pts',(-17.8569836077801,22.7729681282489,2.59411952561613));
#7140=CARTESIAN_POINT('Ctrl Pts',(-17.8859614008838,22.772965338846,2.780910898601));
#7141=CARTESIAN_POINT('Ctrl Pts',(-17.9048557598045,22.7729537356012,2.87356970134474));
#7142=CARTESIAN_POINT('Ctrl Pts',(-17.9280923203197,22.7729537356012,2.9651815338629));
#7143=CARTESIAN_POINT('Origin',(-20.8360111993177,22.7729537356013,2.22761269425042));
#7144=CARTESIAN_POINT('Ctrl Pts',(-17.8611615340385,23.1729537356013,1.83996663276032));
#7145=CARTESIAN_POINT('Ctrl Pts',(-17.6592416851725,23.1729537356013,3.38952757116762));
#7146=CARTESIAN_POINT('Ctrl Pts',(-16.6846342862444,23.1729537356013,4.81904482834492));
#7147=CARTESIAN_POINT('Ctrl Pts',(-15.3159733906667,23.1729537356013,5.57315230087112));
#7148=CARTESIAN_POINT('Ctrl Pts',(-17.5644705545473,23.1729537356013,1.80130548930092));
#7149=CARTESIAN_POINT('Ctrl Pts',(-17.3746858851353,23.172953736758,3.25773915475802));
#7150=CARTESIAN_POINT('Ctrl Pts',(-16.4579916286233,23.1729537349168,4.60231154493942));
#7151=CARTESIAN_POINT('Ctrl Pts',(-15.17158607858,23.1729537356013,5.31109778600392));
#7152=CARTESIAN_POINT('Ctrl Pts',(-17.0508865521208,22.9217623627394,1.73438149710442));
#7153=CARTESIAN_POINT('Ctrl Pts',(-16.8819465522456,22.9217623124551,3.03084992283692));
#7154=CARTESIAN_POINT('Ctrl Pts',(-16.0667609267208,22.9217622635516,4.22653318952872));
#7155=CARTESIAN_POINT('Ctrl Pts',(-14.9216458445201,22.921762233798,4.85747089984762));
#7156=CARTESIAN_POINT('Ctrl Pts',(-16.8695449789455,22.3973532108577,1.71075127893032));
#7157=CARTESIAN_POINT('Ctrl Pts',(-16.7080418886,22.3973530842343,2.95014814590632));
#7158=CARTESIAN_POINT('Ctrl Pts',(-15.9281006511741,22.3973529599457,4.09413637031722));
#7159=CARTESIAN_POINT('Ctrl Pts',(-14.8333944230826,22.3973528850218,4.69729973870522));
#7160=CARTESIAN_POINT('Ctrl Pts',(-16.8695449789455,22.1729537356013,1.71075127893032));
#7161=CARTESIAN_POINT('Ctrl Pts',(-16.7080090998527,22.1729535882265,2.95040002965592));
#7162=CARTESIAN_POINT('Ctrl Pts',(-15.9283231807102,22.172953442662,4.09401383539782));
#7163=CARTESIAN_POINT('Ctrl Pts',(-14.8333944642484,22.1729533554594,4.69729981341862));
#7164=CARTESIAN_POINT('',(-17.4732811597817,23.0911839526727,1.78942280153251));
#7165=CARTESIAN_POINT('Ctrl Pts',(-17.5347132768376,23.1729537356013,3.06124083417603));
#7166=CARTESIAN_POINT('Ctrl Pts',(-17.5241039629559,23.172953735637,3.01499683618482));
#7167=CARTESIAN_POINT('Ctrl Pts',(-17.5142056731757,23.1717478470001,2.96828455734621));
#7168=CARTESIAN_POINT('Ctrl Pts',(-17.5051347492304,23.1696282288929,2.92126086310344));
#7169=CARTESIAN_POINT('Ctrl Pts',(-17.4957397989837,23.167432895013,2.87255741563856));
#7170=CARTESIAN_POINT('Ctrl Pts',(-17.4872327230776,23.1642582578218,2.82352006942856));
#7171=CARTESIAN_POINT('Ctrl Pts',(-17.4797249292307,23.1604491188246,2.77427379330697));
#7172=CARTESIAN_POINT('Ctrl Pts',(-17.4720518350363,23.1565561133797,2.72394325372352));
#7173=CARTESIAN_POINT('Ctrl Pts',(-17.4654225557616,23.1520014523281,2.67339431414484));
#7174=CARTESIAN_POINT('Ctrl Pts',(-17.4599345661375,23.1471586922492,2.62270994391596));
#7175=CARTESIAN_POINT('Ctrl Pts',(-17.4543232360988,23.1422070930368,2.57088646234267));
#7176=CARTESIAN_POINT('Ctrl Pts',(-17.4499047212909,23.1369555857186,2.51892103638593));
#7177=CARTESIAN_POINT('Ctrl Pts',(-17.4467632143879,23.1317908569629,2.46685429326621));
#7178=CARTESIAN_POINT('Ctrl Pts',(-17.4460109490511,23.1305541108609,2.45438638940465));
#7179=CARTESIAN_POINT('Ctrl Pts',(-17.4453318373238,23.1293222343691,2.44191247855795));
#7180=CARTESIAN_POINT('Ctrl Pts',(-17.4447269193489,23.128100302652,2.42943276080539));
#7181=CARTESIAN_POINT('Ctrl Pts',(-17.4424516328841,23.1235042337431,2.38249262335854));
#7182=CARTESIAN_POINT('Ctrl Pts',(-17.4412572903142,23.1190657928412,2.33550874436245));
#7183=CARTESIAN_POINT('Ctrl Pts',(-17.4410516372269,23.1149891618309,2.2885192772519));
#7184=CARTESIAN_POINT('Ctrl Pts',(-17.4408467855016,23.1109284161022,2.24171291254134));
#7185=CARTESIAN_POINT('Ctrl Pts',(-17.4416224309753,23.1072265009679,2.19490071259751));
#7186=CARTESIAN_POINT('Ctrl Pts',(-17.4433028624252,23.1040363735464,2.14811773251893));
#7187=CARTESIAN_POINT('Ctrl Pts',(-17.4449710169721,23.1008695525709,2.10167653972713));
#7188=CARTESIAN_POINT('Ctrl Pts',(-17.4475304005564,23.0982069467495,2.05526398585086));
#7189=CARTESIAN_POINT('Ctrl Pts',(-17.4509288248806,23.0961521319373,2.00891503377498));
#7190=CARTESIAN_POINT('Ctrl Pts',(-17.4542839932426,23.0941234713023,1.96315602231029));
#7191=CARTESIAN_POINT('Ctrl Pts',(-17.4584567492289,23.092687138735,1.9174589546538));
#7192=CARTESIAN_POINT('Ctrl Pts',(-17.4634227920057,23.0918993703402,1.87185960051043));
#7193=CARTESIAN_POINT('Ctrl Pts',(-17.4664195937645,23.0914239846423,1.84434227316644));
#7194=CARTESIAN_POINT('Ctrl Pts',(-17.4697058041092,23.091183952673,1.81686057707606));
#7195=CARTESIAN_POINT('Ctrl Pts',(-17.4732811597817,23.0911839526727,1.78942280153251));
#7196=CARTESIAN_POINT('Origin',(-17.8611615340385,22.1729537356013,1.83996663276032));
#7197=CARTESIAN_POINT('Origin',(-20.8360111993177,22.1729537356012,2.22761269425042));
#7198=CARTESIAN_POINT('Origin',(-20.8360111993177,23.0929537356012,2.22761269425042));
#7199=CARTESIAN_POINT('Ctrl Pts',(-24.0580667942559,23.1479877399454,3.31068938750592));
#7200=CARTESIAN_POINT('Ctrl Pts',(-24.1735802239222,23.1216805511257,2.96188399688042));
#7201=CARTESIAN_POINT('Ctrl Pts',(-24.2279295539923,23.0929537363619,2.59425488397852));
#7202=CARTESIAN_POINT('Ctrl Pts',(-24.227929558163,23.0929537356013,2.22761273427092));
#7203=CARTESIAN_POINT('Ctrl Pts',(-23.9319290962448,23.022976405164,3.26828887738702));
#7204=CARTESIAN_POINT('Ctrl Pts',(-24.0433791421238,23.0054382792842,2.93329280189722));
#7205=CARTESIAN_POINT('Ctrl Pts',(-24.0972901011587,22.9862870694417,2.58013369059272));
#7206=CARTESIAN_POINT('Ctrl Pts',(-24.0972901052145,22.9862870689346,2.22761273272952));
#7207=CARTESIAN_POINT('Ctrl Pts',(-23.8057913982337,22.8979650703827,3.22588836726812));
#7208=CARTESIAN_POINT('Ctrl Pts',(-23.9131780603255,22.8891960074427,2.90470160691402));
#7209=CARTESIAN_POINT('Ctrl Pts',(-23.9666506483251,22.8796204025215,2.56601249720702));
#7210=CARTESIAN_POINT('Ctrl Pts',(-23.9666506522661,22.8796204022679,2.22761273118812));
#7211=CARTESIAN_POINT('Ctrl Pts',(-23.6796537002226,22.7729537356013,3.18348785714932));
#7212=CARTESIAN_POINT('Ctrl Pts',(-23.7829769785272,22.7729537356013,2.87611041193082));
#7213=CARTESIAN_POINT('Ctrl Pts',(-23.8360111954916,22.7729537356013,2.55189130382132));
#7214=CARTESIAN_POINT('Ctrl Pts',(-23.8360111993177,22.7729537356013,2.22761272964672));
#7215=CARTESIAN_POINT('',(-24.227929558163,23.0929537356012,2.22761273427092));
#7216=CARTESIAN_POINT('',(-23.6796537002226,22.7729537356013,3.18348785714932));
#7217=CARTESIAN_POINT('Ctrl Pts',(-23.7909551975979,23.1729537356013,3.90936950396692));
#7218=CARTESIAN_POINT('Ctrl Pts',(-23.8992241671162,23.1729537356013,3.71913466155112));
#7219=CARTESIAN_POINT('Ctrl Pts',(-23.9892687192283,23.1636559090528,3.51843267331792));
#7220=CARTESIAN_POINT('Ctrl Pts',(-24.0580667942559,23.1479877399454,3.31068938750592));
#7221=CARTESIAN_POINT('Ctrl Pts',(-23.6750750408026,23.0396204022679,3.84341825652702));
#7222=CARTESIAN_POINT('Ctrl Pts',(-23.779098168379,23.0396204022679,3.66064360400992));
#7223=CARTESIAN_POINT('Ctrl Pts',(-23.8655511119674,23.0334218512356,3.46780754116572));
#7224=CARTESIAN_POINT('Ctrl Pts',(-23.9319290962448,23.022976405164,3.26828887738702));
#7225=CARTESIAN_POINT('Ctrl Pts',(-23.5591948840073,22.9062870689346,3.77746700908722));
#7226=CARTESIAN_POINT('Ctrl Pts',(-23.6589721696418,22.9062870689346,3.60215254646872));
#7227=CARTESIAN_POINT('Ctrl Pts',(-23.7418335047065,22.9031877934184,3.41718240901352));
#7228=CARTESIAN_POINT('Ctrl Pts',(-23.8057913982337,22.8979650703827,3.22588836726812));
#7229=CARTESIAN_POINT('Ctrl Pts',(-23.443314727212,22.7729537356013,3.71151576164732));
#7230=CARTESIAN_POINT('Ctrl Pts',(-23.5388461709046,22.7729537356013,3.54366148892752));
#7231=CARTESIAN_POINT('Ctrl Pts',(-23.6181158974456,22.7729537356013,3.36655727686132));
#7232=CARTESIAN_POINT('Ctrl Pts',(-23.6796537002226,22.7729537356013,3.18348785714932));
#7233=CARTESIAN_POINT('',(-23.443314727212,22.7729537356013,3.71151576164732));
#7234=CARTESIAN_POINT('Ctrl Pts',(-17.4725566923879,23.0931310727873,1.78743708546055));
#7235=CARTESIAN_POINT('Ctrl Pts',(-17.4447669848361,23.0930365782079,1.99994391309968));
#7236=CARTESIAN_POINT('Ctrl Pts',(-17.4222657627256,23.1252313955361,2.42953922179741));
#7237=CARTESIAN_POINT('Ctrl Pts',(-17.4874922920981,23.1731748930781,2.85595013571137));
#7238=CARTESIAN_POINT('Ctrl Pts',(-17.540155436326,23.1731748904576,3.06357841812146));
#7239=CARTESIAN_POINT('Ctrl Pts',(-17.6021632331861,22.9864052937253,1.80439870233446));
#7240=CARTESIAN_POINT('Ctrl Pts',(-17.575438040818,22.986342297339,2.00871678386191));
#7241=CARTESIAN_POINT('Ctrl Pts',(-17.5559615345721,23.0078055088911,2.42177940907004));
#7242=CARTESIAN_POINT('Ctrl Pts',(-17.6188708155402,23.0397678405858,2.83129743176386));
#7243=CARTESIAN_POINT('Ctrl Pts',(-17.6694677309906,23.0397678388387,3.03077945670195));
#7244=CARTESIAN_POINT('Ctrl Pts',(-17.7317697739844,22.8796795146632,1.82136031920836));
#7245=CARTESIAN_POINT('Ctrl Pts',(-17.7061090967998,22.8796480164701,2.01748965462423));
#7246=CARTESIAN_POINT('Ctrl Pts',(-17.6896573064186,22.8903796222462,2.41401959634256));
#7247=CARTESIAN_POINT('Ctrl Pts',(-17.7502493389823,22.9063607880935,2.80664472781624));
#7248=CARTESIAN_POINT('Ctrl Pts',(-17.7987800256551,22.90636078722,2.99798049528243));
#7249=CARTESIAN_POINT('Ctrl Pts',(-17.8613763147827,22.7729537356013,1.83832193608228));
#7250=CARTESIAN_POINT('Ctrl Pts',(-17.8367801527818,22.7729537356013,2.02626252538656));
#7251=CARTESIAN_POINT('Ctrl Pts',(-17.8233530782651,22.7729537356013,2.40625978361508));
#7252=CARTESIAN_POINT('Ctrl Pts',(-17.8816278624246,22.7729537356013,2.78199202386862));
#7253=CARTESIAN_POINT('Ctrl Pts',(-17.9280923203197,22.7729537356013,2.96518153386292));
#7254=CARTESIAN_POINT('',(-17.540369790684,23.1729537356013,3.06352404896552));
#7255=CARTESIAN_POINT('',(-17.8611615340385,22.7729537356013,1.83996663276032));
#7256=CARTESIAN_POINT('Origin',(-20.8360111993177,22.9729537356013,2.22761269425042));
#7257=CARTESIAN_POINT('Origin',(-20.8360111993177,22.9329537356013,2.22761269425042));
#7258=CARTESIAN_POINT('',(0.000451466565820624,2.0000000000001,0.00717406875999416));
#7259=CARTESIAN_POINT('',(0.,0.,-7.105427357601E-15));
#7260=UNCERTAINTY_MEASURE_WITH_UNIT(LENGTH_MEASURE(0.01),#7268,
'DISTANCE_ACCURACY_VALUE',
'Maximum model space distance between geometric entities at asserted c
onnectivities');
#7261=UNCERTAINTY_MEASURE_WITH_UNIT(LENGTH_MEASURE(0.01),#7268,
'DISTANCE_ACCURACY_VALUE',
'Maximum model space distance between geometric entities at asserted c
onnectivities');
#7262=UNCERTAINTY_MEASURE_WITH_UNIT(LENGTH_MEASURE(0.01),#7268,
'DISTANCE_ACCURACY_VALUE',
'Maximum model space distance between geometric entities at asserted c
onnectivities');
#7263=UNCERTAINTY_MEASURE_WITH_UNIT(LENGTH_MEASURE(0.01),#7268,
'DISTANCE_ACCURACY_VALUE',
'Maximum model space distance between geometric entities at asserted c
onnectivities');
#7264=(
GEOMETRIC_REPRESENTATION_CONTEXT(3)
GLOBAL_UNCERTAINTY_ASSIGNED_CONTEXT((#7260))
GLOBAL_UNIT_ASSIGNED_CONTEXT((#7268,#7270,#7271))
REPRESENTATION_CONTEXT('','3D')
);
#7265=(
GEOMETRIC_REPRESENTATION_CONTEXT(3)
GLOBAL_UNCERTAINTY_ASSIGNED_CONTEXT((#7261))
GLOBAL_UNIT_ASSIGNED_CONTEXT((#7268,#7270,#7271))
REPRESENTATION_CONTEXT('','3D')
);
#7266=(
GEOMETRIC_REPRESENTATION_CONTEXT(3)
GLOBAL_UNCERTAINTY_ASSIGNED_CONTEXT((#7262))
GLOBAL_UNIT_ASSIGNED_CONTEXT((#7268,#7270,#7271))
REPRESENTATION_CONTEXT('','3D')
);
#7267=(
GEOMETRIC_REPRESENTATION_CONTEXT(3)
GLOBAL_UNCERTAINTY_ASSIGNED_CONTEXT((#7263))
GLOBAL_UNIT_ASSIGNED_CONTEXT((#7268,#7270,#7271))
REPRESENTATION_CONTEXT('','3D')
);
#7268=(
LENGTH_UNIT()
NAMED_UNIT(*)
SI_UNIT(.MILLI.,.METRE.)
);
#7269=(
LENGTH_UNIT()
NAMED_UNIT(*)
SI_UNIT($,.METRE.)
);
#7270=(
NAMED_UNIT(*)
PLANE_ANGLE_UNIT()
SI_UNIT($,.RADIAN.)
);
#7271=(
NAMED_UNIT(*)
SI_UNIT($,.STERADIAN.)
SOLID_ANGLE_UNIT()
);
#7272=SHAPE_DEFINITION_REPRESENTATION(#7275,#7280);
#7273=SHAPE_DEFINITION_REPRESENTATION(#7276,#7281);
#7274=SHAPE_DEFINITION_REPRESENTATION(#7277,#7282);
#7275=PRODUCT_DEFINITION_SHAPE('',$,#7284);
#7276=PRODUCT_DEFINITION_SHAPE('',$,#7285);
#7277=PRODUCT_DEFINITION_SHAPE('',$,#7286);
#7278=PRODUCT_DEFINITION_SHAPE($,$,#17);
#7279=PRODUCT_DEFINITION_SHAPE($,$,#18);
#7280=SHAPE_REPRESENTATION('',(#3605,#3977),#7264);
#7281=SHAPE_REPRESENTATION('',(#3606,#3976),#7265);
#7282=SHAPE_REPRESENTATION('',(#3607),#7266);
#7283=PRODUCT_DEFINITION_CONTEXT('part definition',#7294,'design');
#7284=PRODUCT_DEFINITION('Trident_V2','SV08 MAX Mount WIP',#7287,#7283);
#7285=PRODUCT_DEFINITION('Carriage _Bases_1','Carriage _Bases_1',#7288,
#7283);
#7286=PRODUCT_DEFINITION('Carriage_Base_Short','Carriage_Base_Short',#7289,
#7283);
#7287=PRODUCT_DEFINITION_FORMATION('',$,#7296);
#7288=PRODUCT_DEFINITION_FORMATION('',$,#7297);
#7289=PRODUCT_DEFINITION_FORMATION('',$,#7298);
#7290=PRODUCT_RELATED_PRODUCT_CATEGORY('SV08 MAX Mount WIP',
'SV08 MAX Mount WIP',(#7296));
#7291=PRODUCT_RELATED_PRODUCT_CATEGORY('Carriage _Bases_1',
'Carriage _Bases_1',(#7297));
#7292=PRODUCT_RELATED_PRODUCT_CATEGORY('Carriage_Base_Short',
'Carriage_Base_Short',(#7298));
#7293=APPLICATION_PROTOCOL_DEFINITION('international standard',
'automotive_design',2009,#7294);
#7294=APPLICATION_CONTEXT(
'Core Data for Automotive Mechanical Design Process');
#7295=PRODUCT_CONTEXT('part definition',#7294,'mechanical');
#7296=PRODUCT('Trident_V2','SV08 MAX Mount WIP',$,(#7295));
#7297=PRODUCT('Carriage _Bases_1','Carriage _Bases_1',$,(#7295));
#7298=PRODUCT('Carriage_Base_Short','Carriage_Base_Short',$,(#7295));
#7299=PRESENTATION_STYLE_ASSIGNMENT((#7302));
#7300=PRESENTATION_STYLE_ASSIGNMENT((#7303));
#7301=PRESENTATION_STYLE_ASSIGNMENT((#7304));
#7302=SURFACE_STYLE_USAGE(.BOTH.,#7305);
#7303=SURFACE_STYLE_USAGE(.BOTH.,#7306);
#7304=SURFACE_STYLE_USAGE(.BOTH.,#7307);
#7305=SURFACE_SIDE_STYLE('',(#7308));
#7306=SURFACE_SIDE_STYLE('',(#7309));
#7307=SURFACE_SIDE_STYLE('',(#7310));
#7308=SURFACE_STYLE_FILL_AREA(#7311);
#7309=SURFACE_STYLE_FILL_AREA(#7312);
#7310=SURFACE_STYLE_FILL_AREA(#7313);
#7311=FILL_AREA_STYLE('Steel - Satin',(#7314));
#7312=FILL_AREA_STYLE('Opaque(39,255,39)',(#7315));
#7313=FILL_AREA_STYLE('Opaque(203,154,58)',(#7316));
#7314=FILL_AREA_STYLE_COLOUR('Steel - Satin',#7317);
#7315=FILL_AREA_STYLE_COLOUR('Opaque(39,255,39)',#7318);
#7316=FILL_AREA_STYLE_COLOUR('Opaque(203,154,58)',#7319);
#7317=COLOUR_RGB('Steel - Satin',0.627450980392157,0.627450980392157,0.627450980392157);
#7318=COLOUR_RGB('Opaque(39,255,39)',0.152941176470588,1.,0.152941176470588);
#7319=COLOUR_RGB('Opaque(203,154,58)',0.796078431372549,0.603921568627451,
0.227450980392157);
ENDSEC;
END-ISO-10303-21;
