ISO-10303-21;
HEADER;
/* Generated by software containing ST-Developer
 * from STEP Tools, Inc. (www.steptools.com) 
 */

FILE_DESCRIPTION(
/* description */ (''),
/* implementation_level */ '2;1');

FILE_NAME(
/* name */ 'SV08MAX_Belt_Clamp_Mount.step',
/* time_stamp */ '2026-09-23T10:17:41-04:00',
/* author */ (''),
/* organization */ (''),
/* preprocessor_version */ 'ST-DEVELOPER v20.2',
/* originating_system */ 'Autodesk Translation Framework v15.15.0.0',
/* authorisation */ '');

FILE_SCHEMA (('AUTOMOTIVE_DESIGN { 1 0 10303 214 3 1 1 }'));
ENDSEC;

DATA;
#10=MECHANICAL_DESIGN_GEOMETRIC_PRESENTATION_REPRESENTATION('',(#13),#5197);
#11=SHAPE_REPRESENTATION_RELATIONSHIP('SRR','None',#5204,#12);
#12=ADVANCED_BREP_SHAPE_REPRESENTATION('',(#14),#5196);
#13=STYLED_ITEM('',(#5213),#14);
#14=MANIFOLD_SOLID_BREP('SV08MAX_Belt_Clamp_Mount',#3012);
#15=B_SPLINE_SURFACE_WITH_KNOTS('',3,3,((#4739,#4740,#4741,#4742,#4743,
#4744,#4745,#4746,#4747,#4748),(#4749,#4750,#4751,#4752,#4753,#4754,#4755,
#4756,#4757,#4758),(#4759,#4760,#4761,#4762,#4763,#4764,#4765,#4766,#4767,
#4768),(#4769,#4770,#4771,#4772,#4773,#4774,#4775,#4776,#4777,#4778)),
 .UNSPECIFIED.,.F.,.T.,.F.,(4,4),(4,1,1,1,1,1,1,4),(-0.00482320645110597,
1.),(-3.14159265358979,-2.24399475256414,-1.34639685153848,-0.448798950512827,
0.448798950512828,1.34639685153848,2.24399475256414,3.14159265358979),
 .UNSPECIFIED.);
#16=B_SPLINE_SURFACE_WITH_KNOTS('',3,3,((#4956,#4957,#4958,#4959,#4960,
#4961,#4962,#4963,#4964,#4965),(#4966,#4967,#4968,#4969,#4970,#4971,#4972,
#4973,#4974,#4975),(#4976,#4977,#4978,#4979,#4980,#4981,#4982,#4983,#4984,
#4985),(#4986,#4987,#4988,#4989,#4990,#4991,#4992,#4993,#4994,#4995)),
 .UNSPECIFIED.,.F.,.T.,.F.,(4,4),(4,1,1,1,1,1,1,4),(-0.00430569706264373,
1.),(-3.14159265358979,-2.24399475256414,-1.34639685153848,-0.448798950512827,
0.448798950512828,1.34639685153848,2.24399475256414,3.14159265358979),
 .UNSPECIFIED.);
#17=TOROIDAL_SURFACE('',#3149,4.00000000000007,1.);
#18=CONICAL_SURFACE('',#3125,0.799999999999995,0.785398163397438);
#19=CONICAL_SURFACE('',#3132,0.799999999999995,0.785398163397438);
#20=CONICAL_SURFACE('',#3144,3.2,0.785398163397269);
#21=CONICAL_SURFACE('',#3153,1.9,0.78539816339746);
#22=CONICAL_SURFACE('',#3176,1.9,0.785398163397443);
#23=CONICAL_SURFACE('',#3218,1.9,0.785398163397443);
#24=CONICAL_SURFACE('',#3241,3.2,0.785398163397269);
#25=CONICAL_SURFACE('',#3249,0.8,0.785398163397428);
#26=CONICAL_SURFACE('',#3254,0.8,0.785398163397428);
#27=CONICAL_SURFACE('',#3271,1.9,0.785398163397449);
#28=(
BOUNDED_CURVE()
B_SPLINE_CURVE(2,(#4545,#4546,#4547),.UNSPECIFIED.,.F.,.F.)
B_SPLINE_CURVE_WITH_KNOTS((3,3),(0.,0.132544187606832),.UNSPECIFIED.)
CURVE()
GEOMETRIC_REPRESENTATION_ITEM()
RATIONAL_B_SPLINE_CURVE((1.,1.01936435324819,1.))
REPRESENTATION_ITEM('')
);
#29=(
BOUNDED_CURVE()
B_SPLINE_CURVE(2,(#4552,#4553,#4554),.UNSPECIFIED.,.F.,.F.)
B_SPLINE_CURVE_WITH_KNOTS((3,3),(0.,0.13254432112686),.UNSPECIFIED.)
CURVE()
GEOMETRIC_REPRESENTATION_ITEM()
RATIONAL_B_SPLINE_CURVE((1.,1.01936439301765,1.))
REPRESENTATION_ITEM('')
);
#30=B_SPLINE_CURVE_WITH_KNOTS('',3,(#4510,#4511,#4512,#4513,#4514,#4515,
#4516,#4517,#4518,#4519,#4520,#4521),.UNSPECIFIED.,.F.,.F.,(4,2,2,2,2,4),
(-0.000568397470783347,0.,0.0784105846704807,0.131099648551168,0.171323396969133,
0.201102106739804),.UNSPECIFIED.);
#31=B_SPLINE_CURVE_WITH_KNOTS('',3,(#4559,#4560,#4561,#4562,#4563,#4564,
#4565,#4566,#4567,#4568,#4569,#4570),.UNSPECIFIED.,.F.,.F.,(4,2,2,2,2,4),
(-0.367930344613635,-0.367461188420076,-0.30274096452591,-0.259251325554479,
-0.226050578224713,-0.201471182784615),.UNSPECIFIED.);
#32=B_SPLINE_CURVE_WITH_KNOTS('',3,(#4724,#4725,#4726,#4727,#4728,#4729),
 .UNSPECIFIED.,.F.,.F.,(4,2,4),(-0.0453985153424248,-0.0227846613085248,
-0.000173428262602069),.UNSPECIFIED.);
#33=B_SPLINE_CURVE_WITH_KNOTS('',3,(#4732,#4733,#4734,#4735,#4736,#4737),
 .UNSPECIFIED.,.F.,.F.,(4,2,4),(-0.0452592188276255,-0.0226311965522969,
-1.00000004921857E-6),.UNSPECIFIED.);
#34=B_SPLINE_CURVE_WITH_KNOTS('',3,(#4780,#4781,#4782,#4783),
 .UNSPECIFIED.,.F.,.F.,(4,4),(-1.06685493772574E-16,1.),.UNSPECIFIED.);
#35=B_SPLINE_CURVE_WITH_KNOTS('',3,(#4785,#4786,#4787,#4788,#4789,#4790),
 .UNSPECIFIED.,.F.,.F.,(4,2,4),(-0.141472066573508,-0.0702903337540985,
0.),.UNSPECIFIED.);
#36=B_SPLINE_CURVE_WITH_KNOTS('',3,(#4791,#4792,#4793,#4794,#4795,#4796,
#4797,#4798,#4799,#4800,#4801,#4802,#4803,#4804,#4805,#4806,#4807,#4808,
#4809,#4810,#4811,#4812,#4813,#4814,#4815,#4816,#4817,#4818,#4819,#4820,
#4821,#4822,#4823,#4824),.UNSPECIFIED.,.F.,.F.,(4,2,2,2,2,2,2,2,2,2,2,2,
2,2,2,2,4),(0.,0.0506866777733545,0.10119025434414,0.183075280732899,0.267288606638154,
0.359572752845993,0.435862839889091,0.511605324693555,0.583577109620084,
0.65398096385529,0.72436109406854,0.79733756680782,0.873078255202994,0.926357409467503,
0.965989243717328,0.993469357521258,1.02092358843569),.UNSPECIFIED.);
#37=B_SPLINE_CURVE_WITH_KNOTS('',3,(#4942,#4943,#4944,#4945,#4946,#4947),
 .UNSPECIFIED.,.F.,.F.,(4,2,4),(-0.0452592188276844,-0.022631196552317,
-1.00000004744916E-6),.UNSPECIFIED.);
#38=B_SPLINE_CURVE_WITH_KNOTS('',3,(#4950,#4951,#4952,#4953,#4954,#4955),
 .UNSPECIFIED.,.F.,.F.,(4,2,4),(-0.0453985153424518,-0.0227846613085423,
-0.00017342826261642),.UNSPECIFIED.);
#39=B_SPLINE_CURVE_WITH_KNOTS('',3,(#4997,#4998,#4999,#5000),
 .UNSPECIFIED.,.F.,.F.,(4,4),(6.98226199080665E-16,1.),.UNSPECIFIED.);
#40=B_SPLINE_CURVE_WITH_KNOTS('',3,(#5001,#5002,#5003,#5004,#5005,#5006,
#5007,#5008,#5009,#5010,#5011,#5012,#5013,#5014,#5015,#5016,#5017,#5018,
#5019,#5020,#5021,#5022,#5023,#5024,#5025,#5026,#5027,#5028,#5029,#5030,
#5031,#5032,#5033,#5034,#5035,#5036,#5037,#5038,#5039),.UNSPECIFIED.,.T.,
 .F.,(4,2,2,2,2,2,2,2,2,3,2,2,2,2,2,2,2,2,4),(0.744951318259919,0.760338302285395,
0.840727117258549,0.929198992380537,1.02733999996639,1.15791040944563,1.29012987747413,
1.42937596128844,1.51845871326595,1.58272989049669,1.66551264065153,1.73835657519601,
1.80118673039957,1.87058915103423,1.94677658054272,2.0460820890635,2.14636977404596,
2.25100573890503,2.32768120875661),.UNSPECIFIED.);
#41=FACE_BOUND('',#365,.T.);
#42=FACE_BOUND('',#366,.T.);
#43=FACE_BOUND('',#367,.T.);
#44=FACE_BOUND('',#388,.T.);
#45=FACE_BOUND('',#389,.T.);
#46=FACE_BOUND('',#390,.T.);
#47=FACE_BOUND('',#414,.T.);
#48=FACE_BOUND('',#429,.T.);
#49=FACE_BOUND('',#431,.T.);
#50=FACE_BOUND('',#449,.T.);
#51=FACE_BOUND('',#450,.T.);
#52=FACE_BOUND('',#451,.T.);
#53=FACE_BOUND('',#452,.T.);
#54=FACE_BOUND('',#453,.T.);
#55=FACE_BOUND('',#469,.T.);
#56=FACE_BOUND('',#471,.T.);
#57=FACE_BOUND('',#497,.T.);
#58=FACE_BOUND('',#498,.T.);
#59=FACE_BOUND('',#499,.T.);
#60=FACE_BOUND('',#500,.T.);
#61=FACE_BOUND('',#511,.T.);
#62=ELLIPSE('',#3073,1.41421356237309,1.);
#63=ELLIPSE('',#3102,4.24264068874033,3.);
#64=ELLIPSE('',#3103,4.24264068711929,3.);
#65=ELLIPSE('',#3104,4.24264068874033,3.);
#66=ELLIPSE('',#3111,1.4142135623731,1.);
#67=ELLIPSE('',#3129,1.08239220029239,1.);
#68=ELLIPSE('',#3136,1.08239220029239,1.);
#69=ELLIPSE('',#3143,1.4142135623731,1.);
#70=ELLIPSE('',#3156,1.4142135623731,1.);
#71=ELLIPSE('',#3165,1.4142135623731,1.);
#72=ELLIPSE('',#3199,1.4142135623731,1.);
#73=ELLIPSE('',#3256,4.24264068874033,3.);
#74=ELLIPSE('',#3257,4.24264068874033,3.);
#75=ELLIPSE('',#3258,4.24264068711929,3.);
#76=ELLIPSE('',#3261,1.41421356291344,1.);
#77=ELLIPSE('',#3263,1.41421356291344,1.);
#78=CIRCLE('',#3028,1.69999999999986);
#79=CIRCLE('',#3029,1.7);
#80=CIRCLE('',#3030,1.7);
#81=CIRCLE('',#3031,1.7);
#82=CIRCLE('',#3032,1.7);
#83=CIRCLE('',#3033,1.7);
#84=CIRCLE('',#3037,1.70000000000019);
#85=CIRCLE('',#3038,1.7);
#86=CIRCLE('',#3039,1.7);
#87=CIRCLE('',#3040,1.7);
#88=CIRCLE('',#3041,1.7);
#89=CIRCLE('',#3042,1.7);
#90=CIRCLE('',#3045,1.7);
#91=CIRCLE('',#3046,1.7);
#92=CIRCLE('',#3047,1.70000000000019);
#93=CIRCLE('',#3048,1.7);
#94=CIRCLE('',#3049,1.7);
#95=CIRCLE('',#3050,1.7);
#96=CIRCLE('',#3054,1.7);
#97=CIRCLE('',#3055,1.7);
#98=CIRCLE('',#3056,1.7);
#99=CIRCLE('',#3057,1.7);
#100=CIRCLE('',#3058,1.69999999999986);
#101=CIRCLE('',#3059,1.7);
#102=CIRCLE('',#3063,1.);
#103=CIRCLE('',#3067,1.);
#104=CIRCLE('',#3068,1.);
#105=CIRCLE('',#3070,1.);
#106=CIRCLE('',#3071,1.);
#107=CIRCLE('',#3077,3.);
#108=CIRCLE('',#3078,3.);
#109=CIRCLE('',#3079,3.);
#110=CIRCLE('',#3080,3.);
#111=CIRCLE('',#3085,1.);
#112=CIRCLE('',#3086,1.);
#113=CIRCLE('',#3089,1.);
#114=CIRCLE('',#3093,1.);
#115=CIRCLE('',#3094,1.);
#116=CIRCLE('',#3096,1.);
#117=CIRCLE('',#3097,1.);
#118=CIRCLE('',#3101,3.);
#119=CIRCLE('',#3105,3.);
#120=CIRCLE('',#3106,3.);
#121=CIRCLE('',#3113,1.);
#122=CIRCLE('',#3115,3.00000000000007);
#123=CIRCLE('',#3116,3.00000000000007);
#124=CIRCLE('',#3117,3.00000000000007);
#125=CIRCLE('',#3118,3.00000000000007);
#126=CIRCLE('',#3120,2.75);
#127=CIRCLE('',#3124,1.);
#128=CIRCLE('',#3126,1.);
#129=CIRCLE('',#3127,0.59999999999999);
#130=CIRCLE('',#3133,0.59999999999999);
#131=CIRCLE('',#3134,1.);
#132=CIRCLE('',#3145,3.4);
#133=CIRCLE('',#3146,3.4);
#134=CIRCLE('',#3150,4.00000000000007);
#135=CIRCLE('',#3152,2.1);
#136=CIRCLE('',#3154,1.7);
#137=CIRCLE('',#3164,1.);
#138=CIRCLE('',#3168,1.69999999999998);
#139=CIRCLE('',#3170,1.70000000060299);
#140=CIRCLE('',#3173,1.70000000062629);
#141=CIRCLE('',#3175,1.7);
#142=CIRCLE('',#3177,2.1);
#143=CIRCLE('',#3188,3.);
#144=CIRCLE('',#3189,3.);
#145=CIRCLE('',#3191,3.);
#146=CIRCLE('',#3207,1.);
#147=CIRCLE('',#3210,1.69999999999998);
#148=CIRCLE('',#3212,1.70000000060299);
#149=CIRCLE('',#3215,1.70000000062629);
#150=CIRCLE('',#3217,1.7);
#151=CIRCLE('',#3219,2.1);
#152=CIRCLE('',#3232,3.);
#153=CIRCLE('',#3233,3.);
#154=CIRCLE('',#3236,3.);
#155=CIRCLE('',#3239,3.);
#156=CIRCLE('',#3242,3.4);
#157=CIRCLE('',#3243,3.4);
#158=CIRCLE('',#3247,1.);
#159=CIRCLE('',#3248,1.);
#160=CIRCLE('',#3250,0.600000000000001);
#161=CIRCLE('',#3252,0.600000000000001);
#162=CIRCLE('',#3267,1.7);
#163=CIRCLE('',#3268,1.7);
#164=CIRCLE('',#3270,2.1);
#165=CIRCLE('',#3276,2.75);
#166=CYLINDRICAL_SURFACE('',#3027,1.7);
#167=CYLINDRICAL_SURFACE('',#3036,1.7);
#168=CYLINDRICAL_SURFACE('',#3044,1.7);
#169=CYLINDRICAL_SURFACE('',#3053,1.7);
#170=CYLINDRICAL_SURFACE('',#3076,3.);
#171=CYLINDRICAL_SURFACE('',#3084,1.);
#172=CYLINDRICAL_SURFACE('',#3100,3.);
#173=CYLINDRICAL_SURFACE('',#3112,1.);
#174=CYLINDRICAL_SURFACE('',#3114,3.00000000000007);
#175=CYLINDRICAL_SURFACE('',#3123,1.);
#176=CYLINDRICAL_SURFACE('',#3128,1.);
#177=CYLINDRICAL_SURFACE('',#3135,1.);
#178=CYLINDRICAL_SURFACE('',#3137,1.);
#179=CYLINDRICAL_SURFACE('',#3155,1.);
#180=CYLINDRICAL_SURFACE('',#3163,1.);
#181=CYLINDRICAL_SURFACE('',#3169,1.69999999999998);
#182=CYLINDRICAL_SURFACE('',#3174,1.7);
#183=CYLINDRICAL_SURFACE('',#3198,1.);
#184=CYLINDRICAL_SURFACE('',#3206,1.);
#185=CYLINDRICAL_SURFACE('',#3211,1.69999999999998);
#186=CYLINDRICAL_SURFACE('',#3216,1.7);
#187=CYLINDRICAL_SURFACE('',#3238,3.);
#188=CYLINDRICAL_SURFACE('',#3246,1.);
#189=CYLINDRICAL_SURFACE('',#3255,3.);
#190=CYLINDRICAL_SURFACE('',#3260,1.);
#191=CYLINDRICAL_SURFACE('',#3264,1.);
#192=CYLINDRICAL_SURFACE('',#3266,1.7);
#193=CYLINDRICAL_SURFACE('',#3273,1.);
#194=FACE_OUTER_BOUND('',#347,.T.);
#195=FACE_OUTER_BOUND('',#348,.T.);
#196=FACE_OUTER_BOUND('',#349,.T.);
#197=FACE_OUTER_BOUND('',#350,.T.);
#198=FACE_OUTER_BOUND('',#351,.T.);
#199=FACE_OUTER_BOUND('',#352,.T.);
#200=FACE_OUTER_BOUND('',#353,.T.);
#201=FACE_OUTER_BOUND('',#354,.T.);
#202=FACE_OUTER_BOUND('',#355,.T.);
#203=FACE_OUTER_BOUND('',#356,.T.);
#204=FACE_OUTER_BOUND('',#357,.T.);
#205=FACE_OUTER_BOUND('',#358,.T.);
#206=FACE_OUTER_BOUND('',#359,.T.);
#207=FACE_OUTER_BOUND('',#360,.T.);
#208=FACE_OUTER_BOUND('',#361,.T.);
#209=FACE_OUTER_BOUND('',#362,.T.);
#210=FACE_OUTER_BOUND('',#363,.T.);
#211=FACE_OUTER_BOUND('',#364,.T.);
#212=FACE_OUTER_BOUND('',#368,.T.);
#213=FACE_OUTER_BOUND('',#369,.T.);
#214=FACE_OUTER_BOUND('',#370,.T.);
#215=FACE_OUTER_BOUND('',#371,.T.);
#216=FACE_OUTER_BOUND('',#372,.T.);
#217=FACE_OUTER_BOUND('',#373,.T.);
#218=FACE_OUTER_BOUND('',#374,.T.);
#219=FACE_OUTER_BOUND('',#375,.T.);
#220=FACE_OUTER_BOUND('',#376,.T.);
#221=FACE_OUTER_BOUND('',#377,.T.);
#222=FACE_OUTER_BOUND('',#378,.T.);
#223=FACE_OUTER_BOUND('',#379,.T.);
#224=FACE_OUTER_BOUND('',#380,.T.);
#225=FACE_OUTER_BOUND('',#381,.T.);
#226=FACE_OUTER_BOUND('',#382,.T.);
#227=FACE_OUTER_BOUND('',#383,.T.);
#228=FACE_OUTER_BOUND('',#384,.T.);
#229=FACE_OUTER_BOUND('',#385,.T.);
#230=FACE_OUTER_BOUND('',#386,.T.);
#231=FACE_OUTER_BOUND('',#387,.T.);
#232=FACE_OUTER_BOUND('',#391,.T.);
#233=FACE_OUTER_BOUND('',#392,.T.);
#234=FACE_OUTER_BOUND('',#393,.T.);
#235=FACE_OUTER_BOUND('',#394,.T.);
#236=FACE_OUTER_BOUND('',#395,.T.);
#237=FACE_OUTER_BOUND('',#396,.T.);
#238=FACE_OUTER_BOUND('',#397,.T.);
#239=FACE_OUTER_BOUND('',#398,.T.);
#240=FACE_OUTER_BOUND('',#399,.T.);
#241=FACE_OUTER_BOUND('',#400,.T.);
#242=FACE_OUTER_BOUND('',#401,.T.);
#243=FACE_OUTER_BOUND('',#402,.T.);
#244=FACE_OUTER_BOUND('',#403,.T.);
#245=FACE_OUTER_BOUND('',#404,.T.);
#246=FACE_OUTER_BOUND('',#405,.T.);
#247=FACE_OUTER_BOUND('',#406,.T.);
#248=FACE_OUTER_BOUND('',#407,.T.);
#249=FACE_OUTER_BOUND('',#408,.T.);
#250=FACE_OUTER_BOUND('',#409,.T.);
#251=FACE_OUTER_BOUND('',#410,.T.);
#252=FACE_OUTER_BOUND('',#411,.T.);
#253=FACE_OUTER_BOUND('',#412,.T.);
#254=FACE_OUTER_BOUND('',#413,.T.);
#255=FACE_OUTER_BOUND('',#415,.T.);
#256=FACE_OUTER_BOUND('',#416,.T.);
#257=FACE_OUTER_BOUND('',#417,.T.);
#258=FACE_OUTER_BOUND('',#418,.T.);
#259=FACE_OUTER_BOUND('',#419,.T.);
#260=FACE_OUTER_BOUND('',#420,.T.);
#261=FACE_OUTER_BOUND('',#421,.T.);
#262=FACE_OUTER_BOUND('',#422,.T.);
#263=FACE_OUTER_BOUND('',#423,.T.);
#264=FACE_OUTER_BOUND('',#424,.T.);
#265=FACE_OUTER_BOUND('',#425,.T.);
#266=FACE_OUTER_BOUND('',#426,.T.);
#267=FACE_OUTER_BOUND('',#427,.T.);
#268=FACE_OUTER_BOUND('',#428,.T.);
#269=FACE_OUTER_BOUND('',#430,.T.);
#270=FACE_OUTER_BOUND('',#432,.T.);
#271=FACE_OUTER_BOUND('',#433,.T.);
#272=FACE_OUTER_BOUND('',#434,.T.);
#273=FACE_OUTER_BOUND('',#435,.T.);
#274=FACE_OUTER_BOUND('',#436,.T.);
#275=FACE_OUTER_BOUND('',#437,.T.);
#276=FACE_OUTER_BOUND('',#438,.T.);
#277=FACE_OUTER_BOUND('',#439,.T.);
#278=FACE_OUTER_BOUND('',#440,.T.);
#279=FACE_OUTER_BOUND('',#441,.T.);
#280=FACE_OUTER_BOUND('',#442,.T.);
#281=FACE_OUTER_BOUND('',#443,.T.);
#282=FACE_OUTER_BOUND('',#444,.T.);
#283=FACE_OUTER_BOUND('',#445,.T.);
#284=FACE_OUTER_BOUND('',#446,.T.);
#285=FACE_OUTER_BOUND('',#447,.T.);
#286=FACE_OUTER_BOUND('',#448,.T.);
#287=FACE_OUTER_BOUND('',#454,.T.);
#288=FACE_OUTER_BOUND('',#455,.T.);
#289=FACE_OUTER_BOUND('',#456,.T.);
#290=FACE_OUTER_BOUND('',#457,.T.);
#291=FACE_OUTER_BOUND('',#458,.T.);
#292=FACE_OUTER_BOUND('',#459,.T.);
#293=FACE_OUTER_BOUND('',#460,.T.);
#294=FACE_OUTER_BOUND('',#461,.T.);
#295=FACE_OUTER_BOUND('',#462,.T.);
#296=FACE_OUTER_BOUND('',#463,.T.);
#297=FACE_OUTER_BOUND('',#464,.T.);
#298=FACE_OUTER_BOUND('',#465,.T.);
#299=FACE_OUTER_BOUND('',#466,.T.);
#300=FACE_OUTER_BOUND('',#467,.T.);
#301=FACE_OUTER_BOUND('',#468,.T.);
#302=FACE_OUTER_BOUND('',#470,.T.);
#303=FACE_OUTER_BOUND('',#472,.T.);
#304=FACE_OUTER_BOUND('',#473,.T.);
#305=FACE_OUTER_BOUND('',#474,.T.);
#306=FACE_OUTER_BOUND('',#475,.T.);
#307=FACE_OUTER_BOUND('',#476,.T.);
#308=FACE_OUTER_BOUND('',#477,.T.);
#309=FACE_OUTER_BOUND('',#478,.T.);
#310=FACE_OUTER_BOUND('',#479,.T.);
#311=FACE_OUTER_BOUND('',#480,.T.);
#312=FACE_OUTER_BOUND('',#481,.T.);
#313=FACE_OUTER_BOUND('',#482,.T.);
#314=FACE_OUTER_BOUND('',#483,.T.);
#315=FACE_OUTER_BOUND('',#484,.T.);
#316=FACE_OUTER_BOUND('',#485,.T.);
#317=FACE_OUTER_BOUND('',#486,.T.);
#318=FACE_OUTER_BOUND('',#487,.T.);
#319=FACE_OUTER_BOUND('',#488,.T.);
#320=FACE_OUTER_BOUND('',#489,.T.);
#321=FACE_OUTER_BOUND('',#490,.T.);
#322=FACE_OUTER_BOUND('',#491,.T.);
#323=FACE_OUTER_BOUND('',#492,.T.);
#324=FACE_OUTER_BOUND('',#493,.T.);
#325=FACE_OUTER_BOUND('',#494,.T.);
#326=FACE_OUTER_BOUND('',#495,.T.);
#327=FACE_OUTER_BOUND('',#496,.T.);
#328=FACE_OUTER_BOUND('',#501,.T.);
#329=FACE_OUTER_BOUND('',#502,.T.);
#330=FACE_OUTER_BOUND('',#503,.T.);
#331=FACE_OUTER_BOUND('',#504,.T.);
#332=FACE_OUTER_BOUND('',#505,.T.);
#333=FACE_OUTER_BOUND('',#506,.T.);
#334=FACE_OUTER_BOUND('',#507,.T.);
#335=FACE_OUTER_BOUND('',#508,.T.);
#336=FACE_OUTER_BOUND('',#509,.T.);
#337=FACE_OUTER_BOUND('',#510,.T.);
#338=FACE_OUTER_BOUND('',#512,.T.);
#339=FACE_OUTER_BOUND('',#513,.T.);
#340=FACE_OUTER_BOUND('',#514,.T.);
#341=FACE_OUTER_BOUND('',#515,.T.);
#342=FACE_OUTER_BOUND('',#516,.T.);
#343=FACE_OUTER_BOUND('',#517,.T.);
#344=FACE_OUTER_BOUND('',#518,.T.);
#345=FACE_OUTER_BOUND('',#519,.T.);
#346=FACE_OUTER_BOUND('',#520,.T.);
#347=EDGE_LOOP('',(#1879,#1880,#1881,#1882));
#348=EDGE_LOOP('',(#1883,#1884,#1885,#1886,#1887,#1888,#1889,#1890,#1891,
#1892));
#349=EDGE_LOOP('',(#1893,#1894,#1895,#1896));
#350=EDGE_LOOP('',(#1897,#1898,#1899,#1900));
#351=EDGE_LOOP('',(#1901,#1902,#1903,#1904,#1905,#1906,#1907,#1908,#1909,
#1910));
#352=EDGE_LOOP('',(#1911,#1912,#1913,#1914));
#353=EDGE_LOOP('',(#1915,#1916,#1917,#1918,#1919,#1920,#1921,#1922,#1923,
#1924));
#354=EDGE_LOOP('',(#1925,#1926,#1927,#1928));
#355=EDGE_LOOP('',(#1929,#1930,#1931,#1932));
#356=EDGE_LOOP('',(#1933,#1934,#1935,#1936,#1937,#1938,#1939,#1940,#1941,
#1942));
#357=EDGE_LOOP('',(#1943,#1944,#1945,#1946));
#358=EDGE_LOOP('',(#1947,#1948,#1949,#1950));
#359=EDGE_LOOP('',(#1951,#1952,#1953));
#360=EDGE_LOOP('',(#1954,#1955,#1956,#1957,#1958,#1959));
#361=EDGE_LOOP('',(#1960,#1961,#1962,#1963,#1964,#1965));
#362=EDGE_LOOP('',(#1966,#1967,#1968,#1969,#1970,#1971));
#363=EDGE_LOOP('',(#1972,#1973,#1974,#1975,#1976,#1977));
#364=EDGE_LOOP('',(#1978,#1979,#1980,#1981,#1982,#1983,#1984,#1985,#1986,
#1987,#1988,#1989,#1990,#1991,#1992,#1993,#1994,#1995,#1996,#1997,#1998,
#1999,#2000,#2001));
#365=EDGE_LOOP('',(#2002,#2003,#2004,#2005,#2006,#2007));
#366=EDGE_LOOP('',(#2008,#2009,#2010,#2011,#2012,#2013));
#367=EDGE_LOOP('',(#2014,#2015,#2016,#2017));
#368=EDGE_LOOP('',(#2018,#2019,#2020));
#369=EDGE_LOOP('',(#2021,#2022,#2023,#2024,#2025));
#370=EDGE_LOOP('',(#2026,#2027,#2028,#2029,#2030,#2031,#2032,#2033));
#371=EDGE_LOOP('',(#2034,#2035,#2036,#2037,#2038,#2039,#2040,#2041,#2042));
#372=EDGE_LOOP('',(#2043,#2044,#2045,#2046,#2047));
#373=EDGE_LOOP('',(#2048,#2049,#2050));
#374=EDGE_LOOP('',(#2051,#2052,#2053,#2054));
#375=EDGE_LOOP('',(#2055,#2056,#2057,#2058));
#376=EDGE_LOOP('',(#2059,#2060,#2061));
#377=EDGE_LOOP('',(#2062,#2063,#2064,#2065,#2066,#2067));
#378=EDGE_LOOP('',(#2068,#2069,#2070,#2071,#2072,#2073));
#379=EDGE_LOOP('',(#2074,#2075,#2076,#2077,#2078,#2079));
#380=EDGE_LOOP('',(#2080,#2081,#2082,#2083,#2084,#2085));
#381=EDGE_LOOP('',(#2086,#2087,#2088));
#382=EDGE_LOOP('',(#2089,#2090,#2091,#2092,#2093));
#383=EDGE_LOOP('',(#2094,#2095,#2096,#2097,#2098,#2099,#2100,#2101,#2102,
#2103));
#384=EDGE_LOOP('',(#2104,#2105,#2106,#2107,#2108,#2109,#2110,#2111,#2112));
#385=EDGE_LOOP('',(#2113,#2114,#2115,#2116,#2117));
#386=EDGE_LOOP('',(#2118,#2119,#2120));
#387=EDGE_LOOP('',(#2121,#2122,#2123,#2124,#2125,#2126,#2127,#2128,#2129,
#2130,#2131,#2132,#2133,#2134,#2135,#2136,#2137,#2138,#2139,#2140,#2141,
#2142,#2143,#2144));
#388=EDGE_LOOP('',(#2145,#2146,#2147,#2148,#2149,#2150));
#389=EDGE_LOOP('',(#2151,#2152,#2153,#2154,#2155,#2156));
#390=EDGE_LOOP('',(#2157,#2158,#2159,#2160));
#391=EDGE_LOOP('',(#2161,#2162,#2163));
#392=EDGE_LOOP('',(#2164,#2165,#2166,#2167,#2168,#2169,#2170,#2171));
#393=EDGE_LOOP('',(#2172,#2173,#2174,#2175,#2176,#2177,#2178));
#394=EDGE_LOOP('',(#2179,#2180));
#395=EDGE_LOOP('',(#2181,#2182));
#396=EDGE_LOOP('',(#2183,#2184,#2185));
#397=EDGE_LOOP('',(#2186,#2187,#2188,#2189));
#398=EDGE_LOOP('',(#2190,#2191,#2192,#2193));
#399=EDGE_LOOP('',(#2194,#2195,#2196,#2197,#2198));
#400=EDGE_LOOP('',(#2199,#2200,#2201,#2202,#2203));
#401=EDGE_LOOP('',(#2204,#2205,#2206,#2207));
#402=EDGE_LOOP('',(#2208,#2209,#2210,#2211));
#403=EDGE_LOOP('',(#2212,#2213,#2214));
#404=EDGE_LOOP('',(#2215,#2216,#2217,#2218,#2219,#2220));
#405=EDGE_LOOP('',(#2221,#2222,#2223,#2224,#2225));
#406=EDGE_LOOP('',(#2226,#2227,#2228,#2229,#2230));
#407=EDGE_LOOP('',(#2231,#2232,#2233,#2234));
#408=EDGE_LOOP('',(#2235,#2236,#2237,#2238,#2239,#2240,#2241));
#409=EDGE_LOOP('',(#2242,#2243,#2244,#2245,#2246,#2247));
#410=EDGE_LOOP('',(#2248,#2249,#2250,#2251,#2252));
#411=EDGE_LOOP('',(#2253,#2254,#2255,#2256,#2257));
#412=EDGE_LOOP('',(#2258,#2259,#2260,#2261));
#413=EDGE_LOOP('',(#2262,#2263,#2264,#2265));
#414=EDGE_LOOP('',(#2266));
#415=EDGE_LOOP('',(#2267,#2268,#2269,#2270));
#416=EDGE_LOOP('',(#2271,#2272,#2273,#2274));
#417=EDGE_LOOP('',(#2275,#2276,#2277,#2278));
#418=EDGE_LOOP('',(#2279,#2280,#2281,#2282));
#419=EDGE_LOOP('',(#2283,#2284,#2285,#2286));
#420=EDGE_LOOP('',(#2287,#2288,#2289,#2290));
#421=EDGE_LOOP('',(#2291,#2292,#2293,#2294));
#422=EDGE_LOOP('',(#2295,#2296,#2297,#2298));
#423=EDGE_LOOP('',(#2299,#2300,#2301,#2302));
#424=EDGE_LOOP('',(#2303,#2304,#2305,#2306));
#425=EDGE_LOOP('',(#2307));
#426=EDGE_LOOP('',(#2308,#2309,#2310,#2311,#2312,#2313));
#427=EDGE_LOOP('',(#2314,#2315,#2316,#2317,#2318,#2319,#2320));
#428=EDGE_LOOP('',(#2321,#2322,#2323,#2324));
#429=EDGE_LOOP('',(#2325,#2326));
#430=EDGE_LOOP('',(#2327,#2328,#2329,#2330));
#431=EDGE_LOOP('',(#2331));
#432=EDGE_LOOP('',(#2332,#2333,#2334,#2335));
#433=EDGE_LOOP('',(#2336,#2337,#2338,#2339));
#434=EDGE_LOOP('',(#2340,#2341,#2342));
#435=EDGE_LOOP('',(#2343,#2344,#2345));
#436=EDGE_LOOP('',(#2346,#2347,#2348,#2349,#2350));
#437=EDGE_LOOP('',(#2351,#2352,#2353));
#438=EDGE_LOOP('',(#2354,#2355,#2356));
#439=EDGE_LOOP('',(#2357,#2358,#2359,#2360,#2361));
#440=EDGE_LOOP('',(#2362,#2363,#2364,#2365));
#441=EDGE_LOOP('',(#2366,#2367,#2368));
#442=EDGE_LOOP('',(#2369,#2370,#2371));
#443=EDGE_LOOP('',(#2372,#2373,#2374,#2375,#2376,#2377,#2378,#2379,#2380));
#444=EDGE_LOOP('',(#2381,#2382));
#445=EDGE_LOOP('',(#2383,#2384,#2385,#2386,#2387,#2388,#2389,#2390,#2391));
#446=EDGE_LOOP('',(#2392,#2393,#2394,#2395,#2396,#2397,#2398,#2399,#2400));
#447=EDGE_LOOP('',(#2401,#2402));
#448=EDGE_LOOP('',(#2403,#2404,#2405,#2406,#2407,#2408,#2409,#2410,#2411,
#2412,#2413,#2414,#2415,#2416,#2417,#2418,#2419,#2420,#2421,#2422));
#449=EDGE_LOOP('',(#2423));
#450=EDGE_LOOP('',(#2424,#2425,#2426,#2427,#2428));
#451=EDGE_LOOP('',(#2429));
#452=EDGE_LOOP('',(#2430));
#453=EDGE_LOOP('',(#2431));
#454=EDGE_LOOP('',(#2432,#2433,#2434,#2435));
#455=EDGE_LOOP('',(#2436,#2437,#2438,#2439));
#456=EDGE_LOOP('',(#2440,#2441,#2442,#2443));
#457=EDGE_LOOP('',(#2444,#2445,#2446));
#458=EDGE_LOOP('',(#2447,#2448,#2449,#2450));
#459=EDGE_LOOP('',(#2451,#2452,#2453,#2454));
#460=EDGE_LOOP('',(#2455,#2456,#2457,#2458));
#461=EDGE_LOOP('',(#2459,#2460,#2461,#2462));
#462=EDGE_LOOP('',(#2463,#2464,#2465,#2466));
#463=EDGE_LOOP('',(#2467,#2468,#2469,#2470));
#464=EDGE_LOOP('',(#2471,#2472,#2473,#2474));
#465=EDGE_LOOP('',(#2475));
#466=EDGE_LOOP('',(#2476,#2477,#2478,#2479,#2480,#2481));
#467=EDGE_LOOP('',(#2482,#2483,#2484,#2485,#2486,#2487));
#468=EDGE_LOOP('',(#2488,#2489,#2490,#2491));
#469=EDGE_LOOP('',(#2492));
#470=EDGE_LOOP('',(#2493,#2494,#2495,#2496));
#471=EDGE_LOOP('',(#2497));
#472=EDGE_LOOP('',(#2498,#2499,#2500,#2501));
#473=EDGE_LOOP('',(#2502,#2503,#2504,#2505));
#474=EDGE_LOOP('',(#2506,#2507,#2508));
#475=EDGE_LOOP('',(#2509,#2510,#2511));
#476=EDGE_LOOP('',(#2512,#2513,#2514,#2515));
#477=EDGE_LOOP('',(#2516,#2517,#2518));
#478=EDGE_LOOP('',(#2519,#2520,#2521));
#479=EDGE_LOOP('',(#2522,#2523,#2524,#2525,#2526));
#480=EDGE_LOOP('',(#2527,#2528,#2529));
#481=EDGE_LOOP('',(#2530,#2531,#2532));
#482=EDGE_LOOP('',(#2533,#2534,#2535,#2536,#2537));
#483=EDGE_LOOP('',(#2538,#2539));
#484=EDGE_LOOP('',(#2540,#2541,#2542,#2543,#2544,#2545,#2546,#2547,#2548));
#485=EDGE_LOOP('',(#2549,#2550,#2551,#2552,#2553,#2554,#2555,#2556,#2557));
#486=EDGE_LOOP('',(#2558,#2559,#2560,#2561,#2562,#2563,#2564,#2565,#2566));
#487=EDGE_LOOP('',(#2567,#2568));
#488=EDGE_LOOP('',(#2569,#2570,#2571,#2572,#2573));
#489=EDGE_LOOP('',(#2574,#2575,#2576,#2577,#2578,#2579,#2580,#2581));
#490=EDGE_LOOP('',(#2582,#2583,#2584,#2585,#2586));
#491=EDGE_LOOP('',(#2587,#2588,#2589,#2590,#2591,#2592));
#492=EDGE_LOOP('',(#2593,#2594,#2595,#2596));
#493=EDGE_LOOP('',(#2597,#2598,#2599,#2600));
#494=EDGE_LOOP('',(#2601,#2602,#2603,#2604));
#495=EDGE_LOOP('',(#2605,#2606,#2607,#2608));
#496=EDGE_LOOP('',(#2609,#2610,#2611,#2612,#2613,#2614,#2615,#2616,#2617,
#2618,#2619,#2620));
#497=EDGE_LOOP('',(#2621,#2622,#2623));
#498=EDGE_LOOP('',(#2624,#2625,#2626));
#499=EDGE_LOOP('',(#2627));
#500=EDGE_LOOP('',(#2628));
#501=EDGE_LOOP('',(#2629,#2630,#2631));
#502=EDGE_LOOP('',(#2632,#2633,#2634,#2635));
#503=EDGE_LOOP('',(#2636,#2637,#2638,#2639,#2640,#2641,#2642,#2643,#2644,
#2645));
#504=EDGE_LOOP('',(#2646,#2647,#2648,#2649,#2650,#2651,#2652,#2653,#2654,
#2655));
#505=EDGE_LOOP('',(#2656,#2657,#2658,#2659));
#506=EDGE_LOOP('',(#2660,#2661,#2662,#2663,#2664,#2665,#2666,#2667,#2668,
#2669,#2670,#2671,#2672,#2673,#2674,#2675,#2676,#2677,#2678,#2679));
#507=EDGE_LOOP('',(#2680,#2681,#2682,#2683));
#508=EDGE_LOOP('',(#2684,#2685,#2686,#2687,#2688,#2689,#2690,#2691,#2692,
#2693));
#509=EDGE_LOOP('',(#2694,#2695,#2696,#2697,#2698));
#510=EDGE_LOOP('',(#2699));
#511=EDGE_LOOP('',(#2700));
#512=EDGE_LOOP('',(#2701,#2702,#2703,#2704,#2705));
#513=EDGE_LOOP('',(#2706,#2707,#2708,#2709,#2710,#2711,#2712,#2713,#2714,
#2715,#2716,#2717));
#514=EDGE_LOOP('',(#2718,#2719,#2720));
#515=EDGE_LOOP('',(#2721,#2722,#2723,#2724,#2725,#2726,#2727));
#516=EDGE_LOOP('',(#2728,#2729,#2730,#2731,#2732,#2733,#2734));
#517=EDGE_LOOP('',(#2735,#2736,#2737,#2738));
#518=EDGE_LOOP('',(#2739,#2740));
#519=EDGE_LOOP('',(#2741,#2742,#2743,#2744));
#520=EDGE_LOOP('',(#2745,#2746));
#521=LINE('',#4114,#838);
#522=LINE('',#4116,#839);
#523=LINE('',#4118,#840);
#524=LINE('',#4119,#841);
#525=LINE('',#4124,#842);
#526=LINE('',#4133,#843);
#527=LINE('',#4137,#844);
#528=LINE('',#4139,#845);
#529=LINE('',#4140,#846);
#530=LINE('',#4144,#847);
#531=LINE('',#4146,#848);
#532=LINE('',#4148,#849);
#533=LINE('',#4149,#850);
#534=LINE('',#4154,#851);
#535=LINE('',#4159,#852);
#536=LINE('',#4168,#853);
#537=LINE('',#4170,#854);
#538=LINE('',#4172,#855);
#539=LINE('',#4173,#856);
#540=LINE('',#4178,#857);
#541=LINE('',#4182,#858);
#542=LINE('',#4191,#859);
#543=LINE('',#4193,#860);
#544=LINE('',#4194,#861);
#545=LINE('',#4198,#862);
#546=LINE('',#4200,#863);
#547=LINE('',#4202,#864);
#548=LINE('',#4203,#865);
#549=LINE('',#4208,#866);
#550=LINE('',#4216,#867);
#551=LINE('',#4221,#868);
#552=LINE('',#4223,#869);
#553=LINE('',#4224,#870);
#554=LINE('',#4227,#871);
#555=LINE('',#4229,#872);
#556=LINE('',#4230,#873);
#557=LINE('',#4236,#874);
#558=LINE('',#4237,#875);
#559=LINE('',#4241,#876);
#560=LINE('',#4243,#877);
#561=LINE('',#4245,#878);
#562=LINE('',#4247,#879);
#563=LINE('',#4249,#880);
#564=LINE('',#4250,#881);
#565=LINE('',#4254,#882);
#566=LINE('',#4256,#883);
#567=LINE('',#4258,#884);
#568=LINE('',#4260,#885);
#569=LINE('',#4262,#886);
#570=LINE('',#4263,#887);
#571=LINE('',#4269,#888);
#572=LINE('',#4273,#889);
#573=LINE('',#4275,#890);
#574=LINE('',#4276,#891);
#575=LINE('',#4282,#892);
#576=LINE('',#4284,#893);
#577=LINE('',#4286,#894);
#578=LINE('',#4289,#895);
#579=LINE('',#4291,#896);
#580=LINE('',#4293,#897);
#581=LINE('',#4295,#898);
#582=LINE('',#4299,#899);
#583=LINE('',#4301,#900);
#584=LINE('',#4303,#901);
#585=LINE('',#4305,#902);
#586=LINE('',#4307,#903);
#587=LINE('',#4309,#904);
#588=LINE('',#4311,#905);
#589=LINE('',#4313,#906);
#590=LINE('',#4315,#907);
#591=LINE('',#4316,#908);
#592=LINE('',#4319,#909);
#593=LINE('',#4321,#910);
#594=LINE('',#4323,#911);
#595=LINE('',#4324,#912);
#596=LINE('',#4326,#913);
#597=LINE('',#4329,#914);
#598=LINE('',#4331,#915);
#599=LINE('',#4332,#916);
#600=LINE('',#4337,#917);
#601=LINE('',#4341,#918);
#602=LINE('',#4345,#919);
#603=LINE('',#4349,#920);
#604=LINE('',#4350,#921);
#605=LINE('',#4351,#922);
#606=LINE('',#4353,#923);
#607=LINE('',#4355,#924);
#608=LINE('',#4356,#925);
#609=LINE('',#4363,#926);
#610=LINE('',#4366,#927);
#611=LINE('',#4369,#928);
#612=LINE('',#4371,#929);
#613=LINE('',#4372,#930);
#614=LINE('',#4378,#931);
#615=LINE('',#4379,#932);
#616=LINE('',#4383,#933);
#617=LINE('',#4385,#934);
#618=LINE('',#4387,#935);
#619=LINE('',#4389,#936);
#620=LINE('',#4391,#937);
#621=LINE('',#4392,#938);
#622=LINE('',#4396,#939);
#623=LINE('',#4398,#940);
#624=LINE('',#4400,#941);
#625=LINE('',#4402,#942);
#626=LINE('',#4404,#943);
#627=LINE('',#4405,#944);
#628=LINE('',#4411,#945);
#629=LINE('',#4413,#946);
#630=LINE('',#4415,#947);
#631=LINE('',#4418,#948);
#632=LINE('',#4424,#949);
#633=LINE('',#4428,#950);
#634=LINE('',#4430,#951);
#635=LINE('',#4431,#952);
#636=LINE('',#4433,#953);
#637=LINE('',#4436,#954);
#638=LINE('',#4438,#955);
#639=LINE('',#4439,#956);
#640=LINE('',#4445,#957);
#641=LINE('',#4454,#958);
#642=LINE('',#4457,#959);
#643=LINE('',#4460,#960);
#644=LINE('',#4461,#961);
#645=LINE('',#4462,#962);
#646=LINE('',#4464,#963);
#647=LINE('',#4466,#964);
#648=LINE('',#4467,#965);
#649=LINE('',#4471,#966);
#650=LINE('',#4473,#967);
#651=LINE('',#4475,#968);
#652=LINE('',#4477,#969);
#653=LINE('',#4479,#970);
#654=LINE('',#4481,#971);
#655=LINE('',#4483,#972);
#656=LINE('',#4485,#973);
#657=LINE('',#4487,#974);
#658=LINE('',#4489,#975);
#659=LINE('',#4493,#976);
#660=LINE('',#4494,#977);
#661=LINE('',#4495,#978);
#662=LINE('',#4498,#979);
#663=LINE('',#4500,#980);
#664=LINE('',#4502,#981);
#665=LINE('',#4503,#982);
#666=LINE('',#4509,#983);
#667=LINE('',#4526,#984);
#668=LINE('',#4531,#985);
#669=LINE('',#4535,#986);
#670=LINE('',#4537,#987);
#671=LINE('',#4539,#988);
#672=LINE('',#4540,#989);
#673=LINE('',#4548,#990);
#674=LINE('',#4555,#991);
#675=LINE('',#4573,#992);
#676=LINE('',#4577,#993);
#677=LINE('',#4582,#994);
#678=LINE('',#4586,#995);
#679=LINE('',#4588,#996);
#680=LINE('',#4590,#997);
#681=LINE('',#4592,#998);
#682=LINE('',#4593,#999);
#683=LINE('',#4596,#1000);
#684=LINE('',#4597,#1001);
#685=LINE('',#4598,#1002);
#686=LINE('',#4601,#1003);
#687=LINE('',#4605,#1004);
#688=LINE('',#4609,#1005);
#689=LINE('',#4612,#1006);
#690=LINE('',#4615,#1007);
#691=LINE('',#4617,#1008);
#692=LINE('',#4619,#1009);
#693=LINE('',#4621,#1010);
#694=LINE('',#4622,#1011);
#695=LINE('',#4626,#1012);
#696=LINE('',#4627,#1013);
#697=LINE('',#4629,#1014);
#698=LINE('',#4630,#1015);
#699=LINE('',#4633,#1016);
#700=LINE('',#4634,#1017);
#701=LINE('',#4635,#1018);
#702=LINE('',#4638,#1019);
#703=LINE('',#4639,#1020);
#704=LINE('',#4641,#1021);
#705=LINE('',#4643,#1022);
#706=LINE('',#4645,#1023);
#707=LINE('',#4649,#1024);
#708=LINE('',#4654,#1025);
#709=LINE('',#4656,#1026);
#710=LINE('',#4657,#1027);
#711=LINE('',#4660,#1028);
#712=LINE('',#4661,#1029);
#713=LINE('',#4666,#1030);
#714=LINE('',#4667,#1031);
#715=LINE('',#4673,#1032);
#716=LINE('',#4678,#1033);
#717=LINE('',#4679,#1034);
#718=LINE('',#4683,#1035);
#719=LINE('',#4685,#1036);
#720=LINE('',#4687,#1037);
#721=LINE('',#4688,#1038);
#722=LINE('',#4690,#1039);
#723=LINE('',#4692,#1040);
#724=LINE('',#4693,#1041);
#725=LINE('',#4695,#1042);
#726=LINE('',#4698,#1043);
#727=LINE('',#4699,#1044);
#728=LINE('',#4701,#1045);
#729=LINE('',#4704,#1046);
#730=LINE('',#4705,#1047);
#731=LINE('',#4710,#1048);
#732=LINE('',#4714,#1049);
#733=LINE('',#4716,#1050);
#734=LINE('',#4717,#1051);
#735=LINE('',#4738,#1052);
#736=LINE('',#4826,#1053);
#737=LINE('',#4828,#1054);
#738=LINE('',#4834,#1055);
#739=LINE('',#4837,#1056);
#740=LINE('',#4841,#1057);
#741=LINE('',#4842,#1058);
#742=LINE('',#4845,#1059);
#743=LINE('',#4846,#1060);
#744=LINE('',#4849,#1061);
#745=LINE('',#4850,#1062);
#746=LINE('',#4851,#1063);
#747=LINE('',#4854,#1064);
#748=LINE('',#4857,#1065);
#749=LINE('',#4858,#1066);
#750=LINE('',#4861,#1067);
#751=LINE('',#4863,#1068);
#752=LINE('',#4866,#1069);
#753=LINE('',#4871,#1070);
#754=LINE('',#4876,#1071);
#755=LINE('',#4878,#1072);
#756=LINE('',#4879,#1073);
#757=LINE('',#4881,#1074);
#758=LINE('',#4884,#1075);
#759=LINE('',#4885,#1076);
#760=LINE('',#4886,#1077);
#761=LINE('',#4887,#1078);
#762=LINE('',#4888,#1079);
#763=LINE('',#4891,#1080);
#764=LINE('',#4893,#1081);
#765=LINE('',#4894,#1082);
#766=LINE('',#4896,#1083);
#767=LINE('',#4900,#1084);
#768=LINE('',#4903,#1085);
#769=LINE('',#4904,#1086);
#770=LINE('',#4908,#1087);
#771=LINE('',#4910,#1088);
#772=LINE('',#4912,#1089);
#773=LINE('',#4913,#1090);
#774=LINE('',#4916,#1091);
#775=LINE('',#4917,#1092);
#776=LINE('',#4918,#1093);
#777=LINE('',#4920,#1094);
#778=LINE('',#4923,#1095);
#779=LINE('',#4924,#1096);
#780=LINE('',#4926,#1097);
#781=LINE('',#4931,#1098);
#782=LINE('',#4933,#1099);
#783=LINE('',#4934,#1100);
#784=LINE('',#4940,#1101);
#785=LINE('',#5041,#1102);
#786=LINE('',#5043,#1103);
#787=LINE('',#5048,#1104);
#788=LINE('',#5052,#1105);
#789=LINE('',#5055,#1106);
#790=LINE('',#5057,#1107);
#791=LINE('',#5060,#1108);
#792=LINE('',#5062,#1109);
#793=LINE('',#5065,#1110);
#794=LINE('',#5067,#1111);
#795=LINE('',#5068,#1112);
#796=LINE('',#5070,#1113);
#797=LINE('',#5073,#1114);
#798=LINE('',#5074,#1115);
#799=LINE('',#5077,#1116);
#800=LINE('',#5078,#1117);
#801=LINE('',#5080,#1118);
#802=LINE('',#5084,#1119);
#803=LINE('',#5089,#1120);
#804=LINE('',#5093,#1121);
#805=LINE('',#5094,#1122);
#806=LINE('',#5095,#1123);
#807=LINE('',#5099,#1124);
#808=LINE('',#5102,#1125);
#809=LINE('',#5105,#1126);
#810=LINE('',#5108,#1127);
#811=LINE('',#5114,#1128);
#812=LINE('',#5115,#1129);
#813=LINE('',#5116,#1130);
#814=LINE('',#5120,#1131);
#815=LINE('',#5122,#1132);
#816=LINE('',#5124,#1133);
#817=LINE('',#5125,#1134);
#818=LINE('',#5131,#1135);
#819=LINE('',#5135,#1136);
#820=LINE('',#5139,#1137);
#821=LINE('',#5140,#1138);
#822=LINE('',#5142,#1139);
#823=LINE('',#5147,#1140);
#824=LINE('',#5153,#1141);
#825=LINE('',#5154,#1142);
#826=LINE('',#5157,#1143);
#827=LINE('',#5162,#1144);
#828=LINE('',#5164,#1145);
#829=LINE('',#5165,#1146);
#830=LINE('',#5166,#1147);
#831=LINE('',#5168,#1148);
#832=LINE('',#5172,#1149);
#833=LINE('',#5180,#1150);
#834=LINE('',#5182,#1151);
#835=LINE('',#5185,#1152);
#836=LINE('',#5189,#1153);
#837=LINE('',#5192,#1154);
#838=VECTOR('',#3285,10.);
#839=VECTOR('',#3286,10.);
#840=VECTOR('',#3287,10.);
#841=VECTOR('',#3288,10.);
#842=VECTOR('',#3293,1.7);
#843=VECTOR('',#3302,10.);
#844=VECTOR('',#3307,10.);
#845=VECTOR('',#3308,10.);
#846=VECTOR('',#3309,10.);
#847=VECTOR('',#3312,10.);
#848=VECTOR('',#3313,10.);
#849=VECTOR('',#3314,10.);
#850=VECTOR('',#3315,10.);
#851=VECTOR('',#3320,1.7);
#852=VECTOR('',#3325,10.);
#853=VECTOR('',#3334,10.);
#854=VECTOR('',#3335,10.);
#855=VECTOR('',#3336,10.);
#856=VECTOR('',#3337,10.);
#857=VECTOR('',#3342,10.);
#858=VECTOR('',#3345,1.7);
#859=VECTOR('',#3356,10.);
#860=VECTOR('',#3357,10.);
#861=VECTOR('',#3358,10.);
#862=VECTOR('',#3361,10.);
#863=VECTOR('',#3362,10.);
#864=VECTOR('',#3363,10.);
#865=VECTOR('',#3364,10.);
#866=VECTOR('',#3369,10.);
#867=VECTOR('',#3376,1.7);
#868=VECTOR('',#3383,10.);
#869=VECTOR('',#3384,10.);
#870=VECTOR('',#3385,10.);
#871=VECTOR('',#3388,10.);
#872=VECTOR('',#3389,10.);
#873=VECTOR('',#3390,10.);
#874=VECTOR('',#3395,10.);
#875=VECTOR('',#3396,10.);
#876=VECTOR('',#3399,10.);
#877=VECTOR('',#3400,10.);
#878=VECTOR('',#3401,10.);
#879=VECTOR('',#3402,10.);
#880=VECTOR('',#3403,10.);
#881=VECTOR('',#3404,10.);
#882=VECTOR('',#3407,10.);
#883=VECTOR('',#3408,10.);
#884=VECTOR('',#3409,10.);
#885=VECTOR('',#3410,10.);
#886=VECTOR('',#3411,10.);
#887=VECTOR('',#3412,10.);
#888=VECTOR('',#3417,10.);
#889=VECTOR('',#3420,10.);
#890=VECTOR('',#3421,10.);
#891=VECTOR('',#3422,10.);
#892=VECTOR('',#3427,10.);
#893=VECTOR('',#3428,10.);
#894=VECTOR('',#3429,10.);
#895=VECTOR('',#3432,10.);
#896=VECTOR('',#3435,10.);
#897=VECTOR('',#3436,10.);
#898=VECTOR('',#3437,10.);
#899=VECTOR('',#3440,10.);
#900=VECTOR('',#3441,10.);
#901=VECTOR('',#3442,10.);
#902=VECTOR('',#3443,10.);
#903=VECTOR('',#3444,10.);
#904=VECTOR('',#3445,10.);
#905=VECTOR('',#3446,10.);
#906=VECTOR('',#3447,10.);
#907=VECTOR('',#3448,10.);
#908=VECTOR('',#3449,10.);
#909=VECTOR('',#3450,10.);
#910=VECTOR('',#3451,10.);
#911=VECTOR('',#3452,10.);
#912=VECTOR('',#3453,10.);
#913=VECTOR('',#3456,10.);
#914=VECTOR('',#3459,10.);
#915=VECTOR('',#3460,10.);
#916=VECTOR('',#3461,10.);
#917=VECTOR('',#3466,3.);
#918=VECTOR('',#3469,10.);
#919=VECTOR('',#3472,10.);
#920=VECTOR('',#3477,10.);
#921=VECTOR('',#3478,10.);
#922=VECTOR('',#3479,10.);
#923=VECTOR('',#3482,10.);
#924=VECTOR('',#3483,10.);
#925=VECTOR('',#3484,10.);
#926=VECTOR('',#3491,10.);
#927=VECTOR('',#3494,10.);
#928=VECTOR('',#3497,10.);
#929=VECTOR('',#3498,10.);
#930=VECTOR('',#3499,10.);
#931=VECTOR('',#3504,10.);
#932=VECTOR('',#3505,10.);
#933=VECTOR('',#3508,10.);
#934=VECTOR('',#3509,10.);
#935=VECTOR('',#3510,10.);
#936=VECTOR('',#3511,10.);
#937=VECTOR('',#3512,10.);
#938=VECTOR('',#3513,10.);
#939=VECTOR('',#3516,10.);
#940=VECTOR('',#3517,10.);
#941=VECTOR('',#3518,10.);
#942=VECTOR('',#3519,10.);
#943=VECTOR('',#3520,10.);
#944=VECTOR('',#3521,10.);
#945=VECTOR('',#3526,10.);
#946=VECTOR('',#3527,10.);
#947=VECTOR('',#3528,10.);
#948=VECTOR('',#3531,10.);
#949=VECTOR('',#3536,10.);
#950=VECTOR('',#3539,10.);
#951=VECTOR('',#3540,10.);
#952=VECTOR('',#3541,10.);
#953=VECTOR('',#3544,10.);
#954=VECTOR('',#3547,10.);
#955=VECTOR('',#3548,10.);
#956=VECTOR('',#3549,10.);
#957=VECTOR('',#3554,3.);
#958=VECTOR('',#3563,10.);
#959=VECTOR('',#3566,10.);
#960=VECTOR('',#3569,10.);
#961=VECTOR('',#3570,10.);
#962=VECTOR('',#3571,10.);
#963=VECTOR('',#3574,10.);
#964=VECTOR('',#3575,10.);
#965=VECTOR('',#3576,10.);
#966=VECTOR('',#3581,10.);
#967=VECTOR('',#3582,10.);
#968=VECTOR('',#3583,10.);
#969=VECTOR('',#3584,10.);
#970=VECTOR('',#3585,10.);
#971=VECTOR('',#3586,10.);
#972=VECTOR('',#3587,10.);
#973=VECTOR('',#3588,10.);
#974=VECTOR('',#3589,10.);
#975=VECTOR('',#3590,10.);
#976=VECTOR('',#3593,10.);
#977=VECTOR('',#3594,10.);
#978=VECTOR('',#3595,10.);
#979=VECTOR('',#3596,10.);
#980=VECTOR('',#3597,10.);
#981=VECTOR('',#3598,10.);
#982=VECTOR('',#3599,10.);
#983=VECTOR('',#3604,10.);
#984=VECTOR('',#3609,3.00000000000007);
#985=VECTOR('',#3614,10.);
#986=VECTOR('',#3619,10.);
#987=VECTOR('',#3620,10.);
#988=VECTOR('',#3621,10.);
#989=VECTOR('',#3622,10.);
#990=VECTOR('',#3627,10.);
#991=VECTOR('',#3630,10.);
#992=VECTOR('',#3637,10.);
#993=VECTOR('',#3640,10.);
#994=VECTOR('',#3647,10.);
#995=VECTOR('',#3650,10.);
#996=VECTOR('',#3651,10.);
#997=VECTOR('',#3652,10.);
#998=VECTOR('',#3653,10.);
#999=VECTOR('',#3654,10.);
#1000=VECTOR('',#3657,10.);
#1001=VECTOR('',#3658,10.);
#1002=VECTOR('',#3659,10.);
#1003=VECTOR('',#3662,10.);
#1004=VECTOR('',#3665,10.);
#1005=VECTOR('',#3670,10.);
#1006=VECTOR('',#3675,10.);
#1007=VECTOR('',#3678,10.);
#1008=VECTOR('',#3679,10.);
#1009=VECTOR('',#3680,10.);
#1010=VECTOR('',#3681,10.);
#1011=VECTOR('',#3682,10.);
#1012=VECTOR('',#3685,10.);
#1013=VECTOR('',#3686,10.);
#1014=VECTOR('',#3687,10.);
#1015=VECTOR('',#3688,9.99999999999999);
#1016=VECTOR('',#3691,10.);
#1017=VECTOR('',#3692,9.99999999999999);
#1018=VECTOR('',#3693,10.);
#1019=VECTOR('',#3696,10.);
#1020=VECTOR('',#3697,10.);
#1021=VECTOR('',#3700,10.);
#1022=VECTOR('',#3701,10.);
#1023=VECTOR('',#3702,10.);
#1024=VECTOR('',#3707,3.2);
#1025=VECTOR('',#3714,10.);
#1026=VECTOR('',#3715,10.);
#1027=VECTOR('',#3716,10.);
#1028=VECTOR('',#3719,10.);
#1029=VECTOR('',#3720,10.);
#1030=VECTOR('',#3727,10.);
#1031=VECTOR('',#3728,10.);
#1032=VECTOR('',#3735,1.9);
#1033=VECTOR('',#3740,10.);
#1034=VECTOR('',#3741,10.);
#1035=VECTOR('',#3744,10.);
#1036=VECTOR('',#3745,10.);
#1037=VECTOR('',#3746,10.);
#1038=VECTOR('',#3747,10.);
#1039=VECTOR('',#3750,10.);
#1040=VECTOR('',#3751,10.);
#1041=VECTOR('',#3752,10.);
#1042=VECTOR('',#3755,10.);
#1043=VECTOR('',#3758,10.);
#1044=VECTOR('',#3759,10.);
#1045=VECTOR('',#3762,10.);
#1046=VECTOR('',#3765,10.);
#1047=VECTOR('',#3766,10.);
#1048=VECTOR('',#3771,10.);
#1049=VECTOR('',#3776,10.);
#1050=VECTOR('',#3777,10.);
#1051=VECTOR('',#3778,10.);
#1052=VECTOR('',#3787,1.69999999999998);
#1053=VECTOR('',#3790,10.);
#1054=VECTOR('',#3793,10.);
#1055=VECTOR('',#3800,1.7);
#1056=VECTOR('',#3803,1.9);
#1057=VECTOR('',#3808,10.);
#1058=VECTOR('',#3809,10.);
#1059=VECTOR('',#3812,10.);
#1060=VECTOR('',#3813,10.);
#1061=VECTOR('',#3816,10.);
#1062=VECTOR('',#3817,10.);
#1063=VECTOR('',#3818,10.);
#1064=VECTOR('',#3823,10.);
#1065=VECTOR('',#3826,10.);
#1066=VECTOR('',#3827,10.);
#1067=VECTOR('',#3832,10.);
#1068=VECTOR('',#3835,10.);
#1069=VECTOR('',#3838,10.);
#1070=VECTOR('',#3843,10.);
#1071=VECTOR('',#3848,10.);
#1072=VECTOR('',#3851,10.);
#1073=VECTOR('',#3852,10.);
#1074=VECTOR('',#3855,10.);
#1075=VECTOR('',#3860,10.);
#1076=VECTOR('',#3861,10.);
#1077=VECTOR('',#3862,10.);
#1078=VECTOR('',#3863,10.);
#1079=VECTOR('',#3864,10.);
#1080=VECTOR('',#3867,10.);
#1081=VECTOR('',#3868,10.);
#1082=VECTOR('',#3869,10.);
#1083=VECTOR('',#3872,10.);
#1084=VECTOR('',#3877,10.);
#1085=VECTOR('',#3880,10.);
#1086=VECTOR('',#3881,10.);
#1087=VECTOR('',#3884,10.);
#1088=VECTOR('',#3885,10.);
#1089=VECTOR('',#3886,10.);
#1090=VECTOR('',#3887,10.);
#1091=VECTOR('',#3890,9.99999999999999);
#1092=VECTOR('',#3891,10.);
#1093=VECTOR('',#3892,10.);
#1094=VECTOR('',#3895,10.);
#1095=VECTOR('',#3898,10.);
#1096=VECTOR('',#3899,10.);
#1097=VECTOR('',#3902,10.);
#1098=VECTOR('',#3909,10.);
#1099=VECTOR('',#3910,10.);
#1100=VECTOR('',#3911,10.);
#1101=VECTOR('',#3918,1.69999999999998);
#1102=VECTOR('',#3923,10.);
#1103=VECTOR('',#3926,10.);
#1104=VECTOR('',#3931,1.7);
#1105=VECTOR('',#3936,1.9);
#1106=VECTOR('',#3941,10.);
#1107=VECTOR('',#3944,10.);
#1108=VECTOR('',#3949,10.);
#1109=VECTOR('',#3952,10.);
#1110=VECTOR('',#3955,10.);
#1111=VECTOR('',#3956,10.);
#1112=VECTOR('',#3957,10.);
#1113=VECTOR('',#3960,10.);
#1114=VECTOR('',#3963,10.);
#1115=VECTOR('',#3964,10.);
#1116=VECTOR('',#3967,10.);
#1117=VECTOR('',#3968,10.);
#1118=VECTOR('',#3971,10.);
#1119=VECTOR('',#3976,10.);
#1120=VECTOR('',#3981,10.);
#1121=VECTOR('',#3984,10.);
#1122=VECTOR('',#3985,10.);
#1123=VECTOR('',#3986,10.);
#1124=VECTOR('',#3993,10.);
#1125=VECTOR('',#3996,3.);
#1126=VECTOR('',#4001,10.);
#1127=VECTOR('',#4004,3.2);
#1128=VECTOR('',#4011,10.);
#1129=VECTOR('',#4012,10.);
#1130=VECTOR('',#4013,10.);
#1131=VECTOR('',#4016,10.);
#1132=VECTOR('',#4017,10.);
#1133=VECTOR('',#4018,10.);
#1134=VECTOR('',#4019,10.);
#1135=VECTOR('',#4028,10.);
#1136=VECTOR('',#4033,10.);
#1137=VECTOR('',#4038,10.);
#1138=VECTOR('',#4039,10.);
#1139=VECTOR('',#4042,10.);
#1140=VECTOR('',#4047,3.);
#1141=VECTOR('',#4054,10.);
#1142=VECTOR('',#4055,10.);
#1143=VECTOR('',#4058,10.);
#1144=VECTOR('',#4065,10.);
#1145=VECTOR('',#4066,10.);
#1146=VECTOR('',#4067,10.);
#1147=VECTOR('',#4068,10.);
#1148=VECTOR('',#4071,10.);
#1149=VECTOR('',#4076,1.7);
#1150=VECTOR('',#4087,1.9);
#1151=VECTOR('',#4090,9.99999999999999);
#1152=VECTOR('',#4095,10.);
#1153=VECTOR('',#4102,10.);
#1154=VECTOR('',#4107,10.);
#1155=VERTEX_POINT('',#4112);
#1156=VERTEX_POINT('',#4113);
#1157=VERTEX_POINT('',#4115);
#1158=VERTEX_POINT('',#4117);
#1159=VERTEX_POINT('',#4121);
#1160=VERTEX_POINT('',#4123);
#1161=VERTEX_POINT('',#4125);
#1162=VERTEX_POINT('',#4127);
#1163=VERTEX_POINT('',#4130);
#1164=VERTEX_POINT('',#4132);
#1165=VERTEX_POINT('',#4136);
#1166=VERTEX_POINT('',#4138);
#1167=VERTEX_POINT('',#4142);
#1168=VERTEX_POINT('',#4143);
#1169=VERTEX_POINT('',#4145);
#1170=VERTEX_POINT('',#4147);
#1171=VERTEX_POINT('',#4151);
#1172=VERTEX_POINT('',#4153);
#1173=VERTEX_POINT('',#4156);
#1174=VERTEX_POINT('',#4158);
#1175=VERTEX_POINT('',#4160);
#1176=VERTEX_POINT('',#4162);
#1177=VERTEX_POINT('',#4166);
#1178=VERTEX_POINT('',#4167);
#1179=VERTEX_POINT('',#4169);
#1180=VERTEX_POINT('',#4171);
#1181=VERTEX_POINT('',#4175);
#1182=VERTEX_POINT('',#4177);
#1183=VERTEX_POINT('',#4179);
#1184=VERTEX_POINT('',#4181);
#1185=VERTEX_POINT('',#4184);
#1186=VERTEX_POINT('',#4186);
#1187=VERTEX_POINT('',#4190);
#1188=VERTEX_POINT('',#4192);
#1189=VERTEX_POINT('',#4196);
#1190=VERTEX_POINT('',#4197);
#1191=VERTEX_POINT('',#4199);
#1192=VERTEX_POINT('',#4201);
#1193=VERTEX_POINT('',#4205);
#1194=VERTEX_POINT('',#4207);
#1195=VERTEX_POINT('',#4209);
#1196=VERTEX_POINT('',#4211);
#1197=VERTEX_POINT('',#4213);
#1198=VERTEX_POINT('',#4215);
#1199=VERTEX_POINT('',#4220);
#1200=VERTEX_POINT('',#4222);
#1201=VERTEX_POINT('',#4226);
#1202=VERTEX_POINT('',#4228);
#1203=VERTEX_POINT('',#4232);
#1204=VERTEX_POINT('',#4233);
#1205=VERTEX_POINT('',#4235);
#1206=VERTEX_POINT('',#4239);
#1207=VERTEX_POINT('',#4240);
#1208=VERTEX_POINT('',#4242);
#1209=VERTEX_POINT('',#4244);
#1210=VERTEX_POINT('',#4246);
#1211=VERTEX_POINT('',#4248);
#1212=VERTEX_POINT('',#4252);
#1213=VERTEX_POINT('',#4253);
#1214=VERTEX_POINT('',#4255);
#1215=VERTEX_POINT('',#4257);
#1216=VERTEX_POINT('',#4259);
#1217=VERTEX_POINT('',#4261);
#1218=VERTEX_POINT('',#4265);
#1219=VERTEX_POINT('',#4266);
#1220=VERTEX_POINT('',#4268);
#1221=VERTEX_POINT('',#4270);
#1222=VERTEX_POINT('',#4272);
#1223=VERTEX_POINT('',#4274);
#1224=VERTEX_POINT('',#4278);
#1225=VERTEX_POINT('',#4279);
#1226=VERTEX_POINT('',#4281);
#1227=VERTEX_POINT('',#4283);
#1228=VERTEX_POINT('',#4285);
#1229=VERTEX_POINT('',#4287);
#1230=VERTEX_POINT('',#4292);
#1231=VERTEX_POINT('',#4294);
#1232=VERTEX_POINT('',#4296);
#1233=VERTEX_POINT('',#4298);
#1234=VERTEX_POINT('',#4300);
#1235=VERTEX_POINT('',#4302);
#1236=VERTEX_POINT('',#4304);
#1237=VERTEX_POINT('',#4306);
#1238=VERTEX_POINT('',#4308);
#1239=VERTEX_POINT('',#4310);
#1240=VERTEX_POINT('',#4312);
#1241=VERTEX_POINT('',#4314);
#1242=VERTEX_POINT('',#4317);
#1243=VERTEX_POINT('',#4318);
#1244=VERTEX_POINT('',#4320);
#1245=VERTEX_POINT('',#4322);
#1246=VERTEX_POINT('',#4328);
#1247=VERTEX_POINT('',#4330);
#1248=VERTEX_POINT('',#4334);
#1249=VERTEX_POINT('',#4336);
#1250=VERTEX_POINT('',#4338);
#1251=VERTEX_POINT('',#4340);
#1252=VERTEX_POINT('',#4342);
#1253=VERTEX_POINT('',#4344);
#1254=VERTEX_POINT('',#4348);
#1255=VERTEX_POINT('',#4354);
#1256=VERTEX_POINT('',#4359);
#1257=VERTEX_POINT('',#4360);
#1258=VERTEX_POINT('',#4362);
#1259=VERTEX_POINT('',#4364);
#1260=VERTEX_POINT('',#4368);
#1261=VERTEX_POINT('',#4370);
#1262=VERTEX_POINT('',#4374);
#1263=VERTEX_POINT('',#4375);
#1264=VERTEX_POINT('',#4377);
#1265=VERTEX_POINT('',#4381);
#1266=VERTEX_POINT('',#4382);
#1267=VERTEX_POINT('',#4384);
#1268=VERTEX_POINT('',#4386);
#1269=VERTEX_POINT('',#4388);
#1270=VERTEX_POINT('',#4390);
#1271=VERTEX_POINT('',#4394);
#1272=VERTEX_POINT('',#4395);
#1273=VERTEX_POINT('',#4397);
#1274=VERTEX_POINT('',#4399);
#1275=VERTEX_POINT('',#4401);
#1276=VERTEX_POINT('',#4403);
#1277=VERTEX_POINT('',#4407);
#1278=VERTEX_POINT('',#4408);
#1279=VERTEX_POINT('',#4410);
#1280=VERTEX_POINT('',#4412);
#1281=VERTEX_POINT('',#4414);
#1282=VERTEX_POINT('',#4416);
#1283=VERTEX_POINT('',#4420);
#1284=VERTEX_POINT('',#4421);
#1285=VERTEX_POINT('',#4423);
#1286=VERTEX_POINT('',#4425);
#1287=VERTEX_POINT('',#4427);
#1288=VERTEX_POINT('',#4429);
#1289=VERTEX_POINT('',#4435);
#1290=VERTEX_POINT('',#4437);
#1291=VERTEX_POINT('',#4441);
#1292=VERTEX_POINT('',#4442);
#1293=VERTEX_POINT('',#4444);
#1294=VERTEX_POINT('',#4446);
#1295=VERTEX_POINT('',#4448);
#1296=VERTEX_POINT('',#4451);
#1297=VERTEX_POINT('',#4453);
#1298=VERTEX_POINT('',#4455);
#1299=VERTEX_POINT('',#4459);
#1300=VERTEX_POINT('',#4465);
#1301=VERTEX_POINT('',#4470);
#1302=VERTEX_POINT('',#4472);
#1303=VERTEX_POINT('',#4474);
#1304=VERTEX_POINT('',#4476);
#1305=VERTEX_POINT('',#4478);
#1306=VERTEX_POINT('',#4480);
#1307=VERTEX_POINT('',#4482);
#1308=VERTEX_POINT('',#4484);
#1309=VERTEX_POINT('',#4486);
#1310=VERTEX_POINT('',#4488);
#1311=VERTEX_POINT('',#4490);
#1312=VERTEX_POINT('',#4492);
#1313=VERTEX_POINT('',#4496);
#1314=VERTEX_POINT('',#4497);
#1315=VERTEX_POINT('',#4499);
#1316=VERTEX_POINT('',#4501);
#1317=VERTEX_POINT('',#4505);
#1318=VERTEX_POINT('',#4506);
#1319=VERTEX_POINT('',#4508);
#1320=VERTEX_POINT('',#4523);
#1321=VERTEX_POINT('',#4525);
#1322=VERTEX_POINT('',#4528);
#1323=VERTEX_POINT('',#4530);
#1324=VERTEX_POINT('',#4534);
#1325=VERTEX_POINT('',#4536);
#1326=VERTEX_POINT('',#4538);
#1327=VERTEX_POINT('',#4543);
#1328=VERTEX_POINT('',#4544);
#1329=VERTEX_POINT('',#4550);
#1330=VERTEX_POINT('',#4551);
#1331=VERTEX_POINT('',#4557);
#1332=VERTEX_POINT('',#4572);
#1333=VERTEX_POINT('',#4574);
#1334=VERTEX_POINT('',#4576);
#1335=VERTEX_POINT('',#4580);
#1336=VERTEX_POINT('',#4584);
#1337=VERTEX_POINT('',#4585);
#1338=VERTEX_POINT('',#4587);
#1339=VERTEX_POINT('',#4589);
#1340=VERTEX_POINT('',#4591);
#1341=VERTEX_POINT('',#4595);
#1342=VERTEX_POINT('',#4600);
#1343=VERTEX_POINT('',#4602);
#1344=VERTEX_POINT('',#4604);
#1345=VERTEX_POINT('',#4608);
#1346=VERTEX_POINT('',#4614);
#1347=VERTEX_POINT('',#4616);
#1348=VERTEX_POINT('',#4618);
#1349=VERTEX_POINT('',#4620);
#1350=VERTEX_POINT('',#4624);
#1351=VERTEX_POINT('',#4625);
#1352=VERTEX_POINT('',#4628);
#1353=VERTEX_POINT('',#4632);
#1354=VERTEX_POINT('',#4637);
#1355=VERTEX_POINT('',#4642);
#1356=VERTEX_POINT('',#4644);
#1357=VERTEX_POINT('',#4648);
#1358=VERTEX_POINT('',#4653);
#1359=VERTEX_POINT('',#4655);
#1360=VERTEX_POINT('',#4659);
#1361=VERTEX_POINT('',#4665);
#1362=VERTEX_POINT('',#4668);
#1363=VERTEX_POINT('',#4671);
#1364=VERTEX_POINT('',#4675);
#1365=VERTEX_POINT('',#4676);
#1366=VERTEX_POINT('',#4681);
#1367=VERTEX_POINT('',#4682);
#1368=VERTEX_POINT('',#4684);
#1369=VERTEX_POINT('',#4686);
#1370=VERTEX_POINT('',#4691);
#1371=VERTEX_POINT('',#4697);
#1372=VERTEX_POINT('',#4703);
#1373=VERTEX_POINT('',#4707);
#1374=VERTEX_POINT('',#4709);
#1375=VERTEX_POINT('',#4713);
#1376=VERTEX_POINT('',#4715);
#1377=VERTEX_POINT('',#4719);
#1378=VERTEX_POINT('',#4722);
#1379=VERTEX_POINT('',#4723);
#1380=VERTEX_POINT('',#4730);
#1381=VERTEX_POINT('',#4779);
#1382=VERTEX_POINT('',#4784);
#1383=VERTEX_POINT('',#4829);
#1384=VERTEX_POINT('',#4832);
#1385=VERTEX_POINT('',#4836);
#1386=VERTEX_POINT('',#4840);
#1387=VERTEX_POINT('',#4844);
#1388=VERTEX_POINT('',#4848);
#1389=VERTEX_POINT('',#4856);
#1390=VERTEX_POINT('',#4865);
#1391=VERTEX_POINT('',#4867);
#1392=VERTEX_POINT('',#4869);
#1393=VERTEX_POINT('',#4873);
#1394=VERTEX_POINT('',#4874);
#1395=VERTEX_POINT('',#4890);
#1396=VERTEX_POINT('',#4892);
#1397=VERTEX_POINT('',#4898);
#1398=VERTEX_POINT('',#4902);
#1399=VERTEX_POINT('',#4906);
#1400=VERTEX_POINT('',#4907);
#1401=VERTEX_POINT('',#4909);
#1402=VERTEX_POINT('',#4911);
#1403=VERTEX_POINT('',#4915);
#1404=VERTEX_POINT('',#4922);
#1405=VERTEX_POINT('',#4930);
#1406=VERTEX_POINT('',#4932);
#1407=VERTEX_POINT('',#4936);
#1408=VERTEX_POINT('',#4939);
#1409=VERTEX_POINT('',#4941);
#1410=VERTEX_POINT('',#4948);
#1411=VERTEX_POINT('',#4996);
#1412=VERTEX_POINT('',#5044);
#1413=VERTEX_POINT('',#5047);
#1414=VERTEX_POINT('',#5051);
#1415=VERTEX_POINT('',#5064);
#1416=VERTEX_POINT('',#5066);
#1417=VERTEX_POINT('',#5072);
#1418=VERTEX_POINT('',#5076);
#1419=VERTEX_POINT('',#5083);
#1420=VERTEX_POINT('',#5085);
#1421=VERTEX_POINT('',#5087);
#1422=VERTEX_POINT('',#5091);
#1423=VERTEX_POINT('',#5092);
#1424=VERTEX_POINT('',#5101);
#1425=VERTEX_POINT('',#5107);
#1426=VERTEX_POINT('',#5112);
#1427=VERTEX_POINT('',#5113);
#1428=VERTEX_POINT('',#5118);
#1429=VERTEX_POINT('',#5119);
#1430=VERTEX_POINT('',#5121);
#1431=VERTEX_POINT('',#5123);
#1432=VERTEX_POINT('',#5130);
#1433=VERTEX_POINT('',#5134);
#1434=VERTEX_POINT('',#5138);
#1435=VERTEX_POINT('',#5144);
#1436=VERTEX_POINT('',#5145);
#1437=VERTEX_POINT('',#5148);
#1438=VERTEX_POINT('',#5152);
#1439=VERTEX_POINT('',#5156);
#1440=VERTEX_POINT('',#5160);
#1441=VERTEX_POINT('',#5163);
#1442=VERTEX_POINT('',#5171);
#1443=VERTEX_POINT('',#5173);
#1444=VERTEX_POINT('',#5177);
#1445=EDGE_CURVE('',#1155,#1156,#521,.T.);
#1446=EDGE_CURVE('',#1156,#1157,#522,.T.);
#1447=EDGE_CURVE('',#1158,#1157,#523,.T.);
#1448=EDGE_CURVE('',#1155,#1158,#524,.T.);
#1449=EDGE_CURVE('',#1159,#1159,#78,.T.);
#1450=EDGE_CURVE('',#1159,#1160,#525,.T.);
#1451=EDGE_CURVE('',#1160,#1161,#79,.T.);
#1452=EDGE_CURVE('',#1161,#1162,#80,.T.);
#1453=EDGE_CURVE('',#1162,#1157,#81,.T.);
#1454=EDGE_CURVE('',#1156,#1163,#82,.T.);
#1455=EDGE_CURVE('',#1164,#1163,#526,.T.);
#1456=EDGE_CURVE('',#1164,#1160,#83,.T.);
#1457=EDGE_CURVE('',#1163,#1165,#527,.T.);
#1458=EDGE_CURVE('',#1166,#1165,#528,.T.);
#1459=EDGE_CURVE('',#1164,#1166,#529,.T.);
#1460=EDGE_CURVE('',#1167,#1168,#530,.T.);
#1461=EDGE_CURVE('',#1168,#1169,#531,.T.);
#1462=EDGE_CURVE('',#1170,#1169,#532,.T.);
#1463=EDGE_CURVE('',#1167,#1170,#533,.T.);
#1464=EDGE_CURVE('',#1171,#1171,#84,.T.);
#1465=EDGE_CURVE('',#1171,#1172,#534,.T.);
#1466=EDGE_CURVE('',#1172,#1169,#85,.T.);
#1467=EDGE_CURVE('',#1168,#1173,#86,.T.);
#1468=EDGE_CURVE('',#1174,#1173,#535,.T.);
#1469=EDGE_CURVE('',#1174,#1175,#87,.T.);
#1470=EDGE_CURVE('',#1175,#1176,#88,.T.);
#1471=EDGE_CURVE('',#1176,#1172,#89,.T.);
#1472=EDGE_CURVE('',#1177,#1178,#536,.T.);
#1473=EDGE_CURVE('',#1178,#1179,#537,.T.);
#1474=EDGE_CURVE('',#1180,#1179,#538,.T.);
#1475=EDGE_CURVE('',#1177,#1180,#539,.T.);
#1476=EDGE_CURVE('',#1178,#1181,#90,.T.);
#1477=EDGE_CURVE('',#1182,#1181,#540,.T.);
#1478=EDGE_CURVE('',#1183,#1182,#91,.T.);
#1479=EDGE_CURVE('',#1183,#1184,#541,.T.);
#1480=EDGE_CURVE('',#1184,#1184,#92,.T.);
#1481=EDGE_CURVE('',#1185,#1183,#93,.T.);
#1482=EDGE_CURVE('',#1186,#1185,#94,.T.);
#1483=EDGE_CURVE('',#1179,#1186,#95,.T.);
#1484=EDGE_CURVE('',#1181,#1187,#542,.T.);
#1485=EDGE_CURVE('',#1188,#1187,#543,.T.);
#1486=EDGE_CURVE('',#1182,#1188,#544,.T.);
#1487=EDGE_CURVE('',#1189,#1190,#545,.T.);
#1488=EDGE_CURVE('',#1190,#1191,#546,.T.);
#1489=EDGE_CURVE('',#1192,#1191,#547,.T.);
#1490=EDGE_CURVE('',#1189,#1192,#548,.T.);
#1491=EDGE_CURVE('',#1190,#1193,#96,.T.);
#1492=EDGE_CURVE('',#1194,#1193,#549,.T.);
#1493=EDGE_CURVE('',#1195,#1194,#97,.T.);
#1494=EDGE_CURVE('',#1196,#1195,#98,.T.);
#1495=EDGE_CURVE('',#1197,#1196,#99,.T.);
#1496=EDGE_CURVE('',#1197,#1198,#550,.T.);
#1497=EDGE_CURVE('',#1198,#1198,#100,.T.);
#1498=EDGE_CURVE('',#1191,#1197,#101,.T.);
#1499=EDGE_CURVE('',#1193,#1199,#551,.T.);
#1500=EDGE_CURVE('',#1200,#1199,#552,.T.);
#1501=EDGE_CURVE('',#1194,#1200,#553,.T.);
#1502=EDGE_CURVE('',#1173,#1201,#554,.T.);
#1503=EDGE_CURVE('',#1202,#1201,#555,.T.);
#1504=EDGE_CURVE('',#1174,#1202,#556,.T.);
#1505=EDGE_CURVE('',#1203,#1204,#102,.T.);
#1506=EDGE_CURVE('',#1203,#1205,#557,.T.);
#1507=EDGE_CURVE('',#1204,#1205,#558,.T.);
#1508=EDGE_CURVE('',#1206,#1207,#559,.T.);
#1509=EDGE_CURVE('',#1208,#1206,#560,.T.);
#1510=EDGE_CURVE('',#1209,#1208,#561,.T.);
#1511=EDGE_CURVE('',#1210,#1209,#562,.T.);
#1512=EDGE_CURVE('',#1211,#1210,#563,.T.);
#1513=EDGE_CURVE('',#1207,#1211,#564,.T.);
#1514=EDGE_CURVE('',#1212,#1213,#565,.T.);
#1515=EDGE_CURVE('',#1214,#1212,#566,.T.);
#1516=EDGE_CURVE('',#1215,#1214,#567,.T.);
#1517=EDGE_CURVE('',#1216,#1215,#568,.T.);
#1518=EDGE_CURVE('',#1217,#1216,#569,.T.);
#1519=EDGE_CURVE('',#1213,#1217,#570,.T.);
#1520=EDGE_CURVE('',#1218,#1219,#103,.T.);
#1521=EDGE_CURVE('',#1220,#1218,#571,.T.);
#1522=EDGE_CURVE('',#1221,#1220,#104,.T.);
#1523=EDGE_CURVE('',#1222,#1221,#572,.T.);
#1524=EDGE_CURVE('',#1223,#1222,#573,.T.);
#1525=EDGE_CURVE('',#1219,#1223,#574,.T.);
#1526=EDGE_CURVE('',#1224,#1225,#105,.T.);
#1527=EDGE_CURVE('',#1226,#1224,#575,.T.);
#1528=EDGE_CURVE('',#1227,#1226,#576,.T.);
#1529=EDGE_CURVE('',#1228,#1227,#577,.T.);
#1530=EDGE_CURVE('',#1229,#1228,#106,.T.);
#1531=EDGE_CURVE('',#1225,#1229,#578,.T.);
#1532=EDGE_CURVE('',#1225,#1218,#579,.T.);
#1533=EDGE_CURVE('',#1220,#1230,#580,.T.);
#1534=EDGE_CURVE('',#1230,#1231,#581,.T.);
#1535=EDGE_CURVE('',#1231,#1232,#62,.T.);
#1536=EDGE_CURVE('',#1233,#1232,#582,.T.);
#1537=EDGE_CURVE('',#1233,#1234,#583,.T.);
#1538=EDGE_CURVE('',#1234,#1235,#584,.T.);
#1539=EDGE_CURVE('',#1235,#1236,#585,.T.);
#1540=EDGE_CURVE('',#1236,#1237,#586,.T.);
#1541=EDGE_CURVE('',#1237,#1238,#587,.T.);
#1542=EDGE_CURVE('',#1238,#1239,#588,.T.);
#1543=EDGE_CURVE('',#1240,#1239,#589,.T.);
#1544=EDGE_CURVE('',#1240,#1241,#590,.T.);
#1545=EDGE_CURVE('',#1241,#1229,#591,.T.);
#1546=EDGE_CURVE('',#1242,#1243,#592,.T.);
#1547=EDGE_CURVE('',#1244,#1242,#593,.F.);
#1548=EDGE_CURVE('',#1245,#1244,#594,.T.);
#1549=EDGE_CURVE('',#1243,#1245,#595,.F.);
#1550=EDGE_CURVE('',#1200,#1195,#596,.T.);
#1551=EDGE_CURVE('',#1246,#1199,#597,.T.);
#1552=EDGE_CURVE('',#1246,#1247,#598,.T.);
#1553=EDGE_CURVE('',#1195,#1247,#599,.T.);
#1554=EDGE_CURVE('',#1248,#1248,#107,.T.);
#1555=EDGE_CURVE('',#1248,#1249,#600,.T.);
#1556=EDGE_CURVE('',#1250,#1249,#108,.T.);
#1557=EDGE_CURVE('',#1251,#1250,#601,.T.);
#1558=EDGE_CURVE('',#1252,#1251,#109,.T.);
#1559=EDGE_CURVE('',#1252,#1253,#602,.T.);
#1560=EDGE_CURVE('',#1249,#1253,#110,.T.);
#1561=EDGE_CURVE('',#1189,#1254,#603,.T.);
#1562=EDGE_CURVE('',#1254,#1250,#604,.T.);
#1563=EDGE_CURVE('',#1253,#1246,#605,.T.);
#1564=EDGE_CURVE('',#1197,#1192,#606,.T.);
#1565=EDGE_CURVE('',#1255,#1197,#607,.T.);
#1566=EDGE_CURVE('',#1254,#1255,#608,.T.);
#1567=EDGE_CURVE('',#1256,#1257,#111,.T.);
#1568=EDGE_CURVE('',#1258,#1257,#609,.T.);
#1569=EDGE_CURVE('',#1258,#1259,#112,.T.);
#1570=EDGE_CURVE('',#1259,#1256,#610,.T.);
#1571=EDGE_CURVE('',#1257,#1260,#611,.T.);
#1572=EDGE_CURVE('',#1260,#1261,#612,.T.);
#1573=EDGE_CURVE('',#1261,#1258,#613,.T.);
#1574=EDGE_CURVE('',#1262,#1263,#113,.T.);
#1575=EDGE_CURVE('',#1263,#1264,#614,.T.);
#1576=EDGE_CURVE('',#1264,#1262,#615,.T.);
#1577=EDGE_CURVE('',#1265,#1266,#616,.T.);
#1578=EDGE_CURVE('',#1267,#1265,#617,.T.);
#1579=EDGE_CURVE('',#1268,#1267,#618,.T.);
#1580=EDGE_CURVE('',#1269,#1268,#619,.T.);
#1581=EDGE_CURVE('',#1270,#1269,#620,.T.);
#1582=EDGE_CURVE('',#1266,#1270,#621,.T.);
#1583=EDGE_CURVE('',#1271,#1272,#622,.T.);
#1584=EDGE_CURVE('',#1273,#1271,#623,.T.);
#1585=EDGE_CURVE('',#1274,#1273,#624,.T.);
#1586=EDGE_CURVE('',#1275,#1274,#625,.T.);
#1587=EDGE_CURVE('',#1276,#1275,#626,.T.);
#1588=EDGE_CURVE('',#1272,#1276,#627,.T.);
#1589=EDGE_CURVE('',#1277,#1278,#114,.T.);
#1590=EDGE_CURVE('',#1279,#1277,#628,.T.);
#1591=EDGE_CURVE('',#1280,#1279,#629,.T.);
#1592=EDGE_CURVE('',#1281,#1280,#630,.T.);
#1593=EDGE_CURVE('',#1282,#1281,#115,.T.);
#1594=EDGE_CURVE('',#1278,#1282,#631,.T.);
#1595=EDGE_CURVE('',#1283,#1284,#116,.T.);
#1596=EDGE_CURVE('',#1285,#1283,#632,.T.);
#1597=EDGE_CURVE('',#1286,#1285,#117,.T.);
#1598=EDGE_CURVE('',#1287,#1286,#633,.T.);
#1599=EDGE_CURVE('',#1288,#1287,#634,.T.);
#1600=EDGE_CURVE('',#1284,#1288,#635,.T.);
#1601=EDGE_CURVE('',#1175,#1202,#636,.T.);
#1602=EDGE_CURVE('',#1201,#1289,#637,.T.);
#1603=EDGE_CURVE('',#1289,#1290,#638,.T.);
#1604=EDGE_CURVE('',#1290,#1175,#639,.T.);
#1605=EDGE_CURVE('',#1291,#1292,#118,.T.);
#1606=EDGE_CURVE('',#1292,#1293,#640,.T.);
#1607=EDGE_CURVE('',#1293,#1294,#63,.T.);
#1608=EDGE_CURVE('',#1295,#1294,#64,.T.);
#1609=EDGE_CURVE('',#1295,#1293,#65,.T.);
#1610=EDGE_CURVE('',#1292,#1296,#119,.T.);
#1611=EDGE_CURVE('',#1297,#1296,#641,.T.);
#1612=EDGE_CURVE('',#1298,#1297,#120,.T.);
#1613=EDGE_CURVE('',#1298,#1291,#642,.T.);
#1614=EDGE_CURVE('',#1299,#1167,#643,.T.);
#1615=EDGE_CURVE('',#1296,#1299,#644,.T.);
#1616=EDGE_CURVE('',#1289,#1291,#645,.T.);
#1617=EDGE_CURVE('',#1170,#1172,#646,.T.);
#1618=EDGE_CURVE('',#1172,#1300,#647,.T.);
#1619=EDGE_CURVE('',#1299,#1300,#648,.T.);
#1620=EDGE_CURVE('',#1285,#1301,#649,.T.);
#1621=EDGE_CURVE('',#1301,#1302,#650,.T.);
#1622=EDGE_CURVE('',#1302,#1303,#651,.T.);
#1623=EDGE_CURVE('',#1303,#1304,#652,.T.);
#1624=EDGE_CURVE('',#1305,#1304,#653,.T.);
#1625=EDGE_CURVE('',#1305,#1306,#654,.T.);
#1626=EDGE_CURVE('',#1306,#1307,#655,.T.);
#1627=EDGE_CURVE('',#1308,#1307,#656,.T.);
#1628=EDGE_CURVE('',#1309,#1308,#657,.T.);
#1629=EDGE_CURVE('',#1309,#1310,#658,.T.);
#1630=EDGE_CURVE('',#1310,#1311,#66,.T.);
#1631=EDGE_CURVE('',#1311,#1312,#659,.T.);
#1632=EDGE_CURVE('',#1312,#1282,#660,.T.);
#1633=EDGE_CURVE('',#1278,#1283,#661,.T.);
#1634=EDGE_CURVE('',#1313,#1314,#662,.F.);
#1635=EDGE_CURVE('',#1314,#1315,#663,.T.);
#1636=EDGE_CURVE('',#1315,#1316,#664,.F.);
#1637=EDGE_CURVE('',#1316,#1313,#665,.T.);
#1638=EDGE_CURVE('',#1317,#1318,#121,.T.);
#1639=EDGE_CURVE('',#1318,#1319,#666,.T.);
#1640=EDGE_CURVE('',#1319,#1317,#30,.T.);
#1641=EDGE_CURVE('',#1318,#1320,#122,.T.);
#1642=EDGE_CURVE('',#1320,#1321,#667,.T.);
#1643=EDGE_CURVE('',#1321,#1321,#123,.T.);
#1644=EDGE_CURVE('',#1320,#1322,#124,.T.);
#1645=EDGE_CURVE('',#1323,#1322,#668,.T.);
#1646=EDGE_CURVE('',#1319,#1323,#125,.T.);
#1647=EDGE_CURVE('',#1301,#1324,#669,.T.);
#1648=EDGE_CURVE('',#1325,#1324,#670,.T.);
#1649=EDGE_CURVE('',#1326,#1325,#671,.T.);
#1650=EDGE_CURVE('',#1326,#1306,#672,.T.);
#1651=EDGE_CURVE('',#1302,#1305,#126,.T.);
#1652=EDGE_CURVE('',#1327,#1328,#28,.T.);
#1653=EDGE_CURVE('',#1327,#1328,#673,.T.);
#1654=EDGE_CURVE('',#1329,#1330,#29,.T.);
#1655=EDGE_CURVE('',#1329,#1330,#674,.T.);
#1656=EDGE_CURVE('',#1322,#1331,#127,.T.);
#1657=EDGE_CURVE('',#1323,#1331,#31,.T.);
#1658=EDGE_CURVE('',#1332,#1233,#675,.T.);
#1659=EDGE_CURVE('',#1333,#1233,#128,.T.);
#1660=EDGE_CURVE('',#1334,#1333,#676,.T.);
#1661=EDGE_CURVE('',#1332,#1334,#129,.T.);
#1662=EDGE_CURVE('',#1335,#1232,#67,.T.);
#1663=EDGE_CURVE('',#1335,#1333,#677,.T.);
#1664=EDGE_CURVE('',#1336,#1337,#678,.T.);
#1665=EDGE_CURVE('',#1337,#1338,#679,.T.);
#1666=EDGE_CURVE('',#1338,#1339,#680,.T.);
#1667=EDGE_CURVE('',#1339,#1340,#681,.T.);
#1668=EDGE_CURVE('',#1340,#1336,#682,.T.);
#1669=EDGE_CURVE('',#1334,#1341,#683,.T.);
#1670=EDGE_CURVE('',#1338,#1333,#684,.T.);
#1671=EDGE_CURVE('',#1337,#1341,#685,.T.);
#1672=EDGE_CURVE('',#1342,#1309,#686,.T.);
#1673=EDGE_CURVE('',#1342,#1343,#130,.T.);
#1674=EDGE_CURVE('',#1343,#1344,#687,.T.);
#1675=EDGE_CURVE('',#1344,#1309,#131,.T.);
#1676=EDGE_CURVE('',#1345,#1344,#688,.T.);
#1677=EDGE_CURVE('',#1345,#1310,#68,.T.);
#1678=EDGE_CURVE('',#1311,#1345,#689,.T.);
#1679=EDGE_CURVE('',#1346,#1339,#690,.T.);
#1680=EDGE_CURVE('',#1346,#1347,#691,.T.);
#1681=EDGE_CURVE('',#1348,#1347,#692,.T.);
#1682=EDGE_CURVE('',#1349,#1348,#693,.T.);
#1683=EDGE_CURVE('',#1349,#1340,#694,.T.);
#1684=EDGE_CURVE('',#1350,#1351,#695,.T.);
#1685=EDGE_CURVE('',#1347,#1350,#696,.T.);
#1686=EDGE_CURVE('',#1352,#1346,#697,.T.);
#1687=EDGE_CURVE('',#1351,#1352,#698,.T.);
#1688=EDGE_CURVE('',#1343,#1353,#699,.T.);
#1689=EDGE_CURVE('',#1351,#1353,#700,.T.);
#1690=EDGE_CURVE('',#1352,#1344,#701,.T.);
#1691=EDGE_CURVE('',#1354,#1308,#702,.T.);
#1692=EDGE_CURVE('',#1354,#1342,#703,.T.);
#1693=EDGE_CURVE('',#1295,#1326,#704,.T.);
#1694=EDGE_CURVE('',#1355,#1294,#705,.T.);
#1695=EDGE_CURVE('',#1355,#1356,#706,.T.);
#1696=EDGE_CURVE('',#1307,#1356,#69,.F.);
#1697=EDGE_CURVE('',#1248,#1357,#707,.T.);
#1698=EDGE_CURVE('',#1327,#1357,#132,.T.);
#1699=EDGE_CURVE('',#1357,#1328,#133,.T.);
#1700=EDGE_CURVE('',#1358,#1336,#708,.T.);
#1701=EDGE_CURVE('',#1359,#1358,#709,.T.);
#1702=EDGE_CURVE('',#1341,#1359,#710,.T.);
#1703=EDGE_CURVE('',#1349,#1360,#711,.T.);
#1704=EDGE_CURVE('',#1360,#1358,#712,.T.);
#1705=EDGE_CURVE('',#1331,#1317,#134,.T.);
#1706=EDGE_CURVE('',#1348,#1361,#713,.T.);
#1707=EDGE_CURVE('',#1360,#1361,#714,.T.);
#1708=EDGE_CURVE('',#1362,#1362,#135,.T.);
#1709=EDGE_CURVE('',#1363,#1363,#136,.T.);
#1710=EDGE_CURVE('',#1363,#1362,#715,.T.);
#1711=EDGE_CURVE('',#1364,#1365,#70,.T.);
#1712=EDGE_CURVE('',#1364,#1203,#716,.T.);
#1713=EDGE_CURVE('',#1204,#1365,#717,.T.);
#1714=EDGE_CURVE('',#1366,#1367,#718,.F.);
#1715=EDGE_CURVE('',#1367,#1368,#719,.T.);
#1716=EDGE_CURVE('',#1369,#1368,#720,.T.);
#1717=EDGE_CURVE('',#1366,#1369,#721,.T.);
#1718=EDGE_CURVE('',#1245,#1369,#722,.T.);
#1719=EDGE_CURVE('',#1369,#1370,#723,.T.);
#1720=EDGE_CURVE('',#1370,#1243,#724,.T.);
#1721=EDGE_CURVE('',#1244,#1366,#725,.F.);
#1722=EDGE_CURVE('',#1242,#1371,#726,.T.);
#1723=EDGE_CURVE('',#1371,#1366,#727,.T.);
#1724=EDGE_CURVE('',#1370,#1371,#728,.T.);
#1725=EDGE_CURVE('',#1372,#1332,#729,.T.);
#1726=EDGE_CURVE('',#1372,#1234,#730,.T.);
#1727=EDGE_CURVE('',#1234,#1373,#137,.T.);
#1728=EDGE_CURVE('',#1374,#1373,#731,.T.);
#1729=EDGE_CURVE('',#1235,#1374,#71,.F.);
#1730=EDGE_CURVE('',#1371,#1375,#732,.T.);
#1731=EDGE_CURVE('',#1370,#1376,#733,.T.);
#1732=EDGE_CURVE('',#1376,#1375,#734,.T.);
#1733=EDGE_CURVE('',#1377,#1377,#138,.T.);
#1734=EDGE_CURVE('',#1378,#1379,#32,.T.);
#1735=EDGE_CURVE('',#1379,#1380,#139,.T.);
#1736=EDGE_CURVE('',#1380,#1378,#33,.T.);
#1737=EDGE_CURVE('',#1378,#1377,#735,.T.);
#1738=EDGE_CURVE('',#1378,#1381,#34,.T.);
#1739=EDGE_CURVE('',#1382,#1381,#35,.T.);
#1740=EDGE_CURVE('',#1381,#1382,#36,.F.);
#1741=EDGE_CURVE('',#1375,#1367,#736,.T.);
#1742=EDGE_CURVE('',#1368,#1376,#737,.T.);
#1743=EDGE_CURVE('',#1383,#1383,#140,.F.);
#1744=EDGE_CURVE('',#1384,#1384,#141,.T.);
#1745=EDGE_CURVE('',#1384,#1383,#738,.T.);
#1746=EDGE_CURVE('',#1384,#1385,#739,.T.);
#1747=EDGE_CURVE('',#1385,#1385,#142,.T.);
#1748=EDGE_CURVE('',#1185,#1386,#740,.T.);
#1749=EDGE_CURVE('',#1386,#1186,#741,.T.);
#1750=EDGE_CURVE('',#1183,#1387,#742,.T.);
#1751=EDGE_CURVE('',#1387,#1185,#743,.T.);
#1752=EDGE_CURVE('',#1388,#1187,#744,.T.);
#1753=EDGE_CURVE('',#1388,#1387,#745,.T.);
#1754=EDGE_CURVE('',#1188,#1183,#746,.T.);
#1755=EDGE_CURVE('',#1186,#1180,#747,.T.);
#1756=EDGE_CURVE('',#1389,#1386,#748,.T.);
#1757=EDGE_CURVE('',#1177,#1389,#749,.T.);
#1758=EDGE_CURVE('',#1196,#1255,#750,.T.);
#1759=EDGE_CURVE('',#1247,#1196,#751,.T.);
#1760=EDGE_CURVE('',#1389,#1390,#752,.T.);
#1761=EDGE_CURVE('',#1390,#1391,#143,.T.);
#1762=EDGE_CURVE('',#1391,#1392,#144,.T.);
#1763=EDGE_CURVE('',#1392,#1388,#753,.T.);
#1764=EDGE_CURVE('',#1393,#1394,#145,.T.);
#1765=EDGE_CURVE('',#1394,#1393,#754,.T.);
#1766=EDGE_CURVE('',#1393,#1390,#755,.T.);
#1767=EDGE_CURVE('',#1394,#1392,#756,.T.);
#1768=EDGE_CURVE('',#1252,#1251,#757,.T.);
#1769=EDGE_CURVE('',#1365,#1241,#758,.T.);
#1770=EDGE_CURVE('',#1205,#1256,#759,.T.);
#1771=EDGE_CURVE('',#1259,#1264,#760,.T.);
#1772=EDGE_CURVE('',#1263,#1324,#761,.T.);
#1773=EDGE_CURVE('',#1230,#1312,#762,.T.);
#1774=EDGE_CURVE('',#1358,#1395,#763,.T.);
#1775=EDGE_CURVE('',#1396,#1395,#764,.T.);
#1776=EDGE_CURVE('',#1396,#1359,#765,.T.);
#1777=EDGE_CURVE('',#1361,#1395,#766,.T.);
#1778=EDGE_CURVE('',#1324,#1397,#72,.T.);
#1779=EDGE_CURVE('',#1397,#1262,#767,.T.);
#1780=EDGE_CURVE('',#1355,#1398,#768,.T.);
#1781=EDGE_CURVE('',#1356,#1398,#769,.T.);
#1782=EDGE_CURVE('',#1399,#1400,#770,.F.);
#1783=EDGE_CURVE('',#1399,#1401,#771,.T.);
#1784=EDGE_CURVE('',#1401,#1402,#772,.T.);
#1785=EDGE_CURVE('',#1400,#1402,#773,.T.);
#1786=EDGE_CURVE('',#1403,#1313,#774,.T.);
#1787=EDGE_CURVE('',#1401,#1403,#775,.T.);
#1788=EDGE_CURVE('',#1314,#1401,#776,.T.);
#1789=EDGE_CURVE('',#1315,#1399,#777,.F.);
#1790=EDGE_CURVE('',#1404,#1399,#778,.T.);
#1791=EDGE_CURVE('',#1316,#1404,#779,.T.);
#1792=EDGE_CURVE('',#1403,#1404,#780,.T.);
#1793=EDGE_CURVE('',#1308,#1398,#146,.T.);
#1794=EDGE_CURVE('',#1404,#1405,#781,.T.);
#1795=EDGE_CURVE('',#1406,#1405,#782,.T.);
#1796=EDGE_CURVE('',#1403,#1406,#783,.T.);
#1797=EDGE_CURVE('',#1407,#1407,#147,.T.);
#1798=EDGE_CURVE('',#1407,#1408,#784,.T.);
#1799=EDGE_CURVE('',#1409,#1408,#37,.T.);
#1800=EDGE_CURVE('',#1410,#1409,#148,.T.);
#1801=EDGE_CURVE('',#1408,#1410,#38,.T.);
#1802=EDGE_CURVE('',#1408,#1411,#39,.T.);
#1803=EDGE_CURVE('',#1411,#1411,#40,.T.);
#1804=EDGE_CURVE('',#1405,#1400,#785,.T.);
#1805=EDGE_CURVE('',#1402,#1406,#786,.T.);
#1806=EDGE_CURVE('',#1412,#1412,#149,.F.);
#1807=EDGE_CURVE('',#1412,#1413,#787,.T.);
#1808=EDGE_CURVE('',#1413,#1413,#150,.T.);
#1809=EDGE_CURVE('',#1413,#1414,#788,.T.);
#1810=EDGE_CURVE('',#1414,#1414,#151,.T.);
#1811=EDGE_CURVE('',#1176,#1290,#789,.T.);
#1812=EDGE_CURVE('',#1300,#1176,#790,.T.);
#1813=EDGE_CURVE('',#1158,#1162,#791,.T.);
#1814=EDGE_CURVE('',#1160,#1166,#792,.T.);
#1815=EDGE_CURVE('',#1165,#1415,#793,.T.);
#1816=EDGE_CURVE('',#1415,#1416,#794,.T.);
#1817=EDGE_CURVE('',#1416,#1160,#795,.T.);
#1818=EDGE_CURVE('',#1161,#1416,#796,.T.);
#1819=EDGE_CURVE('',#1417,#1161,#797,.T.);
#1820=EDGE_CURVE('',#1162,#1417,#798,.T.);
#1821=EDGE_CURVE('',#1418,#1417,#799,.T.);
#1822=EDGE_CURVE('',#1418,#1155,#800,.T.);
#1823=EDGE_CURVE('',#1297,#1298,#801,.T.);
#1824=EDGE_CURVE('',#1419,#1418,#802,.T.);
#1825=EDGE_CURVE('',#1420,#1419,#152,.T.);
#1826=EDGE_CURVE('',#1421,#1420,#153,.T.);
#1827=EDGE_CURVE('',#1415,#1421,#803,.T.);
#1828=EDGE_CURVE('',#1422,#1423,#804,.T.);
#1829=EDGE_CURVE('',#1422,#1419,#805,.T.);
#1830=EDGE_CURVE('',#1423,#1421,#806,.T.);
#1831=EDGE_CURVE('',#1422,#1423,#154,.T.);
#1832=EDGE_CURVE('',#1395,#1350,#807,.T.);
#1833=EDGE_CURVE('',#1420,#1424,#808,.T.);
#1834=EDGE_CURVE('',#1424,#1424,#155,.T.);
#1835=EDGE_CURVE('',#1353,#1396,#809,.T.);
#1836=EDGE_CURVE('',#1424,#1425,#810,.T.);
#1837=EDGE_CURVE('',#1425,#1329,#156,.T.);
#1838=EDGE_CURVE('',#1330,#1425,#157,.T.);
#1839=EDGE_CURVE('',#1426,#1427,#811,.T.);
#1840=EDGE_CURVE('',#1261,#1426,#812,.T.);
#1841=EDGE_CURVE('',#1260,#1427,#813,.T.);
#1842=EDGE_CURVE('',#1428,#1429,#814,.T.);
#1843=EDGE_CURVE('',#1430,#1428,#815,.T.);
#1844=EDGE_CURVE('',#1431,#1430,#816,.T.);
#1845=EDGE_CURVE('',#1429,#1431,#817,.T.);
#1846=EDGE_CURVE('',#1427,#1428,#158,.F.);
#1847=EDGE_CURVE('',#1429,#1426,#159,.F.);
#1848=EDGE_CURVE('',#1432,#1398,#818,.T.);
#1849=EDGE_CURVE('',#1432,#1354,#160,.T.);
#1850=EDGE_CURVE('',#1433,#1432,#819,.T.);
#1851=EDGE_CURVE('',#1433,#1372,#161,.T.);
#1852=EDGE_CURVE('',#1373,#1434,#820,.T.);
#1853=EDGE_CURVE('',#1434,#1374,#821,.T.);
#1854=EDGE_CURVE('',#1373,#1433,#822,.T.);
#1855=EDGE_CURVE('',#1435,#1436,#73,.T.);
#1856=EDGE_CURVE('',#1436,#1391,#823,.T.);
#1857=EDGE_CURVE('',#1436,#1437,#74,.T.);
#1858=EDGE_CURVE('',#1437,#1435,#75,.T.);
#1859=EDGE_CURVE('',#1438,#1364,#824,.T.);
#1860=EDGE_CURVE('',#1430,#1438,#825,.T.);
#1861=EDGE_CURVE('',#1365,#1439,#826,.T.);
#1862=EDGE_CURVE('',#1439,#1438,#76,.T.);
#1863=EDGE_CURVE('',#1440,#1325,#77,.T.);
#1864=EDGE_CURVE('',#1440,#1431,#827,.T.);
#1865=EDGE_CURVE('',#1439,#1441,#828,.T.);
#1866=EDGE_CURVE('',#1441,#1437,#829,.T.);
#1867=EDGE_CURVE('',#1435,#1434,#830,.T.);
#1868=EDGE_CURVE('',#1397,#1440,#831,.T.);
#1869=EDGE_CURVE('',#1363,#1442,#832,.T.);
#1870=EDGE_CURVE('',#1443,#1442,#162,.T.);
#1871=EDGE_CURVE('',#1442,#1443,#163,.T.);
#1872=EDGE_CURVE('',#1444,#1444,#164,.T.);
#1873=EDGE_CURVE('',#1443,#1444,#833,.T.);
#1874=EDGE_CURVE('',#1231,#1335,#834,.T.);
#1875=EDGE_CURVE('',#1236,#1441,#835,.T.);
#1876=EDGE_CURVE('',#1237,#1240,#165,.T.);
#1877=EDGE_CURVE('',#1305,#1302,#836,.T.);
#1878=EDGE_CURVE('',#1237,#1240,#837,.T.);
#1879=ORIENTED_EDGE('',*,*,#1445,.T.);
#1880=ORIENTED_EDGE('',*,*,#1446,.T.);
#1881=ORIENTED_EDGE('',*,*,#1447,.F.);
#1882=ORIENTED_EDGE('',*,*,#1448,.F.);
#1883=ORIENTED_EDGE('',*,*,#1449,.T.);
#1884=ORIENTED_EDGE('',*,*,#1450,.T.);
#1885=ORIENTED_EDGE('',*,*,#1451,.T.);
#1886=ORIENTED_EDGE('',*,*,#1452,.T.);
#1887=ORIENTED_EDGE('',*,*,#1453,.T.);
#1888=ORIENTED_EDGE('',*,*,#1446,.F.);
#1889=ORIENTED_EDGE('',*,*,#1454,.T.);
#1890=ORIENTED_EDGE('',*,*,#1455,.F.);
#1891=ORIENTED_EDGE('',*,*,#1456,.T.);
#1892=ORIENTED_EDGE('',*,*,#1450,.F.);
#1893=ORIENTED_EDGE('',*,*,#1457,.T.);
#1894=ORIENTED_EDGE('',*,*,#1458,.F.);
#1895=ORIENTED_EDGE('',*,*,#1459,.F.);
#1896=ORIENTED_EDGE('',*,*,#1455,.T.);
#1897=ORIENTED_EDGE('',*,*,#1460,.T.);
#1898=ORIENTED_EDGE('',*,*,#1461,.T.);
#1899=ORIENTED_EDGE('',*,*,#1462,.F.);
#1900=ORIENTED_EDGE('',*,*,#1463,.F.);
#1901=ORIENTED_EDGE('',*,*,#1464,.F.);
#1902=ORIENTED_EDGE('',*,*,#1465,.T.);
#1903=ORIENTED_EDGE('',*,*,#1466,.T.);
#1904=ORIENTED_EDGE('',*,*,#1461,.F.);
#1905=ORIENTED_EDGE('',*,*,#1467,.T.);
#1906=ORIENTED_EDGE('',*,*,#1468,.F.);
#1907=ORIENTED_EDGE('',*,*,#1469,.T.);
#1908=ORIENTED_EDGE('',*,*,#1470,.T.);
#1909=ORIENTED_EDGE('',*,*,#1471,.T.);
#1910=ORIENTED_EDGE('',*,*,#1465,.F.);
#1911=ORIENTED_EDGE('',*,*,#1472,.T.);
#1912=ORIENTED_EDGE('',*,*,#1473,.T.);
#1913=ORIENTED_EDGE('',*,*,#1474,.F.);
#1914=ORIENTED_EDGE('',*,*,#1475,.F.);
#1915=ORIENTED_EDGE('',*,*,#1476,.T.);
#1916=ORIENTED_EDGE('',*,*,#1477,.F.);
#1917=ORIENTED_EDGE('',*,*,#1478,.F.);
#1918=ORIENTED_EDGE('',*,*,#1479,.T.);
#1919=ORIENTED_EDGE('',*,*,#1480,.T.);
#1920=ORIENTED_EDGE('',*,*,#1479,.F.);
#1921=ORIENTED_EDGE('',*,*,#1481,.F.);
#1922=ORIENTED_EDGE('',*,*,#1482,.F.);
#1923=ORIENTED_EDGE('',*,*,#1483,.F.);
#1924=ORIENTED_EDGE('',*,*,#1473,.F.);
#1925=ORIENTED_EDGE('',*,*,#1484,.T.);
#1926=ORIENTED_EDGE('',*,*,#1485,.F.);
#1927=ORIENTED_EDGE('',*,*,#1486,.F.);
#1928=ORIENTED_EDGE('',*,*,#1477,.T.);
#1929=ORIENTED_EDGE('',*,*,#1487,.T.);
#1930=ORIENTED_EDGE('',*,*,#1488,.T.);
#1931=ORIENTED_EDGE('',*,*,#1489,.F.);
#1932=ORIENTED_EDGE('',*,*,#1490,.F.);
#1933=ORIENTED_EDGE('',*,*,#1491,.T.);
#1934=ORIENTED_EDGE('',*,*,#1492,.F.);
#1935=ORIENTED_EDGE('',*,*,#1493,.F.);
#1936=ORIENTED_EDGE('',*,*,#1494,.F.);
#1937=ORIENTED_EDGE('',*,*,#1495,.F.);
#1938=ORIENTED_EDGE('',*,*,#1496,.T.);
#1939=ORIENTED_EDGE('',*,*,#1497,.F.);
#1940=ORIENTED_EDGE('',*,*,#1496,.F.);
#1941=ORIENTED_EDGE('',*,*,#1498,.F.);
#1942=ORIENTED_EDGE('',*,*,#1488,.F.);
#1943=ORIENTED_EDGE('',*,*,#1499,.T.);
#1944=ORIENTED_EDGE('',*,*,#1500,.F.);
#1945=ORIENTED_EDGE('',*,*,#1501,.F.);
#1946=ORIENTED_EDGE('',*,*,#1492,.T.);
#1947=ORIENTED_EDGE('',*,*,#1502,.T.);
#1948=ORIENTED_EDGE('',*,*,#1503,.F.);
#1949=ORIENTED_EDGE('',*,*,#1504,.F.);
#1950=ORIENTED_EDGE('',*,*,#1468,.T.);
#1951=ORIENTED_EDGE('',*,*,#1505,.F.);
#1952=ORIENTED_EDGE('',*,*,#1506,.T.);
#1953=ORIENTED_EDGE('',*,*,#1507,.F.);
#1954=ORIENTED_EDGE('',*,*,#1508,.F.);
#1955=ORIENTED_EDGE('',*,*,#1509,.F.);
#1956=ORIENTED_EDGE('',*,*,#1510,.F.);
#1957=ORIENTED_EDGE('',*,*,#1511,.F.);
#1958=ORIENTED_EDGE('',*,*,#1512,.F.);
#1959=ORIENTED_EDGE('',*,*,#1513,.F.);
#1960=ORIENTED_EDGE('',*,*,#1514,.F.);
#1961=ORIENTED_EDGE('',*,*,#1515,.F.);
#1962=ORIENTED_EDGE('',*,*,#1516,.F.);
#1963=ORIENTED_EDGE('',*,*,#1517,.F.);
#1964=ORIENTED_EDGE('',*,*,#1518,.F.);
#1965=ORIENTED_EDGE('',*,*,#1519,.F.);
#1966=ORIENTED_EDGE('',*,*,#1520,.F.);
#1967=ORIENTED_EDGE('',*,*,#1521,.F.);
#1968=ORIENTED_EDGE('',*,*,#1522,.F.);
#1969=ORIENTED_EDGE('',*,*,#1523,.F.);
#1970=ORIENTED_EDGE('',*,*,#1524,.F.);
#1971=ORIENTED_EDGE('',*,*,#1525,.F.);
#1972=ORIENTED_EDGE('',*,*,#1526,.F.);
#1973=ORIENTED_EDGE('',*,*,#1527,.F.);
#1974=ORIENTED_EDGE('',*,*,#1528,.F.);
#1975=ORIENTED_EDGE('',*,*,#1529,.F.);
#1976=ORIENTED_EDGE('',*,*,#1530,.F.);
#1977=ORIENTED_EDGE('',*,*,#1531,.F.);
#1978=ORIENTED_EDGE('',*,*,#1530,.T.);
#1979=ORIENTED_EDGE('',*,*,#1529,.T.);
#1980=ORIENTED_EDGE('',*,*,#1528,.T.);
#1981=ORIENTED_EDGE('',*,*,#1527,.T.);
#1982=ORIENTED_EDGE('',*,*,#1526,.T.);
#1983=ORIENTED_EDGE('',*,*,#1532,.T.);
#1984=ORIENTED_EDGE('',*,*,#1520,.T.);
#1985=ORIENTED_EDGE('',*,*,#1525,.T.);
#1986=ORIENTED_EDGE('',*,*,#1524,.T.);
#1987=ORIENTED_EDGE('',*,*,#1523,.T.);
#1988=ORIENTED_EDGE('',*,*,#1522,.T.);
#1989=ORIENTED_EDGE('',*,*,#1533,.T.);
#1990=ORIENTED_EDGE('',*,*,#1534,.T.);
#1991=ORIENTED_EDGE('',*,*,#1535,.T.);
#1992=ORIENTED_EDGE('',*,*,#1536,.F.);
#1993=ORIENTED_EDGE('',*,*,#1537,.T.);
#1994=ORIENTED_EDGE('',*,*,#1538,.T.);
#1995=ORIENTED_EDGE('',*,*,#1539,.T.);
#1996=ORIENTED_EDGE('',*,*,#1540,.T.);
#1997=ORIENTED_EDGE('',*,*,#1541,.T.);
#1998=ORIENTED_EDGE('',*,*,#1542,.T.);
#1999=ORIENTED_EDGE('',*,*,#1543,.F.);
#2000=ORIENTED_EDGE('',*,*,#1544,.T.);
#2001=ORIENTED_EDGE('',*,*,#1545,.T.);
#2002=ORIENTED_EDGE('',*,*,#1519,.T.);
#2003=ORIENTED_EDGE('',*,*,#1518,.T.);
#2004=ORIENTED_EDGE('',*,*,#1517,.T.);
#2005=ORIENTED_EDGE('',*,*,#1516,.T.);
#2006=ORIENTED_EDGE('',*,*,#1515,.T.);
#2007=ORIENTED_EDGE('',*,*,#1514,.T.);
#2008=ORIENTED_EDGE('',*,*,#1511,.T.);
#2009=ORIENTED_EDGE('',*,*,#1510,.T.);
#2010=ORIENTED_EDGE('',*,*,#1509,.T.);
#2011=ORIENTED_EDGE('',*,*,#1508,.T.);
#2012=ORIENTED_EDGE('',*,*,#1513,.T.);
#2013=ORIENTED_EDGE('',*,*,#1512,.T.);
#2014=ORIENTED_EDGE('',*,*,#1546,.F.);
#2015=ORIENTED_EDGE('',*,*,#1547,.F.);
#2016=ORIENTED_EDGE('',*,*,#1548,.F.);
#2017=ORIENTED_EDGE('',*,*,#1549,.F.);
#2018=ORIENTED_EDGE('',*,*,#1501,.T.);
#2019=ORIENTED_EDGE('',*,*,#1550,.T.);
#2020=ORIENTED_EDGE('',*,*,#1493,.T.);
#2021=ORIENTED_EDGE('',*,*,#1500,.T.);
#2022=ORIENTED_EDGE('',*,*,#1551,.F.);
#2023=ORIENTED_EDGE('',*,*,#1552,.T.);
#2024=ORIENTED_EDGE('',*,*,#1553,.F.);
#2025=ORIENTED_EDGE('',*,*,#1550,.F.);
#2026=ORIENTED_EDGE('',*,*,#1554,.T.);
#2027=ORIENTED_EDGE('',*,*,#1555,.T.);
#2028=ORIENTED_EDGE('',*,*,#1556,.F.);
#2029=ORIENTED_EDGE('',*,*,#1557,.F.);
#2030=ORIENTED_EDGE('',*,*,#1558,.F.);
#2031=ORIENTED_EDGE('',*,*,#1559,.T.);
#2032=ORIENTED_EDGE('',*,*,#1560,.F.);
#2033=ORIENTED_EDGE('',*,*,#1555,.F.);
#2034=ORIENTED_EDGE('',*,*,#1561,.T.);
#2035=ORIENTED_EDGE('',*,*,#1562,.T.);
#2036=ORIENTED_EDGE('',*,*,#1556,.T.);
#2037=ORIENTED_EDGE('',*,*,#1560,.T.);
#2038=ORIENTED_EDGE('',*,*,#1563,.T.);
#2039=ORIENTED_EDGE('',*,*,#1551,.T.);
#2040=ORIENTED_EDGE('',*,*,#1499,.F.);
#2041=ORIENTED_EDGE('',*,*,#1491,.F.);
#2042=ORIENTED_EDGE('',*,*,#1487,.F.);
#2043=ORIENTED_EDGE('',*,*,#1490,.T.);
#2044=ORIENTED_EDGE('',*,*,#1564,.F.);
#2045=ORIENTED_EDGE('',*,*,#1565,.F.);
#2046=ORIENTED_EDGE('',*,*,#1566,.F.);
#2047=ORIENTED_EDGE('',*,*,#1561,.F.);
#2048=ORIENTED_EDGE('',*,*,#1489,.T.);
#2049=ORIENTED_EDGE('',*,*,#1498,.T.);
#2050=ORIENTED_EDGE('',*,*,#1564,.T.);
#2051=ORIENTED_EDGE('',*,*,#1567,.T.);
#2052=ORIENTED_EDGE('',*,*,#1568,.F.);
#2053=ORIENTED_EDGE('',*,*,#1569,.T.);
#2054=ORIENTED_EDGE('',*,*,#1570,.T.);
#2055=ORIENTED_EDGE('',*,*,#1571,.T.);
#2056=ORIENTED_EDGE('',*,*,#1572,.T.);
#2057=ORIENTED_EDGE('',*,*,#1573,.T.);
#2058=ORIENTED_EDGE('',*,*,#1568,.T.);
#2059=ORIENTED_EDGE('',*,*,#1574,.T.);
#2060=ORIENTED_EDGE('',*,*,#1575,.T.);
#2061=ORIENTED_EDGE('',*,*,#1576,.T.);
#2062=ORIENTED_EDGE('',*,*,#1577,.F.);
#2063=ORIENTED_EDGE('',*,*,#1578,.F.);
#2064=ORIENTED_EDGE('',*,*,#1579,.F.);
#2065=ORIENTED_EDGE('',*,*,#1580,.F.);
#2066=ORIENTED_EDGE('',*,*,#1581,.F.);
#2067=ORIENTED_EDGE('',*,*,#1582,.F.);
#2068=ORIENTED_EDGE('',*,*,#1583,.F.);
#2069=ORIENTED_EDGE('',*,*,#1584,.F.);
#2070=ORIENTED_EDGE('',*,*,#1585,.F.);
#2071=ORIENTED_EDGE('',*,*,#1586,.F.);
#2072=ORIENTED_EDGE('',*,*,#1587,.F.);
#2073=ORIENTED_EDGE('',*,*,#1588,.F.);
#2074=ORIENTED_EDGE('',*,*,#1589,.F.);
#2075=ORIENTED_EDGE('',*,*,#1590,.F.);
#2076=ORIENTED_EDGE('',*,*,#1591,.F.);
#2077=ORIENTED_EDGE('',*,*,#1592,.F.);
#2078=ORIENTED_EDGE('',*,*,#1593,.F.);
#2079=ORIENTED_EDGE('',*,*,#1594,.F.);
#2080=ORIENTED_EDGE('',*,*,#1595,.F.);
#2081=ORIENTED_EDGE('',*,*,#1596,.F.);
#2082=ORIENTED_EDGE('',*,*,#1597,.F.);
#2083=ORIENTED_EDGE('',*,*,#1598,.F.);
#2084=ORIENTED_EDGE('',*,*,#1599,.F.);
#2085=ORIENTED_EDGE('',*,*,#1600,.F.);
#2086=ORIENTED_EDGE('',*,*,#1504,.T.);
#2087=ORIENTED_EDGE('',*,*,#1601,.F.);
#2088=ORIENTED_EDGE('',*,*,#1469,.F.);
#2089=ORIENTED_EDGE('',*,*,#1503,.T.);
#2090=ORIENTED_EDGE('',*,*,#1602,.T.);
#2091=ORIENTED_EDGE('',*,*,#1603,.T.);
#2092=ORIENTED_EDGE('',*,*,#1604,.T.);
#2093=ORIENTED_EDGE('',*,*,#1601,.T.);
#2094=ORIENTED_EDGE('',*,*,#1605,.T.);
#2095=ORIENTED_EDGE('',*,*,#1606,.T.);
#2096=ORIENTED_EDGE('',*,*,#1607,.T.);
#2097=ORIENTED_EDGE('',*,*,#1608,.F.);
#2098=ORIENTED_EDGE('',*,*,#1609,.T.);
#2099=ORIENTED_EDGE('',*,*,#1606,.F.);
#2100=ORIENTED_EDGE('',*,*,#1610,.T.);
#2101=ORIENTED_EDGE('',*,*,#1611,.F.);
#2102=ORIENTED_EDGE('',*,*,#1612,.F.);
#2103=ORIENTED_EDGE('',*,*,#1613,.T.);
#2104=ORIENTED_EDGE('',*,*,#1614,.F.);
#2105=ORIENTED_EDGE('',*,*,#1615,.F.);
#2106=ORIENTED_EDGE('',*,*,#1610,.F.);
#2107=ORIENTED_EDGE('',*,*,#1605,.F.);
#2108=ORIENTED_EDGE('',*,*,#1616,.F.);
#2109=ORIENTED_EDGE('',*,*,#1602,.F.);
#2110=ORIENTED_EDGE('',*,*,#1502,.F.);
#2111=ORIENTED_EDGE('',*,*,#1467,.F.);
#2112=ORIENTED_EDGE('',*,*,#1460,.F.);
#2113=ORIENTED_EDGE('',*,*,#1463,.T.);
#2114=ORIENTED_EDGE('',*,*,#1617,.T.);
#2115=ORIENTED_EDGE('',*,*,#1618,.T.);
#2116=ORIENTED_EDGE('',*,*,#1619,.F.);
#2117=ORIENTED_EDGE('',*,*,#1614,.T.);
#2118=ORIENTED_EDGE('',*,*,#1462,.T.);
#2119=ORIENTED_EDGE('',*,*,#1466,.F.);
#2120=ORIENTED_EDGE('',*,*,#1617,.F.);
#2121=ORIENTED_EDGE('',*,*,#1620,.T.);
#2122=ORIENTED_EDGE('',*,*,#1621,.T.);
#2123=ORIENTED_EDGE('',*,*,#1622,.T.);
#2124=ORIENTED_EDGE('',*,*,#1623,.T.);
#2125=ORIENTED_EDGE('',*,*,#1624,.F.);
#2126=ORIENTED_EDGE('',*,*,#1625,.T.);
#2127=ORIENTED_EDGE('',*,*,#1626,.T.);
#2128=ORIENTED_EDGE('',*,*,#1627,.F.);
#2129=ORIENTED_EDGE('',*,*,#1628,.F.);
#2130=ORIENTED_EDGE('',*,*,#1629,.T.);
#2131=ORIENTED_EDGE('',*,*,#1630,.T.);
#2132=ORIENTED_EDGE('',*,*,#1631,.T.);
#2133=ORIENTED_EDGE('',*,*,#1632,.T.);
#2134=ORIENTED_EDGE('',*,*,#1593,.T.);
#2135=ORIENTED_EDGE('',*,*,#1592,.T.);
#2136=ORIENTED_EDGE('',*,*,#1591,.T.);
#2137=ORIENTED_EDGE('',*,*,#1590,.T.);
#2138=ORIENTED_EDGE('',*,*,#1589,.T.);
#2139=ORIENTED_EDGE('',*,*,#1633,.T.);
#2140=ORIENTED_EDGE('',*,*,#1595,.T.);
#2141=ORIENTED_EDGE('',*,*,#1600,.T.);
#2142=ORIENTED_EDGE('',*,*,#1599,.T.);
#2143=ORIENTED_EDGE('',*,*,#1598,.T.);
#2144=ORIENTED_EDGE('',*,*,#1597,.T.);
#2145=ORIENTED_EDGE('',*,*,#1579,.T.);
#2146=ORIENTED_EDGE('',*,*,#1578,.T.);
#2147=ORIENTED_EDGE('',*,*,#1577,.T.);
#2148=ORIENTED_EDGE('',*,*,#1582,.T.);
#2149=ORIENTED_EDGE('',*,*,#1581,.T.);
#2150=ORIENTED_EDGE('',*,*,#1580,.T.);
#2151=ORIENTED_EDGE('',*,*,#1585,.T.);
#2152=ORIENTED_EDGE('',*,*,#1584,.T.);
#2153=ORIENTED_EDGE('',*,*,#1583,.T.);
#2154=ORIENTED_EDGE('',*,*,#1588,.T.);
#2155=ORIENTED_EDGE('',*,*,#1587,.T.);
#2156=ORIENTED_EDGE('',*,*,#1586,.T.);
#2157=ORIENTED_EDGE('',*,*,#1634,.T.);
#2158=ORIENTED_EDGE('',*,*,#1635,.T.);
#2159=ORIENTED_EDGE('',*,*,#1636,.T.);
#2160=ORIENTED_EDGE('',*,*,#1637,.T.);
#2161=ORIENTED_EDGE('',*,*,#1638,.T.);
#2162=ORIENTED_EDGE('',*,*,#1639,.T.);
#2163=ORIENTED_EDGE('',*,*,#1640,.T.);
#2164=ORIENTED_EDGE('',*,*,#1641,.T.);
#2165=ORIENTED_EDGE('',*,*,#1642,.T.);
#2166=ORIENTED_EDGE('',*,*,#1643,.T.);
#2167=ORIENTED_EDGE('',*,*,#1642,.F.);
#2168=ORIENTED_EDGE('',*,*,#1644,.T.);
#2169=ORIENTED_EDGE('',*,*,#1645,.F.);
#2170=ORIENTED_EDGE('',*,*,#1646,.F.);
#2171=ORIENTED_EDGE('',*,*,#1639,.F.);
#2172=ORIENTED_EDGE('',*,*,#1621,.F.);
#2173=ORIENTED_EDGE('',*,*,#1647,.T.);
#2174=ORIENTED_EDGE('',*,*,#1648,.F.);
#2175=ORIENTED_EDGE('',*,*,#1649,.F.);
#2176=ORIENTED_EDGE('',*,*,#1650,.T.);
#2177=ORIENTED_EDGE('',*,*,#1625,.F.);
#2178=ORIENTED_EDGE('',*,*,#1651,.F.);
#2179=ORIENTED_EDGE('',*,*,#1652,.F.);
#2180=ORIENTED_EDGE('',*,*,#1653,.T.);
#2181=ORIENTED_EDGE('',*,*,#1654,.F.);
#2182=ORIENTED_EDGE('',*,*,#1655,.T.);
#2183=ORIENTED_EDGE('',*,*,#1656,.T.);
#2184=ORIENTED_EDGE('',*,*,#1657,.F.);
#2185=ORIENTED_EDGE('',*,*,#1645,.T.);
#2186=ORIENTED_EDGE('',*,*,#1658,.T.);
#2187=ORIENTED_EDGE('',*,*,#1659,.F.);
#2188=ORIENTED_EDGE('',*,*,#1660,.F.);
#2189=ORIENTED_EDGE('',*,*,#1661,.F.);
#2190=ORIENTED_EDGE('',*,*,#1659,.T.);
#2191=ORIENTED_EDGE('',*,*,#1536,.T.);
#2192=ORIENTED_EDGE('',*,*,#1662,.F.);
#2193=ORIENTED_EDGE('',*,*,#1663,.T.);
#2194=ORIENTED_EDGE('',*,*,#1664,.T.);
#2195=ORIENTED_EDGE('',*,*,#1665,.T.);
#2196=ORIENTED_EDGE('',*,*,#1666,.T.);
#2197=ORIENTED_EDGE('',*,*,#1667,.T.);
#2198=ORIENTED_EDGE('',*,*,#1668,.T.);
#2199=ORIENTED_EDGE('',*,*,#1669,.F.);
#2200=ORIENTED_EDGE('',*,*,#1660,.T.);
#2201=ORIENTED_EDGE('',*,*,#1670,.F.);
#2202=ORIENTED_EDGE('',*,*,#1665,.F.);
#2203=ORIENTED_EDGE('',*,*,#1671,.T.);
#2204=ORIENTED_EDGE('',*,*,#1672,.F.);
#2205=ORIENTED_EDGE('',*,*,#1673,.T.);
#2206=ORIENTED_EDGE('',*,*,#1674,.T.);
#2207=ORIENTED_EDGE('',*,*,#1675,.T.);
#2208=ORIENTED_EDGE('',*,*,#1675,.F.);
#2209=ORIENTED_EDGE('',*,*,#1676,.F.);
#2210=ORIENTED_EDGE('',*,*,#1677,.T.);
#2211=ORIENTED_EDGE('',*,*,#1629,.F.);
#2212=ORIENTED_EDGE('',*,*,#1630,.F.);
#2213=ORIENTED_EDGE('',*,*,#1677,.F.);
#2214=ORIENTED_EDGE('',*,*,#1678,.F.);
#2215=ORIENTED_EDGE('',*,*,#1679,.F.);
#2216=ORIENTED_EDGE('',*,*,#1680,.T.);
#2217=ORIENTED_EDGE('',*,*,#1681,.F.);
#2218=ORIENTED_EDGE('',*,*,#1682,.F.);
#2219=ORIENTED_EDGE('',*,*,#1683,.T.);
#2220=ORIENTED_EDGE('',*,*,#1667,.F.);
#2221=ORIENTED_EDGE('',*,*,#1684,.F.);
#2222=ORIENTED_EDGE('',*,*,#1685,.F.);
#2223=ORIENTED_EDGE('',*,*,#1680,.F.);
#2224=ORIENTED_EDGE('',*,*,#1686,.F.);
#2225=ORIENTED_EDGE('',*,*,#1687,.F.);
#2226=ORIENTED_EDGE('',*,*,#1688,.T.);
#2227=ORIENTED_EDGE('',*,*,#1689,.F.);
#2228=ORIENTED_EDGE('',*,*,#1687,.T.);
#2229=ORIENTED_EDGE('',*,*,#1690,.T.);
#2230=ORIENTED_EDGE('',*,*,#1674,.F.);
#2231=ORIENTED_EDGE('',*,*,#1628,.T.);
#2232=ORIENTED_EDGE('',*,*,#1691,.F.);
#2233=ORIENTED_EDGE('',*,*,#1692,.T.);
#2234=ORIENTED_EDGE('',*,*,#1672,.T.);
#2235=ORIENTED_EDGE('',*,*,#1626,.F.);
#2236=ORIENTED_EDGE('',*,*,#1650,.F.);
#2237=ORIENTED_EDGE('',*,*,#1693,.F.);
#2238=ORIENTED_EDGE('',*,*,#1608,.T.);
#2239=ORIENTED_EDGE('',*,*,#1694,.F.);
#2240=ORIENTED_EDGE('',*,*,#1695,.T.);
#2241=ORIENTED_EDGE('',*,*,#1696,.F.);
#2242=ORIENTED_EDGE('',*,*,#1554,.F.);
#2243=ORIENTED_EDGE('',*,*,#1697,.T.);
#2244=ORIENTED_EDGE('',*,*,#1698,.F.);
#2245=ORIENTED_EDGE('',*,*,#1652,.T.);
#2246=ORIENTED_EDGE('',*,*,#1699,.F.);
#2247=ORIENTED_EDGE('',*,*,#1697,.F.);
#2248=ORIENTED_EDGE('',*,*,#1700,.F.);
#2249=ORIENTED_EDGE('',*,*,#1701,.F.);
#2250=ORIENTED_EDGE('',*,*,#1702,.F.);
#2251=ORIENTED_EDGE('',*,*,#1671,.F.);
#2252=ORIENTED_EDGE('',*,*,#1664,.F.);
#2253=ORIENTED_EDGE('',*,*,#1703,.T.);
#2254=ORIENTED_EDGE('',*,*,#1704,.T.);
#2255=ORIENTED_EDGE('',*,*,#1700,.T.);
#2256=ORIENTED_EDGE('',*,*,#1668,.F.);
#2257=ORIENTED_EDGE('',*,*,#1683,.F.);
#2258=ORIENTED_EDGE('',*,*,#1646,.T.);
#2259=ORIENTED_EDGE('',*,*,#1657,.T.);
#2260=ORIENTED_EDGE('',*,*,#1705,.T.);
#2261=ORIENTED_EDGE('',*,*,#1640,.F.);
#2262=ORIENTED_EDGE('',*,*,#1703,.F.);
#2263=ORIENTED_EDGE('',*,*,#1682,.T.);
#2264=ORIENTED_EDGE('',*,*,#1706,.T.);
#2265=ORIENTED_EDGE('',*,*,#1707,.F.);
#2266=ORIENTED_EDGE('',*,*,#1708,.F.);
#2267=ORIENTED_EDGE('',*,*,#1709,.T.);
#2268=ORIENTED_EDGE('',*,*,#1710,.T.);
#2269=ORIENTED_EDGE('',*,*,#1708,.T.);
#2270=ORIENTED_EDGE('',*,*,#1710,.F.);
#2271=ORIENTED_EDGE('',*,*,#1711,.F.);
#2272=ORIENTED_EDGE('',*,*,#1712,.T.);
#2273=ORIENTED_EDGE('',*,*,#1505,.T.);
#2274=ORIENTED_EDGE('',*,*,#1713,.T.);
#2275=ORIENTED_EDGE('',*,*,#1714,.T.);
#2276=ORIENTED_EDGE('',*,*,#1715,.T.);
#2277=ORIENTED_EDGE('',*,*,#1716,.F.);
#2278=ORIENTED_EDGE('',*,*,#1717,.F.);
#2279=ORIENTED_EDGE('',*,*,#1549,.T.);
#2280=ORIENTED_EDGE('',*,*,#1718,.T.);
#2281=ORIENTED_EDGE('',*,*,#1719,.T.);
#2282=ORIENTED_EDGE('',*,*,#1720,.T.);
#2283=ORIENTED_EDGE('',*,*,#1548,.T.);
#2284=ORIENTED_EDGE('',*,*,#1721,.T.);
#2285=ORIENTED_EDGE('',*,*,#1717,.T.);
#2286=ORIENTED_EDGE('',*,*,#1718,.F.);
#2287=ORIENTED_EDGE('',*,*,#1547,.T.);
#2288=ORIENTED_EDGE('',*,*,#1722,.T.);
#2289=ORIENTED_EDGE('',*,*,#1723,.T.);
#2290=ORIENTED_EDGE('',*,*,#1721,.F.);
#2291=ORIENTED_EDGE('',*,*,#1546,.T.);
#2292=ORIENTED_EDGE('',*,*,#1720,.F.);
#2293=ORIENTED_EDGE('',*,*,#1724,.T.);
#2294=ORIENTED_EDGE('',*,*,#1722,.F.);
#2295=ORIENTED_EDGE('',*,*,#1725,.F.);
#2296=ORIENTED_EDGE('',*,*,#1726,.T.);
#2297=ORIENTED_EDGE('',*,*,#1537,.F.);
#2298=ORIENTED_EDGE('',*,*,#1658,.F.);
#2299=ORIENTED_EDGE('',*,*,#1727,.T.);
#2300=ORIENTED_EDGE('',*,*,#1728,.F.);
#2301=ORIENTED_EDGE('',*,*,#1729,.F.);
#2302=ORIENTED_EDGE('',*,*,#1538,.F.);
#2303=ORIENTED_EDGE('',*,*,#1730,.F.);
#2304=ORIENTED_EDGE('',*,*,#1724,.F.);
#2305=ORIENTED_EDGE('',*,*,#1731,.T.);
#2306=ORIENTED_EDGE('',*,*,#1732,.T.);
#2307=ORIENTED_EDGE('',*,*,#1733,.F.);
#2308=ORIENTED_EDGE('',*,*,#1734,.T.);
#2309=ORIENTED_EDGE('',*,*,#1735,.T.);
#2310=ORIENTED_EDGE('',*,*,#1736,.T.);
#2311=ORIENTED_EDGE('',*,*,#1737,.T.);
#2312=ORIENTED_EDGE('',*,*,#1733,.T.);
#2313=ORIENTED_EDGE('',*,*,#1737,.F.);
#2314=ORIENTED_EDGE('',*,*,#1735,.F.);
#2315=ORIENTED_EDGE('',*,*,#1734,.F.);
#2316=ORIENTED_EDGE('',*,*,#1738,.T.);
#2317=ORIENTED_EDGE('',*,*,#1739,.F.);
#2318=ORIENTED_EDGE('',*,*,#1740,.F.);
#2319=ORIENTED_EDGE('',*,*,#1738,.F.);
#2320=ORIENTED_EDGE('',*,*,#1736,.F.);
#2321=ORIENTED_EDGE('',*,*,#1714,.F.);
#2322=ORIENTED_EDGE('',*,*,#1723,.F.);
#2323=ORIENTED_EDGE('',*,*,#1730,.T.);
#2324=ORIENTED_EDGE('',*,*,#1741,.T.);
#2325=ORIENTED_EDGE('',*,*,#1740,.T.);
#2326=ORIENTED_EDGE('',*,*,#1739,.T.);
#2327=ORIENTED_EDGE('',*,*,#1716,.T.);
#2328=ORIENTED_EDGE('',*,*,#1742,.T.);
#2329=ORIENTED_EDGE('',*,*,#1731,.F.);
#2330=ORIENTED_EDGE('',*,*,#1719,.F.);
#2331=ORIENTED_EDGE('',*,*,#1743,.T.);
#2332=ORIENTED_EDGE('',*,*,#1744,.T.);
#2333=ORIENTED_EDGE('',*,*,#1745,.T.);
#2334=ORIENTED_EDGE('',*,*,#1743,.F.);
#2335=ORIENTED_EDGE('',*,*,#1745,.F.);
#2336=ORIENTED_EDGE('',*,*,#1744,.F.);
#2337=ORIENTED_EDGE('',*,*,#1746,.T.);
#2338=ORIENTED_EDGE('',*,*,#1747,.F.);
#2339=ORIENTED_EDGE('',*,*,#1746,.F.);
#2340=ORIENTED_EDGE('',*,*,#1482,.T.);
#2341=ORIENTED_EDGE('',*,*,#1748,.T.);
#2342=ORIENTED_EDGE('',*,*,#1749,.T.);
#2343=ORIENTED_EDGE('',*,*,#1481,.T.);
#2344=ORIENTED_EDGE('',*,*,#1750,.T.);
#2345=ORIENTED_EDGE('',*,*,#1751,.T.);
#2346=ORIENTED_EDGE('',*,*,#1485,.T.);
#2347=ORIENTED_EDGE('',*,*,#1752,.F.);
#2348=ORIENTED_EDGE('',*,*,#1753,.T.);
#2349=ORIENTED_EDGE('',*,*,#1750,.F.);
#2350=ORIENTED_EDGE('',*,*,#1754,.F.);
#2351=ORIENTED_EDGE('',*,*,#1486,.T.);
#2352=ORIENTED_EDGE('',*,*,#1754,.T.);
#2353=ORIENTED_EDGE('',*,*,#1478,.T.);
#2354=ORIENTED_EDGE('',*,*,#1474,.T.);
#2355=ORIENTED_EDGE('',*,*,#1483,.T.);
#2356=ORIENTED_EDGE('',*,*,#1755,.T.);
#2357=ORIENTED_EDGE('',*,*,#1475,.T.);
#2358=ORIENTED_EDGE('',*,*,#1755,.F.);
#2359=ORIENTED_EDGE('',*,*,#1749,.F.);
#2360=ORIENTED_EDGE('',*,*,#1756,.F.);
#2361=ORIENTED_EDGE('',*,*,#1757,.F.);
#2362=ORIENTED_EDGE('',*,*,#1741,.F.);
#2363=ORIENTED_EDGE('',*,*,#1732,.F.);
#2364=ORIENTED_EDGE('',*,*,#1742,.F.);
#2365=ORIENTED_EDGE('',*,*,#1715,.F.);
#2366=ORIENTED_EDGE('',*,*,#1495,.T.);
#2367=ORIENTED_EDGE('',*,*,#1758,.T.);
#2368=ORIENTED_EDGE('',*,*,#1565,.T.);
#2369=ORIENTED_EDGE('',*,*,#1759,.T.);
#2370=ORIENTED_EDGE('',*,*,#1494,.T.);
#2371=ORIENTED_EDGE('',*,*,#1553,.T.);
#2372=ORIENTED_EDGE('',*,*,#1757,.T.);
#2373=ORIENTED_EDGE('',*,*,#1760,.T.);
#2374=ORIENTED_EDGE('',*,*,#1761,.T.);
#2375=ORIENTED_EDGE('',*,*,#1762,.T.);
#2376=ORIENTED_EDGE('',*,*,#1763,.T.);
#2377=ORIENTED_EDGE('',*,*,#1752,.T.);
#2378=ORIENTED_EDGE('',*,*,#1484,.F.);
#2379=ORIENTED_EDGE('',*,*,#1476,.F.);
#2380=ORIENTED_EDGE('',*,*,#1472,.F.);
#2381=ORIENTED_EDGE('',*,*,#1764,.F.);
#2382=ORIENTED_EDGE('',*,*,#1765,.F.);
#2383=ORIENTED_EDGE('',*,*,#1765,.T.);
#2384=ORIENTED_EDGE('',*,*,#1766,.T.);
#2385=ORIENTED_EDGE('',*,*,#1760,.F.);
#2386=ORIENTED_EDGE('',*,*,#1756,.T.);
#2387=ORIENTED_EDGE('',*,*,#1748,.F.);
#2388=ORIENTED_EDGE('',*,*,#1751,.F.);
#2389=ORIENTED_EDGE('',*,*,#1753,.F.);
#2390=ORIENTED_EDGE('',*,*,#1763,.F.);
#2391=ORIENTED_EDGE('',*,*,#1767,.F.);
#2392=ORIENTED_EDGE('',*,*,#1768,.T.);
#2393=ORIENTED_EDGE('',*,*,#1557,.T.);
#2394=ORIENTED_EDGE('',*,*,#1562,.F.);
#2395=ORIENTED_EDGE('',*,*,#1566,.T.);
#2396=ORIENTED_EDGE('',*,*,#1758,.F.);
#2397=ORIENTED_EDGE('',*,*,#1759,.F.);
#2398=ORIENTED_EDGE('',*,*,#1552,.F.);
#2399=ORIENTED_EDGE('',*,*,#1563,.F.);
#2400=ORIENTED_EDGE('',*,*,#1559,.F.);
#2401=ORIENTED_EDGE('',*,*,#1768,.F.);
#2402=ORIENTED_EDGE('',*,*,#1558,.T.);
#2403=ORIENTED_EDGE('',*,*,#1532,.F.);
#2404=ORIENTED_EDGE('',*,*,#1531,.T.);
#2405=ORIENTED_EDGE('',*,*,#1545,.F.);
#2406=ORIENTED_EDGE('',*,*,#1769,.F.);
#2407=ORIENTED_EDGE('',*,*,#1713,.F.);
#2408=ORIENTED_EDGE('',*,*,#1507,.T.);
#2409=ORIENTED_EDGE('',*,*,#1770,.T.);
#2410=ORIENTED_EDGE('',*,*,#1570,.F.);
#2411=ORIENTED_EDGE('',*,*,#1771,.T.);
#2412=ORIENTED_EDGE('',*,*,#1575,.F.);
#2413=ORIENTED_EDGE('',*,*,#1772,.T.);
#2414=ORIENTED_EDGE('',*,*,#1647,.F.);
#2415=ORIENTED_EDGE('',*,*,#1620,.F.);
#2416=ORIENTED_EDGE('',*,*,#1596,.T.);
#2417=ORIENTED_EDGE('',*,*,#1633,.F.);
#2418=ORIENTED_EDGE('',*,*,#1594,.T.);
#2419=ORIENTED_EDGE('',*,*,#1632,.F.);
#2420=ORIENTED_EDGE('',*,*,#1773,.F.);
#2421=ORIENTED_EDGE('',*,*,#1533,.F.);
#2422=ORIENTED_EDGE('',*,*,#1521,.T.);
#2423=ORIENTED_EDGE('',*,*,#1497,.T.);
#2424=ORIENTED_EDGE('',*,*,#1656,.F.);
#2425=ORIENTED_EDGE('',*,*,#1644,.F.);
#2426=ORIENTED_EDGE('',*,*,#1641,.F.);
#2427=ORIENTED_EDGE('',*,*,#1638,.F.);
#2428=ORIENTED_EDGE('',*,*,#1705,.F.);
#2429=ORIENTED_EDGE('',*,*,#1449,.F.);
#2430=ORIENTED_EDGE('',*,*,#1480,.F.);
#2431=ORIENTED_EDGE('',*,*,#1464,.T.);
#2432=ORIENTED_EDGE('',*,*,#1774,.T.);
#2433=ORIENTED_EDGE('',*,*,#1775,.F.);
#2434=ORIENTED_EDGE('',*,*,#1776,.T.);
#2435=ORIENTED_EDGE('',*,*,#1701,.T.);
#2436=ORIENTED_EDGE('',*,*,#1707,.T.);
#2437=ORIENTED_EDGE('',*,*,#1777,.T.);
#2438=ORIENTED_EDGE('',*,*,#1774,.F.);
#2439=ORIENTED_EDGE('',*,*,#1704,.F.);
#2440=ORIENTED_EDGE('',*,*,#1778,.F.);
#2441=ORIENTED_EDGE('',*,*,#1772,.F.);
#2442=ORIENTED_EDGE('',*,*,#1574,.F.);
#2443=ORIENTED_EDGE('',*,*,#1779,.F.);
#2444=ORIENTED_EDGE('',*,*,#1780,.T.);
#2445=ORIENTED_EDGE('',*,*,#1781,.F.);
#2446=ORIENTED_EDGE('',*,*,#1695,.F.);
#2447=ORIENTED_EDGE('',*,*,#1782,.F.);
#2448=ORIENTED_EDGE('',*,*,#1783,.T.);
#2449=ORIENTED_EDGE('',*,*,#1784,.T.);
#2450=ORIENTED_EDGE('',*,*,#1785,.F.);
#2451=ORIENTED_EDGE('',*,*,#1634,.F.);
#2452=ORIENTED_EDGE('',*,*,#1786,.F.);
#2453=ORIENTED_EDGE('',*,*,#1787,.F.);
#2454=ORIENTED_EDGE('',*,*,#1788,.F.);
#2455=ORIENTED_EDGE('',*,*,#1635,.F.);
#2456=ORIENTED_EDGE('',*,*,#1788,.T.);
#2457=ORIENTED_EDGE('',*,*,#1783,.F.);
#2458=ORIENTED_EDGE('',*,*,#1789,.F.);
#2459=ORIENTED_EDGE('',*,*,#1636,.F.);
#2460=ORIENTED_EDGE('',*,*,#1789,.T.);
#2461=ORIENTED_EDGE('',*,*,#1790,.F.);
#2462=ORIENTED_EDGE('',*,*,#1791,.F.);
#2463=ORIENTED_EDGE('',*,*,#1637,.F.);
#2464=ORIENTED_EDGE('',*,*,#1791,.T.);
#2465=ORIENTED_EDGE('',*,*,#1792,.F.);
#2466=ORIENTED_EDGE('',*,*,#1786,.T.);
#2467=ORIENTED_EDGE('',*,*,#1793,.F.);
#2468=ORIENTED_EDGE('',*,*,#1627,.T.);
#2469=ORIENTED_EDGE('',*,*,#1696,.T.);
#2470=ORIENTED_EDGE('',*,*,#1781,.T.);
#2471=ORIENTED_EDGE('',*,*,#1794,.T.);
#2472=ORIENTED_EDGE('',*,*,#1795,.F.);
#2473=ORIENTED_EDGE('',*,*,#1796,.F.);
#2474=ORIENTED_EDGE('',*,*,#1792,.T.);
#2475=ORIENTED_EDGE('',*,*,#1797,.T.);
#2476=ORIENTED_EDGE('',*,*,#1797,.F.);
#2477=ORIENTED_EDGE('',*,*,#1798,.T.);
#2478=ORIENTED_EDGE('',*,*,#1799,.F.);
#2479=ORIENTED_EDGE('',*,*,#1800,.F.);
#2480=ORIENTED_EDGE('',*,*,#1801,.F.);
#2481=ORIENTED_EDGE('',*,*,#1798,.F.);
#2482=ORIENTED_EDGE('',*,*,#1800,.T.);
#2483=ORIENTED_EDGE('',*,*,#1799,.T.);
#2484=ORIENTED_EDGE('',*,*,#1802,.T.);
#2485=ORIENTED_EDGE('',*,*,#1803,.T.);
#2486=ORIENTED_EDGE('',*,*,#1802,.F.);
#2487=ORIENTED_EDGE('',*,*,#1801,.T.);
#2488=ORIENTED_EDGE('',*,*,#1782,.T.);
#2489=ORIENTED_EDGE('',*,*,#1804,.F.);
#2490=ORIENTED_EDGE('',*,*,#1794,.F.);
#2491=ORIENTED_EDGE('',*,*,#1790,.T.);
#2492=ORIENTED_EDGE('',*,*,#1803,.F.);
#2493=ORIENTED_EDGE('',*,*,#1784,.F.);
#2494=ORIENTED_EDGE('',*,*,#1787,.T.);
#2495=ORIENTED_EDGE('',*,*,#1796,.T.);
#2496=ORIENTED_EDGE('',*,*,#1805,.F.);
#2497=ORIENTED_EDGE('',*,*,#1806,.F.);
#2498=ORIENTED_EDGE('',*,*,#1806,.T.);
#2499=ORIENTED_EDGE('',*,*,#1807,.T.);
#2500=ORIENTED_EDGE('',*,*,#1808,.F.);
#2501=ORIENTED_EDGE('',*,*,#1807,.F.);
#2502=ORIENTED_EDGE('',*,*,#1808,.T.);
#2503=ORIENTED_EDGE('',*,*,#1809,.T.);
#2504=ORIENTED_EDGE('',*,*,#1810,.T.);
#2505=ORIENTED_EDGE('',*,*,#1809,.F.);
#2506=ORIENTED_EDGE('',*,*,#1470,.F.);
#2507=ORIENTED_EDGE('',*,*,#1604,.F.);
#2508=ORIENTED_EDGE('',*,*,#1811,.F.);
#2509=ORIENTED_EDGE('',*,*,#1471,.F.);
#2510=ORIENTED_EDGE('',*,*,#1812,.F.);
#2511=ORIENTED_EDGE('',*,*,#1618,.F.);
#2512=ORIENTED_EDGE('',*,*,#1804,.T.);
#2513=ORIENTED_EDGE('',*,*,#1785,.T.);
#2514=ORIENTED_EDGE('',*,*,#1805,.T.);
#2515=ORIENTED_EDGE('',*,*,#1795,.T.);
#2516=ORIENTED_EDGE('',*,*,#1447,.T.);
#2517=ORIENTED_EDGE('',*,*,#1453,.F.);
#2518=ORIENTED_EDGE('',*,*,#1813,.F.);
#2519=ORIENTED_EDGE('',*,*,#1459,.T.);
#2520=ORIENTED_EDGE('',*,*,#1814,.F.);
#2521=ORIENTED_EDGE('',*,*,#1456,.F.);
#2522=ORIENTED_EDGE('',*,*,#1458,.T.);
#2523=ORIENTED_EDGE('',*,*,#1815,.T.);
#2524=ORIENTED_EDGE('',*,*,#1816,.T.);
#2525=ORIENTED_EDGE('',*,*,#1817,.T.);
#2526=ORIENTED_EDGE('',*,*,#1814,.T.);
#2527=ORIENTED_EDGE('',*,*,#1451,.F.);
#2528=ORIENTED_EDGE('',*,*,#1817,.F.);
#2529=ORIENTED_EDGE('',*,*,#1818,.F.);
#2530=ORIENTED_EDGE('',*,*,#1819,.F.);
#2531=ORIENTED_EDGE('',*,*,#1820,.F.);
#2532=ORIENTED_EDGE('',*,*,#1452,.F.);
#2533=ORIENTED_EDGE('',*,*,#1448,.T.);
#2534=ORIENTED_EDGE('',*,*,#1813,.T.);
#2535=ORIENTED_EDGE('',*,*,#1820,.T.);
#2536=ORIENTED_EDGE('',*,*,#1821,.F.);
#2537=ORIENTED_EDGE('',*,*,#1822,.T.);
#2538=ORIENTED_EDGE('',*,*,#1612,.T.);
#2539=ORIENTED_EDGE('',*,*,#1823,.T.);
#2540=ORIENTED_EDGE('',*,*,#1823,.F.);
#2541=ORIENTED_EDGE('',*,*,#1611,.T.);
#2542=ORIENTED_EDGE('',*,*,#1615,.T.);
#2543=ORIENTED_EDGE('',*,*,#1619,.T.);
#2544=ORIENTED_EDGE('',*,*,#1812,.T.);
#2545=ORIENTED_EDGE('',*,*,#1811,.T.);
#2546=ORIENTED_EDGE('',*,*,#1603,.F.);
#2547=ORIENTED_EDGE('',*,*,#1616,.T.);
#2548=ORIENTED_EDGE('',*,*,#1613,.F.);
#2549=ORIENTED_EDGE('',*,*,#1822,.F.);
#2550=ORIENTED_EDGE('',*,*,#1824,.F.);
#2551=ORIENTED_EDGE('',*,*,#1825,.F.);
#2552=ORIENTED_EDGE('',*,*,#1826,.F.);
#2553=ORIENTED_EDGE('',*,*,#1827,.F.);
#2554=ORIENTED_EDGE('',*,*,#1815,.F.);
#2555=ORIENTED_EDGE('',*,*,#1457,.F.);
#2556=ORIENTED_EDGE('',*,*,#1454,.F.);
#2557=ORIENTED_EDGE('',*,*,#1445,.F.);
#2558=ORIENTED_EDGE('',*,*,#1828,.F.);
#2559=ORIENTED_EDGE('',*,*,#1829,.T.);
#2560=ORIENTED_EDGE('',*,*,#1824,.T.);
#2561=ORIENTED_EDGE('',*,*,#1821,.T.);
#2562=ORIENTED_EDGE('',*,*,#1819,.T.);
#2563=ORIENTED_EDGE('',*,*,#1818,.T.);
#2564=ORIENTED_EDGE('',*,*,#1816,.F.);
#2565=ORIENTED_EDGE('',*,*,#1827,.T.);
#2566=ORIENTED_EDGE('',*,*,#1830,.F.);
#2567=ORIENTED_EDGE('',*,*,#1828,.T.);
#2568=ORIENTED_EDGE('',*,*,#1831,.F.);
#2569=ORIENTED_EDGE('',*,*,#1832,.F.);
#2570=ORIENTED_EDGE('',*,*,#1777,.F.);
#2571=ORIENTED_EDGE('',*,*,#1706,.F.);
#2572=ORIENTED_EDGE('',*,*,#1681,.T.);
#2573=ORIENTED_EDGE('',*,*,#1685,.T.);
#2574=ORIENTED_EDGE('',*,*,#1826,.T.);
#2575=ORIENTED_EDGE('',*,*,#1833,.T.);
#2576=ORIENTED_EDGE('',*,*,#1834,.F.);
#2577=ORIENTED_EDGE('',*,*,#1833,.F.);
#2578=ORIENTED_EDGE('',*,*,#1825,.T.);
#2579=ORIENTED_EDGE('',*,*,#1829,.F.);
#2580=ORIENTED_EDGE('',*,*,#1831,.T.);
#2581=ORIENTED_EDGE('',*,*,#1830,.T.);
#2582=ORIENTED_EDGE('',*,*,#1835,.T.);
#2583=ORIENTED_EDGE('',*,*,#1775,.T.);
#2584=ORIENTED_EDGE('',*,*,#1832,.T.);
#2585=ORIENTED_EDGE('',*,*,#1684,.T.);
#2586=ORIENTED_EDGE('',*,*,#1689,.T.);
#2587=ORIENTED_EDGE('',*,*,#1834,.T.);
#2588=ORIENTED_EDGE('',*,*,#1836,.T.);
#2589=ORIENTED_EDGE('',*,*,#1837,.T.);
#2590=ORIENTED_EDGE('',*,*,#1654,.T.);
#2591=ORIENTED_EDGE('',*,*,#1838,.T.);
#2592=ORIENTED_EDGE('',*,*,#1836,.F.);
#2593=ORIENTED_EDGE('',*,*,#1839,.F.);
#2594=ORIENTED_EDGE('',*,*,#1840,.F.);
#2595=ORIENTED_EDGE('',*,*,#1572,.F.);
#2596=ORIENTED_EDGE('',*,*,#1841,.T.);
#2597=ORIENTED_EDGE('',*,*,#1842,.F.);
#2598=ORIENTED_EDGE('',*,*,#1843,.F.);
#2599=ORIENTED_EDGE('',*,*,#1844,.F.);
#2600=ORIENTED_EDGE('',*,*,#1845,.F.);
#2601=ORIENTED_EDGE('',*,*,#1846,.T.);
#2602=ORIENTED_EDGE('',*,*,#1842,.T.);
#2603=ORIENTED_EDGE('',*,*,#1847,.T.);
#2604=ORIENTED_EDGE('',*,*,#1839,.T.);
#2605=ORIENTED_EDGE('',*,*,#1848,.F.);
#2606=ORIENTED_EDGE('',*,*,#1849,.T.);
#2607=ORIENTED_EDGE('',*,*,#1691,.T.);
#2608=ORIENTED_EDGE('',*,*,#1793,.T.);
#2609=ORIENTED_EDGE('',*,*,#1702,.T.);
#2610=ORIENTED_EDGE('',*,*,#1776,.F.);
#2611=ORIENTED_EDGE('',*,*,#1835,.F.);
#2612=ORIENTED_EDGE('',*,*,#1688,.F.);
#2613=ORIENTED_EDGE('',*,*,#1673,.F.);
#2614=ORIENTED_EDGE('',*,*,#1692,.F.);
#2615=ORIENTED_EDGE('',*,*,#1849,.F.);
#2616=ORIENTED_EDGE('',*,*,#1850,.F.);
#2617=ORIENTED_EDGE('',*,*,#1851,.T.);
#2618=ORIENTED_EDGE('',*,*,#1725,.T.);
#2619=ORIENTED_EDGE('',*,*,#1661,.T.);
#2620=ORIENTED_EDGE('',*,*,#1669,.T.);
#2621=ORIENTED_EDGE('',*,*,#1653,.F.);
#2622=ORIENTED_EDGE('',*,*,#1698,.T.);
#2623=ORIENTED_EDGE('',*,*,#1699,.T.);
#2624=ORIENTED_EDGE('',*,*,#1655,.F.);
#2625=ORIENTED_EDGE('',*,*,#1837,.F.);
#2626=ORIENTED_EDGE('',*,*,#1838,.F.);
#2627=ORIENTED_EDGE('',*,*,#1810,.F.);
#2628=ORIENTED_EDGE('',*,*,#1747,.T.);
#2629=ORIENTED_EDGE('',*,*,#1852,.T.);
#2630=ORIENTED_EDGE('',*,*,#1853,.T.);
#2631=ORIENTED_EDGE('',*,*,#1728,.T.);
#2632=ORIENTED_EDGE('',*,*,#1854,.F.);
#2633=ORIENTED_EDGE('',*,*,#1727,.F.);
#2634=ORIENTED_EDGE('',*,*,#1726,.F.);
#2635=ORIENTED_EDGE('',*,*,#1851,.F.);
#2636=ORIENTED_EDGE('',*,*,#1855,.T.);
#2637=ORIENTED_EDGE('',*,*,#1856,.T.);
#2638=ORIENTED_EDGE('',*,*,#1761,.F.);
#2639=ORIENTED_EDGE('',*,*,#1766,.F.);
#2640=ORIENTED_EDGE('',*,*,#1764,.T.);
#2641=ORIENTED_EDGE('',*,*,#1767,.T.);
#2642=ORIENTED_EDGE('',*,*,#1762,.F.);
#2643=ORIENTED_EDGE('',*,*,#1856,.F.);
#2644=ORIENTED_EDGE('',*,*,#1857,.T.);
#2645=ORIENTED_EDGE('',*,*,#1858,.T.);
#2646=ORIENTED_EDGE('',*,*,#1712,.F.);
#2647=ORIENTED_EDGE('',*,*,#1859,.F.);
#2648=ORIENTED_EDGE('',*,*,#1860,.F.);
#2649=ORIENTED_EDGE('',*,*,#1843,.T.);
#2650=ORIENTED_EDGE('',*,*,#1846,.F.);
#2651=ORIENTED_EDGE('',*,*,#1841,.F.);
#2652=ORIENTED_EDGE('',*,*,#1571,.F.);
#2653=ORIENTED_EDGE('',*,*,#1567,.F.);
#2654=ORIENTED_EDGE('',*,*,#1770,.F.);
#2655=ORIENTED_EDGE('',*,*,#1506,.F.);
#2656=ORIENTED_EDGE('',*,*,#1711,.T.);
#2657=ORIENTED_EDGE('',*,*,#1861,.T.);
#2658=ORIENTED_EDGE('',*,*,#1862,.T.);
#2659=ORIENTED_EDGE('',*,*,#1859,.T.);
#2660=ORIENTED_EDGE('',*,*,#1863,.F.);
#2661=ORIENTED_EDGE('',*,*,#1864,.T.);
#2662=ORIENTED_EDGE('',*,*,#1844,.T.);
#2663=ORIENTED_EDGE('',*,*,#1860,.T.);
#2664=ORIENTED_EDGE('',*,*,#1862,.F.);
#2665=ORIENTED_EDGE('',*,*,#1865,.T.);
#2666=ORIENTED_EDGE('',*,*,#1866,.T.);
#2667=ORIENTED_EDGE('',*,*,#1857,.F.);
#2668=ORIENTED_EDGE('',*,*,#1855,.F.);
#2669=ORIENTED_EDGE('',*,*,#1867,.T.);
#2670=ORIENTED_EDGE('',*,*,#1852,.F.);
#2671=ORIENTED_EDGE('',*,*,#1854,.T.);
#2672=ORIENTED_EDGE('',*,*,#1850,.T.);
#2673=ORIENTED_EDGE('',*,*,#1848,.T.);
#2674=ORIENTED_EDGE('',*,*,#1780,.F.);
#2675=ORIENTED_EDGE('',*,*,#1694,.T.);
#2676=ORIENTED_EDGE('',*,*,#1607,.F.);
#2677=ORIENTED_EDGE('',*,*,#1609,.F.);
#2678=ORIENTED_EDGE('',*,*,#1693,.T.);
#2679=ORIENTED_EDGE('',*,*,#1649,.T.);
#2680=ORIENTED_EDGE('',*,*,#1778,.T.);
#2681=ORIENTED_EDGE('',*,*,#1868,.T.);
#2682=ORIENTED_EDGE('',*,*,#1863,.T.);
#2683=ORIENTED_EDGE('',*,*,#1648,.T.);
#2684=ORIENTED_EDGE('',*,*,#1573,.F.);
#2685=ORIENTED_EDGE('',*,*,#1840,.T.);
#2686=ORIENTED_EDGE('',*,*,#1847,.F.);
#2687=ORIENTED_EDGE('',*,*,#1845,.T.);
#2688=ORIENTED_EDGE('',*,*,#1864,.F.);
#2689=ORIENTED_EDGE('',*,*,#1868,.F.);
#2690=ORIENTED_EDGE('',*,*,#1779,.T.);
#2691=ORIENTED_EDGE('',*,*,#1576,.F.);
#2692=ORIENTED_EDGE('',*,*,#1771,.F.);
#2693=ORIENTED_EDGE('',*,*,#1569,.F.);
#2694=ORIENTED_EDGE('',*,*,#1709,.F.);
#2695=ORIENTED_EDGE('',*,*,#1869,.T.);
#2696=ORIENTED_EDGE('',*,*,#1870,.F.);
#2697=ORIENTED_EDGE('',*,*,#1871,.F.);
#2698=ORIENTED_EDGE('',*,*,#1869,.F.);
#2699=ORIENTED_EDGE('',*,*,#1643,.F.);
#2700=ORIENTED_EDGE('',*,*,#1872,.F.);
#2701=ORIENTED_EDGE('',*,*,#1870,.T.);
#2702=ORIENTED_EDGE('',*,*,#1871,.T.);
#2703=ORIENTED_EDGE('',*,*,#1873,.T.);
#2704=ORIENTED_EDGE('',*,*,#1872,.T.);
#2705=ORIENTED_EDGE('',*,*,#1873,.F.);
#2706=ORIENTED_EDGE('',*,*,#1773,.T.);
#2707=ORIENTED_EDGE('',*,*,#1631,.F.);
#2708=ORIENTED_EDGE('',*,*,#1678,.T.);
#2709=ORIENTED_EDGE('',*,*,#1676,.T.);
#2710=ORIENTED_EDGE('',*,*,#1690,.F.);
#2711=ORIENTED_EDGE('',*,*,#1686,.T.);
#2712=ORIENTED_EDGE('',*,*,#1679,.T.);
#2713=ORIENTED_EDGE('',*,*,#1666,.F.);
#2714=ORIENTED_EDGE('',*,*,#1670,.T.);
#2715=ORIENTED_EDGE('',*,*,#1663,.F.);
#2716=ORIENTED_EDGE('',*,*,#1874,.F.);
#2717=ORIENTED_EDGE('',*,*,#1534,.F.);
#2718=ORIENTED_EDGE('',*,*,#1535,.F.);
#2719=ORIENTED_EDGE('',*,*,#1874,.T.);
#2720=ORIENTED_EDGE('',*,*,#1662,.T.);
#2721=ORIENTED_EDGE('',*,*,#1539,.F.);
#2722=ORIENTED_EDGE('',*,*,#1729,.T.);
#2723=ORIENTED_EDGE('',*,*,#1853,.F.);
#2724=ORIENTED_EDGE('',*,*,#1867,.F.);
#2725=ORIENTED_EDGE('',*,*,#1858,.F.);
#2726=ORIENTED_EDGE('',*,*,#1866,.F.);
#2727=ORIENTED_EDGE('',*,*,#1875,.F.);
#2728=ORIENTED_EDGE('',*,*,#1544,.F.);
#2729=ORIENTED_EDGE('',*,*,#1876,.F.);
#2730=ORIENTED_EDGE('',*,*,#1540,.F.);
#2731=ORIENTED_EDGE('',*,*,#1875,.T.);
#2732=ORIENTED_EDGE('',*,*,#1865,.F.);
#2733=ORIENTED_EDGE('',*,*,#1861,.F.);
#2734=ORIENTED_EDGE('',*,*,#1769,.T.);
#2735=ORIENTED_EDGE('',*,*,#1623,.F.);
#2736=ORIENTED_EDGE('',*,*,#1622,.F.);
#2737=ORIENTED_EDGE('',*,*,#1877,.F.);
#2738=ORIENTED_EDGE('',*,*,#1624,.T.);
#2739=ORIENTED_EDGE('',*,*,#1877,.T.);
#2740=ORIENTED_EDGE('',*,*,#1651,.T.);
#2741=ORIENTED_EDGE('',*,*,#1542,.F.);
#2742=ORIENTED_EDGE('',*,*,#1541,.F.);
#2743=ORIENTED_EDGE('',*,*,#1878,.T.);
#2744=ORIENTED_EDGE('',*,*,#1543,.T.);
#2745=ORIENTED_EDGE('',*,*,#1876,.T.);
#2746=ORIENTED_EDGE('',*,*,#1878,.F.);
#2747=PLANE('',#3026);
#2748=PLANE('',#3034);
#2749=PLANE('',#3035);
#2750=PLANE('',#3043);
#2751=PLANE('',#3051);
#2752=PLANE('',#3052);
#2753=PLANE('',#3060);
#2754=PLANE('',#3061);
#2755=PLANE('',#3062);
#2756=PLANE('',#3064);
#2757=PLANE('',#3065);
#2758=PLANE('',#3066);
#2759=PLANE('',#3069);
#2760=PLANE('',#3072);
#2761=PLANE('',#3074);
#2762=PLANE('',#3075);
#2763=PLANE('',#3081);
#2764=PLANE('',#3082);
#2765=PLANE('',#3083);
#2766=PLANE('',#3087);
#2767=PLANE('',#3088);
#2768=PLANE('',#3090);
#2769=PLANE('',#3091);
#2770=PLANE('',#3092);
#2771=PLANE('',#3095);
#2772=PLANE('',#3098);
#2773=PLANE('',#3099);
#2774=PLANE('',#3107);
#2775=PLANE('',#3108);
#2776=PLANE('',#3109);
#2777=PLANE('',#3110);
#2778=PLANE('',#3119);
#2779=PLANE('',#3121);
#2780=PLANE('',#3122);
#2781=PLANE('',#3130);
#2782=PLANE('',#3131);
#2783=PLANE('',#3138);
#2784=PLANE('',#3139);
#2785=PLANE('',#3140);
#2786=PLANE('',#3141);
#2787=PLANE('',#3142);
#2788=PLANE('',#3147);
#2789=PLANE('',#3148);
#2790=PLANE('',#3151);
#2791=PLANE('',#3157);
#2792=PLANE('',#3158);
#2793=PLANE('',#3159);
#2794=PLANE('',#3160);
#2795=PLANE('',#3161);
#2796=PLANE('',#3162);
#2797=PLANE('',#3166);
#2798=PLANE('',#3167);
#2799=PLANE('',#3171);
#2800=PLANE('',#3172);
#2801=PLANE('',#3178);
#2802=PLANE('',#3179);
#2803=PLANE('',#3180);
#2804=PLANE('',#3181);
#2805=PLANE('',#3182);
#2806=PLANE('',#3183);
#2807=PLANE('',#3184);
#2808=PLANE('',#3185);
#2809=PLANE('',#3186);
#2810=PLANE('',#3187);
#2811=PLANE('',#3190);
#2812=PLANE('',#3192);
#2813=PLANE('',#3193);
#2814=PLANE('',#3194);
#2815=PLANE('',#3195);
#2816=PLANE('',#3196);
#2817=PLANE('',#3197);
#2818=PLANE('',#3200);
#2819=PLANE('',#3201);
#2820=PLANE('',#3202);
#2821=PLANE('',#3203);
#2822=PLANE('',#3204);
#2823=PLANE('',#3205);
#2824=PLANE('',#3208);
#2825=PLANE('',#3209);
#2826=PLANE('',#3213);
#2827=PLANE('',#3214);
#2828=PLANE('',#3220);
#2829=PLANE('',#3221);
#2830=PLANE('',#3222);
#2831=PLANE('',#3223);
#2832=PLANE('',#3224);
#2833=PLANE('',#3225);
#2834=PLANE('',#3226);
#2835=PLANE('',#3227);
#2836=PLANE('',#3228);
#2837=PLANE('',#3229);
#2838=PLANE('',#3230);
#2839=PLANE('',#3231);
#2840=PLANE('',#3234);
#2841=PLANE('',#3235);
#2842=PLANE('',#3237);
#2843=PLANE('',#3240);
#2844=PLANE('',#3244);
#2845=PLANE('',#3245);
#2846=PLANE('',#3251);
#2847=PLANE('',#3253);
#2848=PLANE('',#3259);
#2849=PLANE('',#3262);
#2850=PLANE('',#3265);
#2851=PLANE('',#3269);
#2852=PLANE('',#3272);
#2853=PLANE('',#3274);
#2854=PLANE('',#3275);
#2855=PLANE('',#3277);
#2856=PLANE('',#3278);
#2857=PLANE('',#3279);
#2858=PLANE('',#3280);
#2859=ADVANCED_FACE('',(#194),#2747,.T.);
#2860=ADVANCED_FACE('',(#195),#166,.F.);
#2861=ADVANCED_FACE('',(#196),#2748,.T.);
#2862=ADVANCED_FACE('',(#197),#2749,.T.);
#2863=ADVANCED_FACE('',(#198),#167,.F.);
#2864=ADVANCED_FACE('',(#199),#2750,.T.);
#2865=ADVANCED_FACE('',(#200),#168,.F.);
#2866=ADVANCED_FACE('',(#201),#2751,.T.);
#2867=ADVANCED_FACE('',(#202),#2752,.T.);
#2868=ADVANCED_FACE('',(#203),#169,.F.);
#2869=ADVANCED_FACE('',(#204),#2753,.T.);
#2870=ADVANCED_FACE('',(#205),#2754,.T.);
#2871=ADVANCED_FACE('',(#206),#2755,.T.);
#2872=ADVANCED_FACE('',(#207),#2756,.T.);
#2873=ADVANCED_FACE('',(#208),#2757,.T.);
#2874=ADVANCED_FACE('',(#209),#2758,.T.);
#2875=ADVANCED_FACE('',(#210),#2759,.T.);
#2876=ADVANCED_FACE('',(#211,#41,#42,#43),#2760,.T.);
#2877=ADVANCED_FACE('',(#212),#2761,.F.);
#2878=ADVANCED_FACE('',(#213),#2762,.T.);
#2879=ADVANCED_FACE('',(#214),#170,.F.);
#2880=ADVANCED_FACE('',(#215),#2763,.F.);
#2881=ADVANCED_FACE('',(#216),#2764,.T.);
#2882=ADVANCED_FACE('',(#217),#2765,.F.);
#2883=ADVANCED_FACE('',(#218),#171,.T.);
#2884=ADVANCED_FACE('',(#219),#2766,.T.);
#2885=ADVANCED_FACE('',(#220),#2767,.T.);
#2886=ADVANCED_FACE('',(#221),#2768,.T.);
#2887=ADVANCED_FACE('',(#222),#2769,.T.);
#2888=ADVANCED_FACE('',(#223),#2770,.T.);
#2889=ADVANCED_FACE('',(#224),#2771,.T.);
#2890=ADVANCED_FACE('',(#225),#2772,.F.);
#2891=ADVANCED_FACE('',(#226),#2773,.F.);
#2892=ADVANCED_FACE('',(#227),#172,.F.);
#2893=ADVANCED_FACE('',(#228),#2774,.T.);
#2894=ADVANCED_FACE('',(#229),#2775,.F.);
#2895=ADVANCED_FACE('',(#230),#2776,.F.);
#2896=ADVANCED_FACE('',(#231,#44,#45,#46),#2777,.F.);
#2897=ADVANCED_FACE('',(#232),#173,.T.);
#2898=ADVANCED_FACE('',(#233),#174,.F.);
#2899=ADVANCED_FACE('',(#234),#2778,.T.);
#2900=ADVANCED_FACE('',(#235),#2779,.T.);
#2901=ADVANCED_FACE('',(#236),#2780,.T.);
#2902=ADVANCED_FACE('',(#237),#175,.T.);
#2903=ADVANCED_FACE('',(#238),#18,.T.);
#2904=ADVANCED_FACE('',(#239),#176,.T.);
#2905=ADVANCED_FACE('',(#240),#2781,.T.);
#2906=ADVANCED_FACE('',(#241),#2782,.F.);
#2907=ADVANCED_FACE('',(#242),#19,.T.);
#2908=ADVANCED_FACE('',(#243),#177,.T.);
#2909=ADVANCED_FACE('',(#244),#178,.T.);
#2910=ADVANCED_FACE('',(#245),#2783,.T.);
#2911=ADVANCED_FACE('',(#246),#2784,.F.);
#2912=ADVANCED_FACE('',(#247),#2785,.T.);
#2913=ADVANCED_FACE('',(#248),#2786,.T.);
#2914=ADVANCED_FACE('',(#249),#2787,.T.);
#2915=ADVANCED_FACE('',(#250),#20,.F.);
#2916=ADVANCED_FACE('',(#251),#2788,.F.);
#2917=ADVANCED_FACE('',(#252),#2789,.T.);
#2918=ADVANCED_FACE('',(#253),#17,.T.);
#2919=ADVANCED_FACE('',(#254,#47),#2790,.F.);
#2920=ADVANCED_FACE('',(#255),#21,.F.);
#2921=ADVANCED_FACE('',(#256),#179,.T.);
#2922=ADVANCED_FACE('',(#257),#2791,.F.);
#2923=ADVANCED_FACE('',(#258),#2792,.T.);
#2924=ADVANCED_FACE('',(#259),#2793,.T.);
#2925=ADVANCED_FACE('',(#260),#2794,.T.);
#2926=ADVANCED_FACE('',(#261),#2795,.T.);
#2927=ADVANCED_FACE('',(#262),#2796,.F.);
#2928=ADVANCED_FACE('',(#263),#180,.T.);
#2929=ADVANCED_FACE('',(#264),#2797,.F.);
#2930=ADVANCED_FACE('',(#265),#2798,.F.);
#2931=ADVANCED_FACE('',(#266),#181,.F.);
#2932=ADVANCED_FACE('',(#267),#15,.F.);
#2933=ADVANCED_FACE('',(#268,#48),#2799,.F.);
#2934=ADVANCED_FACE('',(#269,#49),#2800,.F.);
#2935=ADVANCED_FACE('',(#270),#182,.F.);
#2936=ADVANCED_FACE('',(#271),#22,.F.);
#2937=ADVANCED_FACE('',(#272),#2801,.T.);
#2938=ADVANCED_FACE('',(#273),#2802,.T.);
#2939=ADVANCED_FACE('',(#274),#2803,.T.);
#2940=ADVANCED_FACE('',(#275),#2804,.T.);
#2941=ADVANCED_FACE('',(#276),#2805,.T.);
#2942=ADVANCED_FACE('',(#277),#2806,.T.);
#2943=ADVANCED_FACE('',(#278),#2807,.T.);
#2944=ADVANCED_FACE('',(#279),#2808,.F.);
#2945=ADVANCED_FACE('',(#280),#2809,.F.);
#2946=ADVANCED_FACE('',(#281),#2810,.F.);
#2947=ADVANCED_FACE('',(#282),#2811,.T.);
#2948=ADVANCED_FACE('',(#283),#2812,.T.);
#2949=ADVANCED_FACE('',(#284),#2813,.T.);
#2950=ADVANCED_FACE('',(#285),#2814,.T.);
#2951=ADVANCED_FACE('',(#286,#50,#51,#52,#53,#54),#2815,.T.);
#2952=ADVANCED_FACE('',(#287),#2816,.T.);
#2953=ADVANCED_FACE('',(#288),#2817,.T.);
#2954=ADVANCED_FACE('',(#289),#183,.T.);
#2955=ADVANCED_FACE('',(#290),#2818,.T.);
#2956=ADVANCED_FACE('',(#291),#2819,.T.);
#2957=ADVANCED_FACE('',(#292),#2820,.F.);
#2958=ADVANCED_FACE('',(#293),#2821,.F.);
#2959=ADVANCED_FACE('',(#294),#2822,.F.);
#2960=ADVANCED_FACE('',(#295),#2823,.F.);
#2961=ADVANCED_FACE('',(#296),#184,.T.);
#2962=ADVANCED_FACE('',(#297),#2824,.T.);
#2963=ADVANCED_FACE('',(#298),#2825,.T.);
#2964=ADVANCED_FACE('',(#299),#185,.F.);
#2965=ADVANCED_FACE('',(#300),#16,.T.);
#2966=ADVANCED_FACE('',(#301,#55),#2826,.T.);
#2967=ADVANCED_FACE('',(#302,#56),#2827,.T.);
#2968=ADVANCED_FACE('',(#303),#186,.F.);
#2969=ADVANCED_FACE('',(#304),#23,.F.);
#2970=ADVANCED_FACE('',(#305),#2828,.F.);
#2971=ADVANCED_FACE('',(#306),#2829,.F.);
#2972=ADVANCED_FACE('',(#307),#2830,.F.);
#2973=ADVANCED_FACE('',(#308),#2831,.T.);
#2974=ADVANCED_FACE('',(#309),#2832,.T.);
#2975=ADVANCED_FACE('',(#310),#2833,.F.);
#2976=ADVANCED_FACE('',(#311),#2834,.T.);
#2977=ADVANCED_FACE('',(#312),#2835,.T.);
#2978=ADVANCED_FACE('',(#313),#2836,.F.);
#2979=ADVANCED_FACE('',(#314),#2837,.F.);
#2980=ADVANCED_FACE('',(#315),#2838,.F.);
#2981=ADVANCED_FACE('',(#316),#2839,.T.);
#2982=ADVANCED_FACE('',(#317),#2840,.F.);
#2983=ADVANCED_FACE('',(#318),#2841,.F.);
#2984=ADVANCED_FACE('',(#319),#2842,.F.);
#2985=ADVANCED_FACE('',(#320),#187,.F.);
#2986=ADVANCED_FACE('',(#321),#2843,.T.);
#2987=ADVANCED_FACE('',(#322),#24,.F.);
#2988=ADVANCED_FACE('',(#323),#2844,.T.);
#2989=ADVANCED_FACE('',(#324),#2845,.T.);
#2990=ADVANCED_FACE('',(#325),#188,.T.);
#2991=ADVANCED_FACE('',(#326),#25,.T.);
#2992=ADVANCED_FACE('',(#327,#57,#58,#59,#60),#2846,.T.);
#2993=ADVANCED_FACE('',(#328),#2847,.F.);
#2994=ADVANCED_FACE('',(#329),#26,.T.);
#2995=ADVANCED_FACE('',(#330),#189,.F.);
#2996=ADVANCED_FACE('',(#331),#2848,.T.);
#2997=ADVANCED_FACE('',(#332),#190,.T.);
#2998=ADVANCED_FACE('',(#333),#2849,.T.);
#2999=ADVANCED_FACE('',(#334),#191,.T.);
#3000=ADVANCED_FACE('',(#335),#2850,.F.);
#3001=ADVANCED_FACE('',(#336),#192,.F.);
#3002=ADVANCED_FACE('',(#337,#61),#2851,.F.);
#3003=ADVANCED_FACE('',(#338),#27,.F.);
#3004=ADVANCED_FACE('',(#339),#2852,.T.);
#3005=ADVANCED_FACE('',(#340),#193,.T.);
#3006=ADVANCED_FACE('',(#341),#2853,.T.);
#3007=ADVANCED_FACE('',(#342),#2854,.F.);
#3008=ADVANCED_FACE('',(#343),#2855,.T.);
#3009=ADVANCED_FACE('',(#344),#2856,.T.);
#3010=ADVANCED_FACE('',(#345),#2857,.T.);
#3011=ADVANCED_FACE('',(#346),#2858,.T.);
#3012=CLOSED_SHELL('',(#2859,#2860,#2861,#2862,#2863,#2864,#2865,#2866,
#2867,#2868,#2869,#2870,#2871,#2872,#2873,#2874,#2875,#2876,#2877,#2878,
#2879,#2880,#2881,#2882,#2883,#2884,#2885,#2886,#2887,#2888,#2889,#2890,
#2891,#2892,#2893,#2894,#2895,#2896,#2897,#2898,#2899,#2900,#2901,#2902,
#2903,#2904,#2905,#2906,#2907,#2908,#2909,#2910,#2911,#2912,#2913,#2914,
#2915,#2916,#2917,#2918,#2919,#2920,#2921,#2922,#2923,#2924,#2925,#2926,
#2927,#2928,#2929,#2930,#2931,#2932,#2933,#2934,#2935,#2936,#2937,#2938,
#2939,#2940,#2941,#2942,#2943,#2944,#2945,#2946,#2947,#2948,#2949,#2950,
#2951,#2952,#2953,#2954,#2955,#2956,#2957,#2958,#2959,#2960,#2961,#2962,
#2963,#2964,#2965,#2966,#2967,#2968,#2969,#2970,#2971,#2972,#2973,#2974,
#2975,#2976,#2977,#2978,#2979,#2980,#2981,#2982,#2983,#2984,#2985,#2986,
#2987,#2988,#2989,#2990,#2991,#2992,#2993,#2994,#2995,#2996,#2997,#2998,
#2999,#3000,#3001,#3002,#3003,#3004,#3005,#3006,#3007,#3008,#3009,#3010,
#3011));
#3013=DERIVED_UNIT_ELEMENT(#3015,1.);
#3014=DERIVED_UNIT_ELEMENT(#5199,-3.);
#3015=(
MASS_UNIT()
NAMED_UNIT(*)
SI_UNIT(.KILO.,.GRAM.)
);
#3016=DERIVED_UNIT((#3013,#3014));
#3017=MEASURE_REPRESENTATION_ITEM('density measure',
POSITIVE_RATIO_MEASURE(7850.),#3016);
#3018=PROPERTY_DEFINITION_REPRESENTATION(#3023,#3020);
#3019=PROPERTY_DEFINITION_REPRESENTATION(#3024,#3021);
#3020=REPRESENTATION('material name',(#3022),#5196);
#3021=REPRESENTATION('density',(#3017),#5196);
#3022=DESCRIPTIVE_REPRESENTATION_ITEM('Steel','Steel');
#3023=PROPERTY_DEFINITION('material property','material name',#5206);
#3024=PROPERTY_DEFINITION('material property','density of part',#5206);
#3025=AXIS2_PLACEMENT_3D('',#4110,#3281,#3282);
#3026=AXIS2_PLACEMENT_3D('',#4111,#3283,#3284);
#3027=AXIS2_PLACEMENT_3D('',#4120,#3289,#3290);
#3028=AXIS2_PLACEMENT_3D('',#4122,#3291,#3292);
#3029=AXIS2_PLACEMENT_3D('',#4126,#3294,#3295);
#3030=AXIS2_PLACEMENT_3D('',#4128,#3296,#3297);
#3031=AXIS2_PLACEMENT_3D('',#4129,#3298,#3299);
#3032=AXIS2_PLACEMENT_3D('',#4131,#3300,#3301);
#3033=AXIS2_PLACEMENT_3D('',#4134,#3303,#3304);
#3034=AXIS2_PLACEMENT_3D('',#4135,#3305,#3306);
#3035=AXIS2_PLACEMENT_3D('',#4141,#3310,#3311);
#3036=AXIS2_PLACEMENT_3D('',#4150,#3316,#3317);
#3037=AXIS2_PLACEMENT_3D('',#4152,#3318,#3319);
#3038=AXIS2_PLACEMENT_3D('',#4155,#3321,#3322);
#3039=AXIS2_PLACEMENT_3D('',#4157,#3323,#3324);
#3040=AXIS2_PLACEMENT_3D('',#4161,#3326,#3327);
#3041=AXIS2_PLACEMENT_3D('',#4163,#3328,#3329);
#3042=AXIS2_PLACEMENT_3D('',#4164,#3330,#3331);
#3043=AXIS2_PLACEMENT_3D('',#4165,#3332,#3333);
#3044=AXIS2_PLACEMENT_3D('',#4174,#3338,#3339);
#3045=AXIS2_PLACEMENT_3D('',#4176,#3340,#3341);
#3046=AXIS2_PLACEMENT_3D('',#4180,#3343,#3344);
#3047=AXIS2_PLACEMENT_3D('',#4183,#3346,#3347);
#3048=AXIS2_PLACEMENT_3D('',#4185,#3348,#3349);
#3049=AXIS2_PLACEMENT_3D('',#4187,#3350,#3351);
#3050=AXIS2_PLACEMENT_3D('',#4188,#3352,#3353);
#3051=AXIS2_PLACEMENT_3D('',#4189,#3354,#3355);
#3052=AXIS2_PLACEMENT_3D('',#4195,#3359,#3360);
#3053=AXIS2_PLACEMENT_3D('',#4204,#3365,#3366);
#3054=AXIS2_PLACEMENT_3D('',#4206,#3367,#3368);
#3055=AXIS2_PLACEMENT_3D('',#4210,#3370,#3371);
#3056=AXIS2_PLACEMENT_3D('',#4212,#3372,#3373);
#3057=AXIS2_PLACEMENT_3D('',#4214,#3374,#3375);
#3058=AXIS2_PLACEMENT_3D('',#4217,#3377,#3378);
#3059=AXIS2_PLACEMENT_3D('',#4218,#3379,#3380);
#3060=AXIS2_PLACEMENT_3D('',#4219,#3381,#3382);
#3061=AXIS2_PLACEMENT_3D('',#4225,#3386,#3387);
#3062=AXIS2_PLACEMENT_3D('',#4231,#3391,#3392);
#3063=AXIS2_PLACEMENT_3D('',#4234,#3393,#3394);
#3064=AXIS2_PLACEMENT_3D('',#4238,#3397,#3398);
#3065=AXIS2_PLACEMENT_3D('',#4251,#3405,#3406);
#3066=AXIS2_PLACEMENT_3D('',#4264,#3413,#3414);
#3067=AXIS2_PLACEMENT_3D('',#4267,#3415,#3416);
#3068=AXIS2_PLACEMENT_3D('',#4271,#3418,#3419);
#3069=AXIS2_PLACEMENT_3D('',#4277,#3423,#3424);
#3070=AXIS2_PLACEMENT_3D('',#4280,#3425,#3426);
#3071=AXIS2_PLACEMENT_3D('',#4288,#3430,#3431);
#3072=AXIS2_PLACEMENT_3D('',#4290,#3433,#3434);
#3073=AXIS2_PLACEMENT_3D('',#4297,#3438,#3439);
#3074=AXIS2_PLACEMENT_3D('',#4325,#3454,#3455);
#3075=AXIS2_PLACEMENT_3D('',#4327,#3457,#3458);
#3076=AXIS2_PLACEMENT_3D('',#4333,#3462,#3463);
#3077=AXIS2_PLACEMENT_3D('',#4335,#3464,#3465);
#3078=AXIS2_PLACEMENT_3D('',#4339,#3467,#3468);
#3079=AXIS2_PLACEMENT_3D('',#4343,#3470,#3471);
#3080=AXIS2_PLACEMENT_3D('',#4346,#3473,#3474);
#3081=AXIS2_PLACEMENT_3D('',#4347,#3475,#3476);
#3082=AXIS2_PLACEMENT_3D('',#4352,#3480,#3481);
#3083=AXIS2_PLACEMENT_3D('',#4357,#3485,#3486);
#3084=AXIS2_PLACEMENT_3D('',#4358,#3487,#3488);
#3085=AXIS2_PLACEMENT_3D('',#4361,#3489,#3490);
#3086=AXIS2_PLACEMENT_3D('',#4365,#3492,#3493);
#3087=AXIS2_PLACEMENT_3D('',#4367,#3495,#3496);
#3088=AXIS2_PLACEMENT_3D('',#4373,#3500,#3501);
#3089=AXIS2_PLACEMENT_3D('',#4376,#3502,#3503);
#3090=AXIS2_PLACEMENT_3D('',#4380,#3506,#3507);
#3091=AXIS2_PLACEMENT_3D('',#4393,#3514,#3515);
#3092=AXIS2_PLACEMENT_3D('',#4406,#3522,#3523);
#3093=AXIS2_PLACEMENT_3D('',#4409,#3524,#3525);
#3094=AXIS2_PLACEMENT_3D('',#4417,#3529,#3530);
#3095=AXIS2_PLACEMENT_3D('',#4419,#3532,#3533);
#3096=AXIS2_PLACEMENT_3D('',#4422,#3534,#3535);
#3097=AXIS2_PLACEMENT_3D('',#4426,#3537,#3538);
#3098=AXIS2_PLACEMENT_3D('',#4432,#3542,#3543);
#3099=AXIS2_PLACEMENT_3D('',#4434,#3545,#3546);
#3100=AXIS2_PLACEMENT_3D('',#4440,#3550,#3551);
#3101=AXIS2_PLACEMENT_3D('',#4443,#3552,#3553);
#3102=AXIS2_PLACEMENT_3D('',#4447,#3555,#3556);
#3103=AXIS2_PLACEMENT_3D('',#4449,#3557,#3558);
#3104=AXIS2_PLACEMENT_3D('',#4450,#3559,#3560);
#3105=AXIS2_PLACEMENT_3D('',#4452,#3561,#3562);
#3106=AXIS2_PLACEMENT_3D('',#4456,#3564,#3565);
#3107=AXIS2_PLACEMENT_3D('',#4458,#3567,#3568);
#3108=AXIS2_PLACEMENT_3D('',#4463,#3572,#3573);
#3109=AXIS2_PLACEMENT_3D('',#4468,#3577,#3578);
#3110=AXIS2_PLACEMENT_3D('',#4469,#3579,#3580);
#3111=AXIS2_PLACEMENT_3D('',#4491,#3591,#3592);
#3112=AXIS2_PLACEMENT_3D('',#4504,#3600,#3601);
#3113=AXIS2_PLACEMENT_3D('',#4507,#3602,#3603);
#3114=AXIS2_PLACEMENT_3D('',#4522,#3605,#3606);
#3115=AXIS2_PLACEMENT_3D('',#4524,#3607,#3608);
#3116=AXIS2_PLACEMENT_3D('',#4527,#3610,#3611);
#3117=AXIS2_PLACEMENT_3D('',#4529,#3612,#3613);
#3118=AXIS2_PLACEMENT_3D('',#4532,#3615,#3616);
#3119=AXIS2_PLACEMENT_3D('',#4533,#3617,#3618);
#3120=AXIS2_PLACEMENT_3D('',#4541,#3623,#3624);
#3121=AXIS2_PLACEMENT_3D('',#4542,#3625,#3626);
#3122=AXIS2_PLACEMENT_3D('',#4549,#3628,#3629);
#3123=AXIS2_PLACEMENT_3D('',#4556,#3631,#3632);
#3124=AXIS2_PLACEMENT_3D('',#4558,#3633,#3634);
#3125=AXIS2_PLACEMENT_3D('',#4571,#3635,#3636);
#3126=AXIS2_PLACEMENT_3D('',#4575,#3638,#3639);
#3127=AXIS2_PLACEMENT_3D('',#4578,#3641,#3642);
#3128=AXIS2_PLACEMENT_3D('',#4579,#3643,#3644);
#3129=AXIS2_PLACEMENT_3D('',#4581,#3645,#3646);
#3130=AXIS2_PLACEMENT_3D('',#4583,#3648,#3649);
#3131=AXIS2_PLACEMENT_3D('',#4594,#3655,#3656);
#3132=AXIS2_PLACEMENT_3D('',#4599,#3660,#3661);
#3133=AXIS2_PLACEMENT_3D('',#4603,#3663,#3664);
#3134=AXIS2_PLACEMENT_3D('',#4606,#3666,#3667);
#3135=AXIS2_PLACEMENT_3D('',#4607,#3668,#3669);
#3136=AXIS2_PLACEMENT_3D('',#4610,#3671,#3672);
#3137=AXIS2_PLACEMENT_3D('',#4611,#3673,#3674);
#3138=AXIS2_PLACEMENT_3D('',#4613,#3676,#3677);
#3139=AXIS2_PLACEMENT_3D('',#4623,#3683,#3684);
#3140=AXIS2_PLACEMENT_3D('',#4631,#3689,#3690);
#3141=AXIS2_PLACEMENT_3D('',#4636,#3694,#3695);
#3142=AXIS2_PLACEMENT_3D('',#4640,#3698,#3699);
#3143=AXIS2_PLACEMENT_3D('',#4646,#3703,#3704);
#3144=AXIS2_PLACEMENT_3D('',#4647,#3705,#3706);
#3145=AXIS2_PLACEMENT_3D('',#4650,#3708,#3709);
#3146=AXIS2_PLACEMENT_3D('',#4651,#3710,#3711);
#3147=AXIS2_PLACEMENT_3D('',#4652,#3712,#3713);
#3148=AXIS2_PLACEMENT_3D('',#4658,#3717,#3718);
#3149=AXIS2_PLACEMENT_3D('',#4662,#3721,#3722);
#3150=AXIS2_PLACEMENT_3D('',#4663,#3723,#3724);
#3151=AXIS2_PLACEMENT_3D('',#4664,#3725,#3726);
#3152=AXIS2_PLACEMENT_3D('',#4669,#3729,#3730);
#3153=AXIS2_PLACEMENT_3D('',#4670,#3731,#3732);
#3154=AXIS2_PLACEMENT_3D('',#4672,#3733,#3734);
#3155=AXIS2_PLACEMENT_3D('',#4674,#3736,#3737);
#3156=AXIS2_PLACEMENT_3D('',#4677,#3738,#3739);
#3157=AXIS2_PLACEMENT_3D('',#4680,#3742,#3743);
#3158=AXIS2_PLACEMENT_3D('',#4689,#3748,#3749);
#3159=AXIS2_PLACEMENT_3D('',#4694,#3753,#3754);
#3160=AXIS2_PLACEMENT_3D('',#4696,#3756,#3757);
#3161=AXIS2_PLACEMENT_3D('',#4700,#3760,#3761);
#3162=AXIS2_PLACEMENT_3D('',#4702,#3763,#3764);
#3163=AXIS2_PLACEMENT_3D('',#4706,#3767,#3768);
#3164=AXIS2_PLACEMENT_3D('',#4708,#3769,#3770);
#3165=AXIS2_PLACEMENT_3D('',#4711,#3772,#3773);
#3166=AXIS2_PLACEMENT_3D('',#4712,#3774,#3775);
#3167=AXIS2_PLACEMENT_3D('',#4718,#3779,#3780);
#3168=AXIS2_PLACEMENT_3D('',#4720,#3781,#3782);
#3169=AXIS2_PLACEMENT_3D('',#4721,#3783,#3784);
#3170=AXIS2_PLACEMENT_3D('',#4731,#3785,#3786);
#3171=AXIS2_PLACEMENT_3D('',#4825,#3788,#3789);
#3172=AXIS2_PLACEMENT_3D('',#4827,#3791,#3792);
#3173=AXIS2_PLACEMENT_3D('',#4830,#3794,#3795);
#3174=AXIS2_PLACEMENT_3D('',#4831,#3796,#3797);
#3175=AXIS2_PLACEMENT_3D('',#4833,#3798,#3799);
#3176=AXIS2_PLACEMENT_3D('',#4835,#3801,#3802);
#3177=AXIS2_PLACEMENT_3D('',#4838,#3804,#3805);
#3178=AXIS2_PLACEMENT_3D('',#4839,#3806,#3807);
#3179=AXIS2_PLACEMENT_3D('',#4843,#3810,#3811);
#3180=AXIS2_PLACEMENT_3D('',#4847,#3814,#3815);
#3181=AXIS2_PLACEMENT_3D('',#4852,#3819,#3820);
#3182=AXIS2_PLACEMENT_3D('',#4853,#3821,#3822);
#3183=AXIS2_PLACEMENT_3D('',#4855,#3824,#3825);
#3184=AXIS2_PLACEMENT_3D('',#4859,#3828,#3829);
#3185=AXIS2_PLACEMENT_3D('',#4860,#3830,#3831);
#3186=AXIS2_PLACEMENT_3D('',#4862,#3833,#3834);
#3187=AXIS2_PLACEMENT_3D('',#4864,#3836,#3837);
#3188=AXIS2_PLACEMENT_3D('',#4868,#3839,#3840);
#3189=AXIS2_PLACEMENT_3D('',#4870,#3841,#3842);
#3190=AXIS2_PLACEMENT_3D('',#4872,#3844,#3845);
#3191=AXIS2_PLACEMENT_3D('',#4875,#3846,#3847);
#3192=AXIS2_PLACEMENT_3D('',#4877,#3849,#3850);
#3193=AXIS2_PLACEMENT_3D('',#4880,#3853,#3854);
#3194=AXIS2_PLACEMENT_3D('',#4882,#3856,#3857);
#3195=AXIS2_PLACEMENT_3D('',#4883,#3858,#3859);
#3196=AXIS2_PLACEMENT_3D('',#4889,#3865,#3866);
#3197=AXIS2_PLACEMENT_3D('',#4895,#3870,#3871);
#3198=AXIS2_PLACEMENT_3D('',#4897,#3873,#3874);
#3199=AXIS2_PLACEMENT_3D('',#4899,#3875,#3876);
#3200=AXIS2_PLACEMENT_3D('',#4901,#3878,#3879);
#3201=AXIS2_PLACEMENT_3D('',#4905,#3882,#3883);
#3202=AXIS2_PLACEMENT_3D('',#4914,#3888,#3889);
#3203=AXIS2_PLACEMENT_3D('',#4919,#3893,#3894);
#3204=AXIS2_PLACEMENT_3D('',#4921,#3896,#3897);
#3205=AXIS2_PLACEMENT_3D('',#4925,#3900,#3901);
#3206=AXIS2_PLACEMENT_3D('',#4927,#3903,#3904);
#3207=AXIS2_PLACEMENT_3D('',#4928,#3905,#3906);
#3208=AXIS2_PLACEMENT_3D('',#4929,#3907,#3908);
#3209=AXIS2_PLACEMENT_3D('',#4935,#3912,#3913);
#3210=AXIS2_PLACEMENT_3D('',#4937,#3914,#3915);
#3211=AXIS2_PLACEMENT_3D('',#4938,#3916,#3917);
#3212=AXIS2_PLACEMENT_3D('',#4949,#3919,#3920);
#3213=AXIS2_PLACEMENT_3D('',#5040,#3921,#3922);
#3214=AXIS2_PLACEMENT_3D('',#5042,#3924,#3925);
#3215=AXIS2_PLACEMENT_3D('',#5045,#3927,#3928);
#3216=AXIS2_PLACEMENT_3D('',#5046,#3929,#3930);
#3217=AXIS2_PLACEMENT_3D('',#5049,#3932,#3933);
#3218=AXIS2_PLACEMENT_3D('',#5050,#3934,#3935);
#3219=AXIS2_PLACEMENT_3D('',#5053,#3937,#3938);
#3220=AXIS2_PLACEMENT_3D('',#5054,#3939,#3940);
#3221=AXIS2_PLACEMENT_3D('',#5056,#3942,#3943);
#3222=AXIS2_PLACEMENT_3D('',#5058,#3945,#3946);
#3223=AXIS2_PLACEMENT_3D('',#5059,#3947,#3948);
#3224=AXIS2_PLACEMENT_3D('',#5061,#3950,#3951);
#3225=AXIS2_PLACEMENT_3D('',#5063,#3953,#3954);
#3226=AXIS2_PLACEMENT_3D('',#5069,#3958,#3959);
#3227=AXIS2_PLACEMENT_3D('',#5071,#3961,#3962);
#3228=AXIS2_PLACEMENT_3D('',#5075,#3965,#3966);
#3229=AXIS2_PLACEMENT_3D('',#5079,#3969,#3970);
#3230=AXIS2_PLACEMENT_3D('',#5081,#3972,#3973);
#3231=AXIS2_PLACEMENT_3D('',#5082,#3974,#3975);
#3232=AXIS2_PLACEMENT_3D('',#5086,#3977,#3978);
#3233=AXIS2_PLACEMENT_3D('',#5088,#3979,#3980);
#3234=AXIS2_PLACEMENT_3D('',#5090,#3982,#3983);
#3235=AXIS2_PLACEMENT_3D('',#5096,#3987,#3988);
#3236=AXIS2_PLACEMENT_3D('',#5097,#3989,#3990);
#3237=AXIS2_PLACEMENT_3D('',#5098,#3991,#3992);
#3238=AXIS2_PLACEMENT_3D('',#5100,#3994,#3995);
#3239=AXIS2_PLACEMENT_3D('',#5103,#3997,#3998);
#3240=AXIS2_PLACEMENT_3D('',#5104,#3999,#4000);
#3241=AXIS2_PLACEMENT_3D('',#5106,#4002,#4003);
#3242=AXIS2_PLACEMENT_3D('',#5109,#4005,#4006);
#3243=AXIS2_PLACEMENT_3D('',#5110,#4007,#4008);
#3244=AXIS2_PLACEMENT_3D('',#5111,#4009,#4010);
#3245=AXIS2_PLACEMENT_3D('',#5117,#4014,#4015);
#3246=AXIS2_PLACEMENT_3D('',#5126,#4020,#4021);
#3247=AXIS2_PLACEMENT_3D('',#5127,#4022,#4023);
#3248=AXIS2_PLACEMENT_3D('',#5128,#4024,#4025);
#3249=AXIS2_PLACEMENT_3D('',#5129,#4026,#4027);
#3250=AXIS2_PLACEMENT_3D('',#5132,#4029,#4030);
#3251=AXIS2_PLACEMENT_3D('',#5133,#4031,#4032);
#3252=AXIS2_PLACEMENT_3D('',#5136,#4034,#4035);
#3253=AXIS2_PLACEMENT_3D('',#5137,#4036,#4037);
#3254=AXIS2_PLACEMENT_3D('',#5141,#4040,#4041);
#3255=AXIS2_PLACEMENT_3D('',#5143,#4043,#4044);
#3256=AXIS2_PLACEMENT_3D('',#5146,#4045,#4046);
#3257=AXIS2_PLACEMENT_3D('',#5149,#4048,#4049);
#3258=AXIS2_PLACEMENT_3D('',#5150,#4050,#4051);
#3259=AXIS2_PLACEMENT_3D('',#5151,#4052,#4053);
#3260=AXIS2_PLACEMENT_3D('',#5155,#4056,#4057);
#3261=AXIS2_PLACEMENT_3D('',#5158,#4059,#4060);
#3262=AXIS2_PLACEMENT_3D('',#5159,#4061,#4062);
#3263=AXIS2_PLACEMENT_3D('',#5161,#4063,#4064);
#3264=AXIS2_PLACEMENT_3D('',#5167,#4069,#4070);
#3265=AXIS2_PLACEMENT_3D('',#5169,#4072,#4073);
#3266=AXIS2_PLACEMENT_3D('',#5170,#4074,#4075);
#3267=AXIS2_PLACEMENT_3D('',#5174,#4077,#4078);
#3268=AXIS2_PLACEMENT_3D('',#5175,#4079,#4080);
#3269=AXIS2_PLACEMENT_3D('',#5176,#4081,#4082);
#3270=AXIS2_PLACEMENT_3D('',#5178,#4083,#4084);
#3271=AXIS2_PLACEMENT_3D('',#5179,#4085,#4086);
#3272=AXIS2_PLACEMENT_3D('',#5181,#4088,#4089);
#3273=AXIS2_PLACEMENT_3D('',#5183,#4091,#4092);
#3274=AXIS2_PLACEMENT_3D('',#5184,#4093,#4094);
#3275=AXIS2_PLACEMENT_3D('',#5186,#4096,#4097);
#3276=AXIS2_PLACEMENT_3D('',#5187,#4098,#4099);
#3277=AXIS2_PLACEMENT_3D('',#5188,#4100,#4101);
#3278=AXIS2_PLACEMENT_3D('',#5190,#4103,#4104);
#3279=AXIS2_PLACEMENT_3D('',#5191,#4105,#4106);
#3280=AXIS2_PLACEMENT_3D('',#5193,#4108,#4109);
#3281=DIRECTION('axis',(0.,0.,1.));
#3282=DIRECTION('refdir',(1.,0.,0.));
#3283=DIRECTION('center_axis',(0.,1.75162308040602E-46,1.));
#3284=DIRECTION('ref_axis',(3.29313828962915E-31,-1.,1.75162308040602E-46));
#3285=DIRECTION('',(1.,-3.33066879282416E-16,5.83407633069886E-62));
#3286=DIRECTION('',(0.,1.,0.));
#3287=DIRECTION('',(1.,-3.33066879282415E-16,5.83407633069884E-62));
#3288=DIRECTION('',(1.11022302462516E-16,1.,-1.75162308040602E-46));
#3289=DIRECTION('center_axis',(-2.22044602750419E-16,-1.,-3.53363206420462E-15));
#3290=DIRECTION('ref_axis',(-1.,2.22044556768205E-16,1.30127339546341E-8));
#3291=DIRECTION('center_axis',(3.22740306334377E-13,1.,-6.12505838467744E-13));
#3292=DIRECTION('ref_axis',(0.368124558734821,4.50684891754083E-13,0.92977648349283));
#3293=DIRECTION('',(-2.22044602750419E-16,-1.,-3.53363206420462E-15));
#3294=DIRECTION('center_axis',(-3.33066879282415E-16,-1.,-3.68752180336345E-15));
#3295=DIRECTION('ref_axis',(-1.,3.33066831297675E-16,1.30127339546341E-8));
#3296=DIRECTION('center_axis',(-3.33066879282415E-16,-1.,-3.68752180336345E-15));
#3297=DIRECTION('ref_axis',(-1.,3.33066831297675E-16,1.30127339546341E-8));
#3298=DIRECTION('center_axis',(-3.33066879282415E-16,-1.,-3.68752180336345E-15));
#3299=DIRECTION('ref_axis',(-1.,3.33066831297675E-16,1.30127339546341E-8));
#3300=DIRECTION('center_axis',(-3.33066879282416E-16,-1.,-3.68752180336345E-15));
#3301=DIRECTION('ref_axis',(-1.,2.22044556768205E-16,1.30127339546341E-8));
#3302=DIRECTION('',(0.,-1.,0.));
#3303=DIRECTION('center_axis',(-3.33066879282415E-16,-1.,-3.68752180336345E-15));
#3304=DIRECTION('ref_axis',(-1.,3.33066831297675E-16,1.30127339546341E-8));
#3305=DIRECTION('center_axis',(0.,1.75162308040602E-46,1.));
#3306=DIRECTION('ref_axis',(3.29313828962915E-31,-1.,1.75162308040602E-46));
#3307=DIRECTION('',(1.,-3.33066879282416E-16,5.83407633069886E-62));
#3308=DIRECTION('',(-1.11022302462516E-16,-1.,1.75162308040602E-46));
#3309=DIRECTION('',(1.,-3.33066879282415E-16,5.83407633069884E-62));
#3310=DIRECTION('center_axis',(0.,-1.75162308040602E-46,-1.));
#3311=DIRECTION('ref_axis',(-3.45126646034193E-31,1.,-1.75162308040602E-46));
#3312=DIRECTION('',(-1.,3.33066879282416E-16,-5.83407633069886E-62));
#3313=DIRECTION('',(0.,1.,0.));
#3314=DIRECTION('',(-1.,1.11022302462516E-16,-1.94469227433161E-62));
#3315=DIRECTION('',(1.11022302462516E-16,1.,-1.75162308040602E-46));
#3316=DIRECTION('center_axis',(-2.22044602750419E-16,-1.,-3.53363206420462E-15));
#3317=DIRECTION('ref_axis',(-1.,2.22044556768205E-16,1.30127339546341E-8));
#3318=DIRECTION('center_axis',(-9.6232128848319E-12,-1.,-3.2919726605288E-12));
#3319=DIRECTION('ref_axis',(0.823530256277234,-9.79245203449879E-12,0.567272348167926));
#3320=DIRECTION('',(-2.22044602750419E-16,-1.,-3.53363206420462E-15));
#3321=DIRECTION('center_axis',(-1.11022302462516E-16,-1.,-7.89438496125232E-31));
#3322=DIRECTION('ref_axis',(-1.,1.11022302462516E-16,1.30127339546341E-8));
#3323=DIRECTION('center_axis',(-3.33066879282416E-16,-1.,-3.68752180336345E-15));
#3324=DIRECTION('ref_axis',(-1.,2.22044556768205E-16,1.30127339546341E-8));
#3325=DIRECTION('',(0.,-1.,0.));
#3326=DIRECTION('center_axis',(-1.11022302462516E-16,-1.,-7.89438496125232E-31));
#3327=DIRECTION('ref_axis',(-1.,1.11022302462516E-16,1.30127339546341E-8));
#3328=DIRECTION('center_axis',(-1.11022302462516E-16,-1.,-7.89438496125232E-31));
#3329=DIRECTION('ref_axis',(-1.,1.11022302462516E-16,1.30127339546341E-8));
#3330=DIRECTION('center_axis',(-1.11022302462516E-16,-1.,-7.89438496125232E-31));
#3331=DIRECTION('ref_axis',(-1.,1.11022302462516E-16,1.30127339546341E-8));
#3332=DIRECTION('center_axis',(0.,-1.75162308040602E-46,-1.));
#3333=DIRECTION('ref_axis',(3.52122689512034E-31,-1.,1.75162308040602E-46));
#3334=DIRECTION('',(-1.,3.2964353328951E-23,-5.77411221216496E-69));
#3335=DIRECTION('',(0.,1.,0.));
#3336=DIRECTION('',(-1.,1.11022259336997E-16,-1.94469151893507E-62));
#3337=DIRECTION('',(1.11022259336997E-16,1.,-1.75162308040602E-46));
#3338=DIRECTION('center_axis',(5.03130743392563E-24,1.,3.53363206564932E-15));
#3339=DIRECTION('ref_axis',(1.,-5.03130743390868E-24,-4.79764755280757E-21));
#3340=DIRECTION('center_axis',(-3.2964353328951E-23,-1.,-3.68752180480815E-15));
#3341=DIRECTION('ref_axis',(1.,-5.03130743390868E-24,-4.79764755280757E-21));
#3342=DIRECTION('',(0.,-1.,0.));
#3343=DIRECTION('center_axis',(1.11022259336997E-16,1.,1.07002894513661E-30));
#3344=DIRECTION('ref_axis',(1.,-1.11022259336997E-16,-4.79764755280757E-21));
#3345=DIRECTION('',(5.03130743392563E-24,1.,3.53363206564932E-15));
#3346=DIRECTION('center_axis',(-9.62299079743254E-12,1.,3.29197278575166E-12));
#3347=DIRECTION('ref_axis',(-0.82353024889547,-9.79226917408472E-12,0.567272358884306));
#3348=DIRECTION('center_axis',(1.11022259336997E-16,1.,1.07002894513661E-30));
#3349=DIRECTION('ref_axis',(1.,-1.11022259336997E-16,-4.79764755280757E-21));
#3350=DIRECTION('center_axis',(1.11022259336997E-16,1.,1.07002894513661E-30));
#3351=DIRECTION('ref_axis',(1.,-1.11022259336997E-16,-4.79764755280757E-21));
#3352=DIRECTION('center_axis',(1.11022259336997E-16,1.,1.07002894513661E-30));
#3353=DIRECTION('ref_axis',(1.,-1.11022259336997E-16,-4.79764755280757E-21));
#3354=DIRECTION('center_axis',(0.,-1.75162308040602E-46,-1.));
#3355=DIRECTION('ref_axis',(3.52122689512034E-31,-1.,1.75162308040602E-46));
#3356=DIRECTION('',(-1.,3.2964353328951E-23,-5.77411221216496E-69));
#3357=DIRECTION('',(-1.11022259336997E-16,-1.,1.75162308040602E-46));
#3358=DIRECTION('',(-1.,1.11022259336997E-16,-1.94469151893507E-62));
#3359=DIRECTION('center_axis',(0.,1.75162308040602E-46,1.));
#3360=DIRECTION('ref_axis',(-3.45126646034193E-31,1.,-1.75162308040602E-46));
#3361=DIRECTION('',(1.,-3.2964353328951E-23,5.77411221216496E-69));
#3362=DIRECTION('',(0.,1.,0.));
#3363=DIRECTION('',(1.,1.11022269498162E-16,-1.94469169692038E-62));
#3364=DIRECTION('',(1.11022259336997E-16,1.,-1.75162308040602E-46));
#3365=DIRECTION('center_axis',(5.03130743392563E-24,1.,3.53363206564932E-15));
#3366=DIRECTION('ref_axis',(1.,-5.03130743390868E-24,-4.79764755280756E-21));
#3367=DIRECTION('center_axis',(-3.2964353328951E-23,-1.,-3.68752180480815E-15));
#3368=DIRECTION('ref_axis',(1.,-5.03130743390868E-24,-4.79764755280756E-21));
#3369=DIRECTION('',(0.,-1.,0.));
#3370=DIRECTION('center_axis',(-1.11022269498162E-16,1.,3.68752180625285E-15));
#3371=DIRECTION('ref_axis',(1.,1.11022269498162E-16,-4.79764755239816E-21));
#3372=DIRECTION('center_axis',(-1.11022269498162E-16,1.,3.68752180625285E-15));
#3373=DIRECTION('ref_axis',(1.,1.11022269498162E-16,-4.79764755239816E-21));
#3374=DIRECTION('center_axis',(-1.11022269498162E-16,1.,3.68752180625285E-15));
#3375=DIRECTION('ref_axis',(1.,1.11022269498162E-16,-4.79764755239816E-21));
#3376=DIRECTION('',(5.03130743392563E-24,1.,3.53363206564932E-15));
#3377=DIRECTION('center_axis',(3.22518269742953E-13,-1.,6.12505834269455E-13));
#3378=DIRECTION('ref_axis',(-0.368124546635887,4.50766631809072E-13,0.929776488283137));
#3379=DIRECTION('center_axis',(-1.11022269498162E-16,1.,3.68752180625285E-15));
#3380=DIRECTION('ref_axis',(1.,1.11022269498162E-16,-4.79764755239816E-21));
#3381=DIRECTION('center_axis',(0.,1.75162308040602E-46,1.));
#3382=DIRECTION('ref_axis',(-3.45126646034193E-31,1.,-1.75162308040602E-46));
#3383=DIRECTION('',(1.,-3.2964353328951E-23,5.77411221216496E-69));
#3384=DIRECTION('',(-1.11022259336997E-16,-1.,1.75162308040602E-46));
#3385=DIRECTION('',(1.,1.11022269498162E-16,-1.94469169692038E-62));
#3386=DIRECTION('center_axis',(0.,-1.75162308040602E-46,-1.));
#3387=DIRECTION('ref_axis',(-3.45126646034193E-31,1.,-1.75162308040602E-46));
#3388=DIRECTION('',(-1.,3.33066879282416E-16,-5.83407633069886E-62));
#3389=DIRECTION('',(-1.11022302462516E-16,-1.,1.75162308040602E-46));
#3390=DIRECTION('',(-1.,1.11022302462516E-16,-1.94469227433161E-62));
#3391=DIRECTION('center_axis',(0.,-1.75162308040602E-46,-1.));
#3392=DIRECTION('ref_axis',(3.52122689512034E-31,-1.,1.75162308040602E-46));
#3393=DIRECTION('center_axis',(-6.50572882603126E-9,3.68752180480815E-15,
-1.));
#3394=DIRECTION('ref_axis',(-0.707106781186549,0.707106781186546,4.60024757691919E-9));
#3395=DIRECTION('',(-1.26163629407762E-16,1.,-1.75162308040602E-46));
#3396=DIRECTION('',(-1.,0.,0.));
#3397=DIRECTION('center_axis',(1.,3.52122689512034E-31,3.85185988877598E-33));
#3398=DIRECTION('ref_axis',(-3.52122689512034E-31,1.,-1.75162308040602E-46));
#3399=DIRECTION('',(-6.50629911059167E-9,1.2285493563295E-13,-1.));
#3400=DIRECTION('',(-1.34009023932126E-16,1.,3.68752180568006E-15));
#3401=DIRECTION('',(-3.75641365337134E-9,0.816496580816319,-0.577350269347178));
#3402=DIRECTION('',(6.50629911059167E-9,-5.31885173927189E-13,1.));
#3403=DIRECTION('',(-3.75641343351051E-9,-0.816496580927714,-0.577350269189643));
#3404=DIRECTION('',(1.34009023932126E-16,-1.,-3.68752180568006E-15));
#3405=DIRECTION('center_axis',(1.,3.52122689512034E-31,3.85185988877598E-33));
#3406=DIRECTION('ref_axis',(-3.52122689512034E-31,1.,-1.75162308040602E-46));
#3407=DIRECTION('',(1.34009023932126E-16,-1.,-3.68752180568006E-15));
#3408=DIRECTION('',(-6.50629911059167E-9,1.2285493563295E-13,-1.));
#3409=DIRECTION('',(-1.34009023932126E-16,1.,3.68752180568006E-15));
#3410=DIRECTION('',(-3.75641365234381E-9,0.816496580927991,-0.577350269189251));
#3411=DIRECTION('',(6.50629911059167E-9,-5.31885173851165E-13,1.));
#3412=DIRECTION('',(-3.75641343351039E-9,-0.816496580927726,-0.577350269189625));
#3413=DIRECTION('center_axis',(1.,3.52122689512034E-31,3.85185988877598E-33));
#3414=DIRECTION('ref_axis',(-3.52122689512034E-31,1.,-1.75162308040602E-46));
#3415=DIRECTION('center_axis',(1.,1.34009047924246E-16,-6.50629911059167E-9));
#3416=DIRECTION('ref_axis',(4.60069655532197E-9,0.707106781186548,0.707106781186547));
#3417=DIRECTION('',(-1.55452554506989E-32,-1.75162308040602E-46,-1.));
#3418=DIRECTION('center_axis',(1.,1.34009047924246E-16,-6.50629911059167E-9));
#3419=DIRECTION('ref_axis',(-4.60069639831273E-9,0.707106781186551,-0.707106781186544));
#3420=DIRECTION('',(-1.34009023932126E-16,1.,3.68752180568006E-15));
#3421=DIRECTION('',(6.50629911059167E-9,-3.68752180480815E-15,1.));
#3422=DIRECTION('',(1.34009023932126E-16,-1.,-3.68752180568006E-15));
#3423=DIRECTION('center_axis',(1.,3.52122689512034E-31,3.85185988877598E-33));
#3424=DIRECTION('ref_axis',(-3.52122689512034E-31,1.,-1.75162308040602E-46));
#3425=DIRECTION('center_axis',(1.,1.34009047924246E-16,-6.50629911059167E-9));
#3426=DIRECTION('ref_axis',(-4.60069655532193E-9,0.707106781186551,-0.707106781186544));
#3427=DIRECTION('',(-1.34009023932126E-16,1.,3.68752180568006E-15));
#3428=DIRECTION('',(6.50629911059167E-9,-3.68752180480815E-15,1.));
#3429=DIRECTION('',(1.34009023932126E-16,-1.,-3.68752180568006E-15));
#3430=DIRECTION('center_axis',(1.,1.34009047924246E-16,-6.50629911059167E-9));
#3431=DIRECTION('ref_axis',(4.60069655532197E-9,0.707106781186548,0.707106781186547));
#3432=DIRECTION('',(-1.55452554506989E-32,-1.75162308040602E-46,-1.));
#3433=DIRECTION('center_axis',(1.,1.34009047924246E-16,-6.50629911059167E-9));
#3434=DIRECTION('ref_axis',(-6.50629911059167E-9,5.77781922052048E-34,-1.));
#3435=DIRECTION('',(6.50629911059167E-9,-3.68752180480815E-15,1.));
#3436=DIRECTION('',(6.50629911059167E-9,-3.68752180480815E-15,1.));
#3437=DIRECTION('',(1.34009024809228E-16,-1.,-3.55271369219318E-15));
#3438=DIRECTION('center_axis',(1.,1.34009047924246E-16,-6.50629911059167E-9));
#3439=DIRECTION('ref_axis',(1.38778199228652E-16,-1.,6.41775292486993E-14));
#3440=DIRECTION('',(-1.34009024809228E-16,1.,3.55271369219318E-15));
#3441=DIRECTION('',(-6.50629911059167E-9,3.6875218055305E-15,-1.));
#3442=DIRECTION('',(-1.34009012566985E-16,1.,5.434312205535E-15));
#3443=DIRECTION('',(-6.50629911059167E-9,3.68751701027657E-15,-1.));
#3444=DIRECTION('',(-1.34009023932126E-16,1.,3.68752180568006E-15));
#3445=DIRECTION('',(0.,0.,1.));
#3446=DIRECTION('',(-3.45126646034193E-31,1.,3.68752180480815E-15));
#3447=DIRECTION('',(0.,0.,1.));
#3448=DIRECTION('',(-1.34009023932126E-16,1.,3.68752180568006E-15));
#3449=DIRECTION('',(6.50629911059167E-9,-3.68752180480815E-15,1.));
#3450=DIRECTION('',(1.34009047924246E-16,-1.,-9.37857600844032E-31));
#3451=DIRECTION('',(-6.50629911059167E-9,-1.7701094381942E-13,-1.));
#3452=DIRECTION('',(-5.43151761920719E-11,0.999965154254252,-0.00834807027228023));
#3453=DIRECTION('',(6.50629911059167E-9,1.76608752503518E-13,1.));
#3454=DIRECTION('center_axis',(-1.11022269498162E-16,1.,3.68752180625285E-15));
#3455=DIRECTION('ref_axis',(-1.,-1.11022317482902E-16,1.30127339598414E-8));
#3456=DIRECTION('',(1.30127339598414E-8,-3.68752180480815E-15,1.));
#3457=DIRECTION('center_axis',(-1.,1.11022259336997E-16,1.30127339598414E-8));
#3458=DIRECTION('ref_axis',(1.30127339598414E-8,-3.68752180480815E-15,1.));
#3459=DIRECTION('',(-1.30127339598414E-8,3.68752180480815E-15,-1.));
#3460=DIRECTION('',(1.11022259336997E-16,1.,1.07002894513661E-30));
#3461=DIRECTION('',(1.30127339598414E-8,-3.68752180480815E-15,1.));
#3462=DIRECTION('center_axis',(-1.7660806960386E-16,1.,7.06432298540668E-16));
#3463=DIRECTION('ref_axis',(1.,1.7660806960386E-16,-4.79489028409905E-21));
#3464=DIRECTION('center_axis',(-1.11022279388692E-16,-1.,-3.68752180480815E-15));
#3465=DIRECTION('ref_axis',(1.,-1.11022279388692E-16,-4.79489028515969E-21));
#3466=DIRECTION('',(-1.7660806960386E-16,1.,7.06432298540668E-16));
#3467=DIRECTION('center_axis',(2.87630372066375E-16,-1.,-3.68752180625285E-15));
#3468=DIRECTION('ref_axis',(-1.,-2.87630420051115E-16,1.30127339598413E-8));
#3469=DIRECTION('',(1.11022259336997E-16,1.,1.07002894513661E-30));
#3470=DIRECTION('center_axis',(-3.29643532056914E-23,-1.,-3.68752180480815E-15));
#3471=DIRECTION('ref_axis',(1.,-3.29643532056737E-23,-4.7948902847503E-21));
#3472=DIRECTION('',(1.11022259336997E-16,1.,1.07002894513661E-30));
#3473=DIRECTION('center_axis',(2.87630372066375E-16,-1.,-3.68752180625285E-15));
#3474=DIRECTION('ref_axis',(-1.,-2.87630420051115E-16,1.30127339598413E-8));
#3475=DIRECTION('center_axis',(-1.11022269498162E-16,1.,3.68752180625285E-15));
#3476=DIRECTION('ref_axis',(-1.,-1.11022317482902E-16,1.30127339598414E-8));
#3477=DIRECTION('',(1.30127339598414E-8,-3.68752180480815E-15,1.));
#3478=DIRECTION('',(-1.,-1.43505946591782E-14,1.30127339598414E-8));
#3479=DIRECTION('',(-1.,-1.43505946591782E-14,1.30127339598414E-8));
#3480=DIRECTION('center_axis',(1.,-1.11022259336997E-16,-1.30127339598414E-8));
#3481=DIRECTION('ref_axis',(-1.30127339598414E-8,3.68752180480815E-15,-1.));
#3482=DIRECTION('',(-1.30127339598414E-8,3.68752180480815E-15,-1.));
#3483=DIRECTION('',(-1.30127339598414E-8,3.68752180480815E-15,-1.));
#3484=DIRECTION('',(1.11022259336997E-16,1.,1.07002894513661E-30));
#3485=DIRECTION('center_axis',(-1.11022269498162E-16,1.,3.68752180625285E-15));
#3486=DIRECTION('ref_axis',(-1.,-1.11022317482902E-16,1.30127339598414E-8));
#3487=DIRECTION('center_axis',(1.,-3.94067396823943E-24,-6.50636746489471E-9));
#3488=DIRECTION('ref_axis',(-4.60069655531855E-9,0.707106781186551,-0.707106781186544));
#3489=DIRECTION('center_axis',(-1.,-1.26163629407762E-16,6.50572882602646E-9));
#3490=DIRECTION('ref_axis',(-4.60069655531855E-9,0.707106781186551,-0.707106781186544));
#3491=DIRECTION('',(1.,-2.22044557858839E-16,-6.50636648974417E-9));
#3492=DIRECTION('center_axis',(1.,-3.48208186175967E-16,-6.50700512860762E-9));
#3493=DIRECTION('ref_axis',(-4.60069655531855E-9,0.707106781186551,-0.707106781186544));
#3494=DIRECTION('',(1.,-3.94067396823943E-24,-6.50636746489471E-9));
#3495=DIRECTION('center_axis',(-6.50636746489471E-9,3.68752180480815E-15,
-1.));
#3496=DIRECTION('ref_axis',(-1.,-3.94161538243815E-40,6.50636746489471E-9));
#3497=DIRECTION('',(1.26163605417745E-16,-1.,-3.68752180562902E-15));
#3498=DIRECTION('',(-1.,1.65543202670487E-13,6.50636746489471E-9));
#3499=DIRECTION('',(3.48208210170691E-16,1.,3.68752180254258E-15));
#3500=DIRECTION('center_axis',(0.,-1.75162308040602E-46,-1.));
#3501=DIRECTION('ref_axis',(-3.45126646034193E-31,1.,-1.75162308040602E-46));
#3502=DIRECTION('center_axis',(6.50700512860762E-9,-3.68752180480829E-15,
1.));
#3503=DIRECTION('ref_axis',(0.707106781186549,0.707106781186546,-4.60114484418243E-9));
#3504=DIRECTION('',(1.,0.,0.));
#3505=DIRECTION('',(-3.48208186175967E-16,-1.,1.75162308040602E-46));
#3506=DIRECTION('center_axis',(-1.,-3.29313828962915E-31,-1.54074395551036E-32));
#3507=DIRECTION('ref_axis',(3.29313828962915E-31,-1.,1.75162308040602E-46));
#3508=DIRECTION('',(3.56053633716379E-16,1.,3.68752180249153E-15));
#3509=DIRECTION('',(3.75649219939191E-9,0.816496580927733,0.577350269189616));
#3510=DIRECTION('',(-6.50643484404721E-9,5.3146932004775E-13,-1.));
#3511=DIRECTION('',(3.75649161801574E-9,-0.816496580921545,0.577350269198368));
#3512=DIRECTION('',(-3.56053633716379E-16,-1.,-3.68752180249153E-15));
#3513=DIRECTION('',(6.50643484404721E-9,-1.2287185364176E-13,1.));
#3514=DIRECTION('center_axis',(-1.,-3.29313828962915E-31,-1.54074395551036E-32));
#3515=DIRECTION('ref_axis',(3.29313828962915E-31,-1.,1.75162308040602E-46));
#3516=DIRECTION('',(3.56053633716379E-16,1.,3.68752180249153E-15));
#3517=DIRECTION('',(3.75649219939202E-9,0.816496580927721,0.577350269189633));
#3518=DIRECTION('',(-6.50643484404721E-9,5.3146932004775E-13,-1.));
#3519=DIRECTION('',(3.75649161795883E-9,-0.81649658092773,0.577350269189621));
#3520=DIRECTION('',(-3.56053633716379E-16,-1.,-3.68752180249153E-15));
#3521=DIRECTION('',(6.50643484404721E-9,-1.2287185364176E-13,1.));
#3522=DIRECTION('center_axis',(-1.,-3.29313828962915E-31,-1.54074395551036E-32));
#3523=DIRECTION('ref_axis',(3.29313828962915E-31,-1.,1.75162308040602E-46));
#3524=DIRECTION('center_axis',(-1.,3.56053609723759E-16,6.50643484404721E-9));
#3525=DIRECTION('ref_axis',(4.60069602278883E-9,0.707106781186548,0.707106781186548));
#3526=DIRECTION('',(3.56053633716379E-16,1.,3.68752180249153E-15));
#3527=DIRECTION('',(-6.50643484404721E-9,3.68752180480817E-15,-1.));
#3528=DIRECTION('',(-3.56053633716379E-16,-1.,-3.68752180249153E-15));
#3529=DIRECTION('center_axis',(-1.,3.56053609723759E-16,6.50643484404721E-9));
#3530=DIRECTION('ref_axis',(-4.6006958657796E-9,0.707106781186551,-0.707106781186544));
#3531=DIRECTION('',(1.96708294190246E-32,1.75162308040602E-46,1.));
#3532=DIRECTION('center_axis',(-1.,-3.29313828962915E-31,-1.54074395551036E-32));
#3533=DIRECTION('ref_axis',(3.29313828962915E-31,-1.,1.75162308040602E-46));
#3534=DIRECTION('center_axis',(-1.,3.56053609723759E-16,6.50643484404721E-9));
#3535=DIRECTION('ref_axis',(-4.60069570877039E-9,0.707106781186551,-0.707106781186544));
#3536=DIRECTION('',(1.96708294190246E-32,1.75162308040602E-46,1.));
#3537=DIRECTION('center_axis',(-1.,3.56053609723759E-16,6.50643484404721E-9));
#3538=DIRECTION('ref_axis',(4.60069602278883E-9,0.707106781186548,0.707106781186548));
#3539=DIRECTION('',(3.56053633716379E-16,1.,3.68752180249153E-15));
#3540=DIRECTION('',(-6.50643484404721E-9,3.68752180480817E-15,-1.));
#3541=DIRECTION('',(-3.56053633716379E-16,-1.,-3.68752180249153E-15));
#3542=DIRECTION('center_axis',(1.11022302462516E-16,1.,7.89438496125232E-31));
#3543=DIRECTION('ref_axis',(-5.20247636203587E-18,-7.88860905221012E-31,
1.));
#3544=DIRECTION('',(1.30127338991229E-8,-3.68752180625285E-15,1.));
#3545=DIRECTION('center_axis',(-1.,1.11022302462516E-16,1.30127338991229E-8));
#3546=DIRECTION('ref_axis',(1.30127338991229E-8,-3.68752180625285E-15,1.));
#3547=DIRECTION('',(-1.30127338991229E-8,3.68752180625285E-15,-1.));
#3548=DIRECTION('',(1.11022302462516E-16,1.,7.89438496125232E-31));
#3549=DIRECTION('',(1.30127338991229E-8,-3.68752180625285E-15,1.));
#3550=DIRECTION('center_axis',(-3.98652640595988E-16,-1.,-7.06432294797811E-16));
#3551=DIRECTION('ref_axis',(-1.,3.98652631403372E-16,1.30127339546341E-8));
#3552=DIRECTION('center_axis',(3.98652679388113E-16,1.,3.68752180106529E-15));
#3553=DIRECTION('ref_axis',(1.30127338991229E-8,-3.68752180625285E-15,1.));
#3554=DIRECTION('',(-3.98652640595988E-16,-1.,-7.06432294797811E-16));
#3555=DIRECTION('center_axis',(-4.60069697818475E-9,-0.707106780916374,
-0.707106781456721));
#3556=DIRECTION('ref_axis',(-9.20139213569252E-9,0.707106781456721,-0.707106780916374));
#3557=DIRECTION('center_axis',(0.707106781186548,0.707106781186547,-4.60074159210255E-9));
#3558=DIRECTION('ref_axis',(-0.707106781186547,0.707106781186548,9.20139292062127E-9));
#3559=DIRECTION('center_axis',(-4.60069697818475E-9,-0.707106780916374,
-0.707106781456721));
#3560=DIRECTION('ref_axis',(-9.20139213569252E-9,0.707106781456721,-0.707106780916374));
#3561=DIRECTION('center_axis',(3.98652679388113E-16,1.,3.68752180106529E-15));
#3562=DIRECTION('ref_axis',(1.30127338991229E-8,-3.68752180625285E-15,1.));
#3563=DIRECTION('',(1.11022302462516E-16,1.,7.89438496125232E-31));
#3564=DIRECTION('center_axis',(-2.220445768199E-16,-1.,-3.68752180336345E-15));
#3565=DIRECTION('ref_axis',(-1.,2.2204452883516E-16,1.30127339546341E-8));
#3566=DIRECTION('',(1.11022302462516E-16,1.,7.89438496125232E-31));
#3567=DIRECTION('center_axis',(-2.220445768199E-16,-1.,-3.68752180336345E-15));
#3568=DIRECTION('ref_axis',(-1.30127338991229E-8,3.68752180625286E-15,-1.));
#3569=DIRECTION('',(1.30127338991229E-8,-3.68752180625285E-15,1.));
#3570=DIRECTION('',(-1.,2.2204452883516E-16,1.30127338991229E-8));
#3571=DIRECTION('',(-1.,2.2204452883516E-16,1.30127338991229E-8));
#3572=DIRECTION('center_axis',(1.,-1.11022302462516E-16,-1.30127338991229E-8));
#3573=DIRECTION('ref_axis',(-1.30127338991229E-8,3.68752180625285E-15,-1.));
#3574=DIRECTION('',(-1.30127338991229E-8,3.68752180625285E-15,-1.));
#3575=DIRECTION('',(-1.30127338991229E-8,3.68752180625285E-15,-1.));
#3576=DIRECTION('',(1.11022302462516E-16,1.,7.89438496125232E-31));
#3577=DIRECTION('center_axis',(1.11022302462516E-16,1.,7.89438496125232E-31));
#3578=DIRECTION('ref_axis',(-5.20247636203587E-18,-7.88860905221012E-31,
1.));
#3579=DIRECTION('center_axis',(1.,-3.56053609723759E-16,-6.50643484404721E-9));
#3580=DIRECTION('ref_axis',(-6.50643484404721E-9,1.50700156105693E-29,-1.));
#3581=DIRECTION('',(-6.50643484404721E-9,2.96059473305611E-15,-1.));
#3582=DIRECTION('',(-3.56053633716379E-16,-1.,-3.68752180249153E-15));
#3583=DIRECTION('',(0.,0.,1.));
#3584=DIRECTION('',(3.45126646034193E-31,-1.,-3.68752180480815E-15));
#3585=DIRECTION('',(0.,0.,1.));
#3586=DIRECTION('',(-3.56053633716379E-16,-1.,-3.68752180249153E-15));
#3587=DIRECTION('',(6.50643484404721E-9,-6.50643484924969E-9,1.));
#3588=DIRECTION('',(3.56053645081757E-16,1.,5.43431220234647E-15));
#3589=DIRECTION('',(-6.50643484404721E-9,3.68752180553051E-15,-1.));
#3590=DIRECTION('',(3.56053632839259E-16,1.,3.55271368900465E-15));
#3591=DIRECTION('center_axis',(-1.,3.56053609723759E-16,6.50643484404721E-9));
#3592=DIRECTION('ref_axis',(-3.46944372677813E-16,-1.,6.43737908060348E-14));
#3593=DIRECTION('',(3.56053632839259E-16,1.,3.55271368900465E-15));
#3594=DIRECTION('',(-6.50643484404721E-9,-6.12505834268733E-13,-1.));
#3595=DIRECTION('',(-6.50643484404721E-9,3.68752180480817E-15,-1.));
#3596=DIRECTION('',(6.50643484404721E-9,1.76608752503518E-13,1.));
#3597=DIRECTION('',(-5.4315819258916E-11,0.999965154254252,-0.00834807027228024));
#3598=DIRECTION('',(-6.50643484404721E-9,-1.7701094381942E-13,-1.));
#3599=DIRECTION('',(-3.56053609723759E-16,-1.,3.18852655468078E-24));
#3600=DIRECTION('center_axis',(1.11022302462516E-16,1.,3.64394040729447E-15));
#3601=DIRECTION('ref_axis',(0.712916656378388,2.47615908934947E-15,-0.701248772589486));
#3602=DIRECTION('center_axis',(-1.11022302462458E-16,-1.,6.12505834269455E-13));
#3603=DIRECTION('ref_axis',(0.712916656378388,2.47615908934947E-15,-0.701248772589486));
#3604=DIRECTION('',(-1.11022302462516E-16,-1.,-3.64394040729447E-15));
#3605=DIRECTION('center_axis',(-1.11022302462516E-16,-1.,-3.64394040729447E-15));
#3606=DIRECTION('ref_axis',(-1.,1.11022302462516E-16,-5.20247636203591E-18));
#3607=DIRECTION('center_axis',(1.11022302462458E-16,1.,-6.12505834269455E-13));
#3608=DIRECTION('ref_axis',(-1.,1.11022302462516E-16,-5.20247636203591E-18));
#3609=DIRECTION('',(-1.11022302462516E-16,-1.,-3.64394040729447E-15));
#3610=DIRECTION('center_axis',(3.06268418828973E-15,-1.,-3.28552168645026E-15));
#3611=DIRECTION('ref_axis',(-1.,-3.06268418828973E-15,-5.20247636204635E-18));
#3612=DIRECTION('center_axis',(1.11022302462458E-16,1.,-6.12505834269455E-13));
#3613=DIRECTION('ref_axis',(-1.,1.11022302462516E-16,-5.20247636203591E-18));
#3614=DIRECTION('',(1.11022302462516E-16,1.,3.64394040729447E-15));
#3615=DIRECTION('center_axis',(-2.79330458970168E-23,-1.,-3.68752180480815E-15));
#3616=DIRECTION('ref_axis',(2.25116510987299E-14,3.68752180480815E-15,-1.));
#3617=DIRECTION('center_axis',(-6.50636746489471E-9,3.68752180480815E-15,
-1.));
#3618=DIRECTION('ref_axis',(-1.,1.11022302462516E-16,6.50636746489471E-9));
#3619=DIRECTION('',(1.,-1.11022302462517E-16,-6.50636746489471E-9));
#3620=DIRECTION('',(3.48208210170691E-16,1.,3.68752180254258E-15));
#3621=DIRECTION('',(1.,-5.95537101223132E-16,-6.50636746489471E-9));
#3622=DIRECTION('',(-0.707106781186547,0.707106781186548,4.60025720300449E-9));
#3623=DIRECTION('center_axis',(-8.21073318940323E-48,-3.76325271180989E-48,
-1.));
#3624=DIRECTION('ref_axis',(-0.169571612662176,0.985517868016176,-2.1770883456751E-48));
#3625=DIRECTION('center_axis',(-4.79268446912993E-21,3.77600193372654E-15,
-1.));
#3626=DIRECTION('ref_axis',(-1.,3.29643533764166E-23,4.79268446912993E-21));
#3627=DIRECTION('',(-1.,4.57231603439774E-16,4.79268447085402E-21));
#3628=DIRECTION('center_axis',(-4.79268446912993E-21,3.77600193372654E-15,
-1.));
#3629=DIRECTION('ref_axis',(-1.,3.29643533764166E-23,4.79268446912993E-21));
#3630=DIRECTION('',(-1.,4.57231603439774E-16,4.79268447085402E-21));
#3631=DIRECTION('center_axis',(-1.11022302462516E-16,-1.,-3.64394040729447E-15));
#3632=DIRECTION('ref_axis',(-0.712916656378388,2.63445838665949E-15,-0.701248772589486));
#3633=DIRECTION('center_axis',(-1.11022302462458E-16,-1.,6.12505834269455E-13));
#3634=DIRECTION('ref_axis',(-0.712916656378388,2.63445838665949E-15,-0.701248772589486));
#3635=DIRECTION('center_axis',(2.22044561799513E-16,1.,-1.44470340323053E-24));
#3636=DIRECTION('ref_axis',(0.70710678578722,-1.57009215374026E-16,0.707106776585875));
#3637=DIRECTION('',(0.707106781186548,0.707106781186547,-4.60064469496805E-9));
#3638=DIRECTION('center_axis',(1.11022279388692E-16,1.,3.68752180480815E-15));
#3639=DIRECTION('ref_axis',(0.70710678578722,-2.68597626411733E-15,0.707106776585875));
#3640=DIRECTION('',(4.60069587998207E-9,0.707106781186563,0.707106781186532));
#3641=DIRECTION('center_axis',(-1.11022279388692E-16,-1.,-3.68752180480815E-15));
#3642=DIRECTION('ref_axis',(0.70710678578722,-2.68597626411733E-15,0.707106776585875));
#3643=DIRECTION('center_axis',(1.34009024809228E-16,-1.,-3.55271369219318E-15));
#3644=DIRECTION('ref_axis',(0.70710678578722,-2.41738923621989E-15,0.707106776585875));
#3645=DIRECTION('center_axis',(0.382683432365094,0.923879532511285,-2.48987048042201E-9));
#3646=DIRECTION('ref_axis',(0.923879532511285,-0.382683432365094,-6.01111301834131E-9));
#3647=DIRECTION('',(-1.11022317125145E-16,-1.,-4.44089209850063E-15));
#3648=DIRECTION('center_axis',(-0.50010574204855,-2.11412659464708E-15,
0.865964344976206));
#3649=DIRECTION('ref_axis',(0.865964344976206,-4.35693310992398E-24,0.50010574204855));
#3650=DIRECTION('',(0.774509292786522,-0.447289257581341,0.447289252542081));
#3651=DIRECTION('',(0.774509292786528,0.447289257581326,0.447289252542087));
#3652=DIRECTION('',(1.92438658104825E-15,1.,3.5527136788005E-15));
#3653=DIRECTION('',(-0.774509292786518,-0.447289257581338,-0.447289252542092));
#3654=DIRECTION('',(-1.92438658104825E-15,-1.,-3.5527136788005E-15));
#3655=DIRECTION('center_axis',(-4.60069609279319E-9,0.70710678118655,-0.707106781186546));
#3656=DIRECTION('ref_axis',(-1.,2.22044565583793E-16,6.50636703282961E-9));
#3657=DIRECTION('',(-1.,1.11022255396322E-16,6.50636692180732E-9));
#3658=DIRECTION('',(1.,-1.11022255396322E-16,-6.50636692180732E-9));
#3659=DIRECTION('',(0.378055830301623,-0.654627293180815,-0.654627295640588));
#3660=DIRECTION('center_axis',(4.93038065763132E-32,1.,1.15518180844043E-33));
#3661=DIRECTION('ref_axis',(-0.707106776585827,3.40462188460217E-32,0.707106785787268));
#3662=DIRECTION('',(-0.707106781186547,0.707106781186547,4.60074772613354E-9));
#3663=DIRECTION('center_axis',(1.11022330395562E-16,1.,3.68752180480815E-15));
#3664=DIRECTION('ref_axis',(-0.707106776585828,-2.5289670487433E-15,0.707106785787267));
#3665=DIRECTION('',(4.60069669812853E-9,0.707106781186563,0.707106781186532));
#3666=DIRECTION('center_axis',(-1.11022330395562E-16,-1.,-3.68752180480815E-15));
#3667=DIRECTION('ref_axis',(-0.707106776585828,-2.5289670487433E-15,0.707106785787268));
#3668=DIRECTION('center_axis',(3.56053632839259E-16,1.,3.55271368900465E-15));
#3669=DIRECTION('ref_axis',(-0.707106776585828,-2.26038002084586E-15,0.707106785787268));
#3670=DIRECTION('',(-1.11022302462516E-16,-1.,-4.44089209850063E-15));
#3671=DIRECTION('center_axis',(0.382683432365093,-0.923879532511285,-2.489887213793E-9));
#3672=DIRECTION('ref_axis',(-0.923879532511285,-0.382683432365093,6.01108554436419E-9));
#3673=DIRECTION('center_axis',(-0.707106781186547,0.707106781186548,4.60069868344235E-9));
#3674=DIRECTION('ref_axis',(-0.499999995399291,-0.499999999999989,0.707106784439748));
#3675=DIRECTION('',(0.707106781186547,-0.707106781186548,-4.60069868344235E-9));
#3676=DIRECTION('center_axis',(4.60069841544859E-9,-0.707106781186544,0.707106781186551));
#3677=DIRECTION('ref_axis',(1.,1.25726331195196E-24,-6.50637009551577E-9));
#3678=DIRECTION('',(1.,-3.28472877146605E-15,-6.50636692180732E-9));
#3679=DIRECTION('',(0.774509286966062,-0.447289257581338,-0.447289262620575));
#3680=DIRECTION('',(-0.377781751167163,0.654706401857567,0.654706404315545));
#3681=DIRECTION('',(-1.,3.28472876643474E-15,6.50636692180252E-9));
#3682=DIRECTION('',(0.377781759686683,0.654706401857567,0.654706399399572));
#3683=DIRECTION('center_axis',(-0.500105753317113,2.22517235624473E-15,
-0.865964338468463));
#3684=DIRECTION('ref_axis',(-0.865964338468463,1.92282668434807E-16,0.500105753317113));
#3685=DIRECTION('',(-0.774509286966066,-0.447289257581341,0.447289262620565));
#3686=DIRECTION('',(1.70234197301821E-15,-1.,-3.55271370239733E-15));
#3687=DIRECTION('',(-1.70234197301821E-15,1.,3.55271370239733E-15));
#3688=DIRECTION('',(-0.774509286966071,0.447289257581326,0.44728926262057));
#3689=DIRECTION('center_axis',(4.60069617129916E-9,-0.70710678118655,0.707106781186546));
#3690=DIRECTION('ref_axis',(1.,-1.65752693993215E-24,-6.50636692180926E-9));
#3691=DIRECTION('',(1.,-1.11022306403191E-16,-6.50636703283156E-9));
#3692=DIRECTION('',(-0.378055838820114,-0.654627293180814,-0.654627290721048));
#3693=DIRECTION('',(-1.,1.11022306403191E-16,6.50636703283156E-9));
#3694=DIRECTION('center_axis',(-0.707106781186548,-0.707106781186548,4.60074159210254E-9));
#3695=DIRECTION('ref_axis',(6.5064311565254E-9,-3.5905696412111E-24,1.));
#3696=DIRECTION('',(-0.707106781186546,0.707106781186549,4.60073987567101E-9));
#3697=DIRECTION('',(6.50643484404721E-9,-3.68752180553051E-15,1.));
#3698=DIRECTION('center_axis',(-0.707106781186548,-0.707106781186547,-3.67870631455884E-18));
#3699=DIRECTION('ref_axis',(0.707106781186547,-0.707106781186548,-2.62996491265758E-16));
#3700=DIRECTION('',(-0.577350270588841,0.577350270588841,-0.577350266391196));
#3701=DIRECTION('',(-0.577350270588841,0.577350270588841,-0.577350266391196));
#3702=DIRECTION('',(-0.707106781186547,0.707106781186548,4.60070049926995E-9));
#3703=DIRECTION('center_axis',(0.707106781186548,0.707106781186547,-4.60074159210255E-9));
#3704=DIRECTION('ref_axis',(-0.707106781186547,0.707106781186548,4.60074949248756E-9));
#3705=DIRECTION('center_axis',(-2.22044561799513E-16,-1.,1.44470340438572E-24));
#3706=DIRECTION('ref_axis',(1.,-2.22044561799513E-16,-4.79506261339333E-21));
#3707=DIRECTION('',(-0.707106781186421,-0.707106781186674,-8.65922139806841E-17));
#3708=DIRECTION('center_axis',(1.11022279388692E-16,1.,3.68752180480815E-15));
#3709=DIRECTION('ref_axis',(1.,-1.11022279388692E-16,-4.79521466865299E-21));
#3710=DIRECTION('center_axis',(1.11022279388692E-16,1.,3.68752180480815E-15));
#3711=DIRECTION('ref_axis',(1.,-1.11022279388692E-16,-4.79521466865299E-21));
#3712=DIRECTION('center_axis',(0.612458760798629,0.70710678118655,-0.353403828956343));
#3713=DIRECTION('ref_axis',(-0.499788487904644,3.95912567325496E-16,-0.866147485915644));
#3714=DIRECTION('',(0.499788487904647,-3.24942539763309E-15,0.866147485915642));
#3715=DIRECTION('',(-0.3780558303016,0.654627293180812,0.654627295640604));
#3716=DIRECTION('',(-0.499788487904647,3.24942539763309E-15,-0.866147485915642));
#3717=DIRECTION('center_axis',(-0.866147485915642,-1.08802798381122E-16,
0.499788487904647));
#3718=DIRECTION('ref_axis',(0.499788487904647,-3.51030716751532E-15,0.866147485915642));
#3719=DIRECTION('',(-0.499788487904647,1.31505205176001E-15,-0.866147485915642));
#3720=DIRECTION('',(-1.11022317125145E-16,-1.,-4.44089209850063E-15));
#3721=DIRECTION('center_axis',(-2.7933045865133E-23,-1.,-3.68752180480815E-15));
#3722=DIRECTION('ref_axis',(0.,3.55271367880045E-15,-1.));
#3723=DIRECTION('center_axis',(2.79330458970168E-23,1.,3.68752180480815E-15));
#3724=DIRECTION('ref_axis',(2.25116510987299E-14,3.68752180480815E-15,-1.));
#3725=DIRECTION('center_axis',(-3.06268418828973E-15,1.,3.28552168645026E-15));
#3726=DIRECTION('ref_axis',(1.,3.06268420966654E-15,-6.5063677663924E-9));
#3727=DIRECTION('',(0.4997884766337,1.20407673722211E-15,-0.866147492419256));
#3728=DIRECTION('',(-1.,3.28472876643475E-15,6.50636618824169E-9));
#3729=DIRECTION('center_axis',(3.06268418828973E-15,-1.,-3.28552168645026E-15));
#3730=DIRECTION('ref_axis',(-1.,-3.06268420966654E-15,6.50636756029876E-9));
#3731=DIRECTION('center_axis',(3.06287113727162E-15,-1.,3.94430452610506E-31));
#3732=DIRECTION('ref_axis',(-1.,-3.06287113727162E-15,6.50636756029876E-9));
#3733=DIRECTION('center_axis',(-3.06268418828973E-15,1.,3.28552168645026E-15));
#3734=DIRECTION('ref_axis',(-1.,-3.06268420966654E-15,6.50636756029876E-9));
#3735=DIRECTION('',(0.707106781186558,-0.707106781186537,-4.60069653618387E-9));
#3736=DIRECTION('center_axis',(6.50572882603126E-9,-3.68752180480815E-15,
1.));
#3737=DIRECTION('ref_axis',(-0.707106781186549,0.707106781186546,4.60024757691919E-9));
#3738=DIRECTION('center_axis',(-4.6002452965468E-9,-0.707106781186543,-0.707106781186552));
#3739=DIRECTION('ref_axis',(-4.6002455418737E-9,0.707106781186552,-0.707106781186543));
#3740=DIRECTION('',(6.50572882603126E-9,-3.68752180480815E-15,1.));
#3741=DIRECTION('',(-6.50636679763193E-9,7.22352611977266E-25,-1.));
#3742=DIRECTION('center_axis',(2.26602289624502E-7,-0.00834807027228001,
-0.999965154254226));
#3743=DIRECTION('ref_axis',(2.71433260644579E-5,-0.999965153885833,0.00834807027535549));
#3744=DIRECTION('',(0.999999999631594,2.71442719269219E-5,5.19936616293271E-18));
#3745=DIRECTION('',(2.71433260644043E-5,-0.999965153885833,0.00834807027535549));
#3746=DIRECTION('',(-0.999999999631594,-2.71442719269219E-5,-5.19936616293271E-18));
#3747=DIRECTION('',(5.43151761920719E-11,-0.999965154254252,0.00834807027228023));
#3748=DIRECTION('center_axis',(0.707097184172049,0.707116378070795,-4.60071066342188E-9));
#3749=DIRECTION('ref_axis',(-6.50647572413815E-9,-7.88936341202494E-25,
-1.));
#3750=DIRECTION('',(-0.578955445966795,0.578939734591567,0.574142295338391));
#3751=DIRECTION('',(6.50629911059167E-9,1.76608752501987E-13,1.));
#3752=DIRECTION('',(0.577355495540604,-0.577339820102286,0.577355491784155));
#3753=DIRECTION('center_axis',(0.707106703370785,0.00590297778736786,0.707082219336155));
#3754=DIRECTION('ref_axis',(0.707094538849964,-4.13075327448002E-18,-0.70711902331118));
#3755=DIRECTION('',(0.575731762260791,0.575747394069692,-0.580558245265747));
#3756=DIRECTION('center_axis',(0.707116378070795,-0.707097184172049,-4.60058549778687E-9));
#3757=DIRECTION('ref_axis',(-6.50612210445262E-9,-3.39687339893679E-24,
-1.));
#3758=DIRECTION('',(-0.577345047705401,-0.57736071577269,-0.57734504394902));
#3759=DIRECTION('',(-6.50629911059167E-9,-1.77010943819553E-13,-1.));
#3760=DIRECTION('center_axis',(0.707106778886223,9.47587062193236E-17,-0.707106783486872));
#3761=DIRECTION('ref_axis',(-0.707106783486872,3.55767166271095E-24,-0.707106778886223));
#3762=DIRECTION('',(-1.34009047924246E-16,1.,9.37857600844032E-31));
#3763=DIRECTION('center_axis',(-0.707106781186547,0.707106781186548,4.60065082899905E-9));
#3764=DIRECTION('ref_axis',(6.50630279811348E-9,-6.84649361113086E-24,1.));
#3765=DIRECTION('',(6.50629911059167E-9,-3.6875218055305E-15,1.));
#3766=DIRECTION('',(0.707106781186547,0.707106781186548,-4.60065254543057E-9));
#3767=DIRECTION('center_axis',(1.34009012566985E-16,-1.,-5.434312205535E-15));
#3768=DIRECTION('ref_axis',(0.707106776585878,3.93739771752979E-15,-0.707106785787217));
#3769=DIRECTION('center_axis',(1.11022279388692E-16,1.,3.68752180480815E-15));
#3770=DIRECTION('ref_axis',(0.707106776585878,2.52896708481041E-15,-0.707106785787217));
#3771=DIRECTION('',(1.34009012566985E-16,-1.,-5.434312205535E-15));
#3772=DIRECTION('center_axis',(0.707106781186548,-0.707106781186547,-4.60065082899905E-9));
#3773=DIRECTION('ref_axis',(0.707106781186547,0.707106781186548,-4.60064292861403E-9));
#3774=DIRECTION('center_axis',(-5.19937774346129E-18,-9.37976773012332E-31,
1.));
#3775=DIRECTION('ref_axis',(-2.71442719277432E-5,0.999999999631594,-1.41133322385592E-22));
#3776=DIRECTION('',(-0.999999999631594,-2.71442719269219E-5,-5.19937443473884E-18));
#3777=DIRECTION('',(-0.999999999631594,-2.71442719269219E-5,-5.19937443473884E-18));
#3778=DIRECTION('',(-2.71442719268032E-5,0.999999999631594,-1.41133198665144E-22));
#3779=DIRECTION('center_axis',(5.03130742909005E-24,1.,-3.27350177245243E-32));
#3780=DIRECTION('ref_axis',(1.,-5.03130742909005E-24,-4.79599319158245E-21));
#3781=DIRECTION('center_axis',(5.03130742909005E-24,1.,-3.27350177245243E-32));
#3782=DIRECTION('ref_axis',(-1.,5.03130742909005E-24,4.79764755280761E-21));
#3783=DIRECTION('center_axis',(-1.34009044436634E-16,1.,5.36036197871766E-16));
#3784=DIRECTION('ref_axis',(-1.,-1.34009044436634E-16,4.79764755280761E-21));
#3785=DIRECTION('center_axis',(2.71162712528725E-5,-0.999999999632354,-2.45163110332348E-9));
#3786=DIRECTION('ref_axis',(0.96479490809809,2.61622852282853E-5,-0.263003392798522));
#3787=DIRECTION('',(-1.34009044436634E-16,1.,5.36036197871766E-16));
#3788=DIRECTION('center_axis',(-2.71442719269219E-5,0.999999999631594,-4.02191458551106E-16));
#3789=DIRECTION('ref_axis',(2.02662818532654E-16,-4.02185957564618E-16,
-1.));
#3790=DIRECTION('',(5.21029487318576E-18,-4.02191317269748E-16,-1.));
#3791=DIRECTION('center_axis',(2.71442719269219E-5,-0.999999999631594,1.41133198665144E-22));
#3792=DIRECTION('ref_axis',(1.9954012238476E-16,5.55750454305576E-21,1.));
#3793=DIRECTION('',(-5.19937774346129E-18,-7.69826320624082E-31,1.));
#3794=DIRECTION('center_axis',(-2.71442719269219E-5,0.999999999631594,-1.41133198665144E-22));
#3795=DIRECTION('ref_axis',(0.999999999631594,2.71442719269219E-5,5.29580977611414E-18));
#3796=DIRECTION('center_axis',(1.11022307493823E-16,1.,3.552730285748E-15));
#3797=DIRECTION('ref_axis',(1.,-1.11022307493823E-16,5.19937268306224E-18));
#3798=DIRECTION('center_axis',(-1.11022279388692E-16,-1.,-3.68752180480815E-15));
#3799=DIRECTION('ref_axis',(1.,-1.11022279388692E-16,5.19937268306224E-18));
#3800=DIRECTION('',(1.11022307493823E-16,1.,3.552730285748E-15));
#3801=DIRECTION('center_axis',(-2.22044561799513E-16,-1.,1.44470340438572E-24));
#3802=DIRECTION('ref_axis',(1.,-2.22044561799513E-16,5.1993721708761E-18));
#3803=DIRECTION('',(-0.707106781186544,-0.707106781186551,-9.02721159219284E-17));
#3804=DIRECTION('center_axis',(1.11022279388692E-16,1.,3.68752180480815E-15));
#3805=DIRECTION('ref_axis',(1.,-1.11022279388692E-16,5.19937372572687E-18));
#3806=DIRECTION('center_axis',(-1.11022259336997E-16,-1.,-1.07002894513661E-30));
#3807=DIRECTION('ref_axis',(1.30127339598414E-8,-1.4447041944018E-24,1.));
#3808=DIRECTION('',(1.,-3.29643531486971E-23,-5.55159422613657E-17));
#3809=DIRECTION('',(5.55159406070045E-17,-3.68752180480815E-15,1.));
#3810=DIRECTION('center_axis',(-1.11022259336997E-16,-1.,-1.07002894513661E-30));
#3811=DIRECTION('ref_axis',(1.30127339598414E-8,-1.4447041944018E-24,1.));
#3812=DIRECTION('',(-5.55159406070045E-17,3.68752180480815E-15,-1.));
#3813=DIRECTION('',(1.,-3.29643531486971E-23,-5.55159422613657E-17));
#3814=DIRECTION('center_axis',(1.,-1.11022259336997E-16,-5.55159422613657E-17));
#3815=DIRECTION('ref_axis',(-5.55159422613653E-17,3.68752180480815E-15,
-1.));
#3816=DIRECTION('',(5.55159406070045E-17,-3.68752180480815E-15,1.));
#3817=DIRECTION('',(1.11022259336997E-16,1.,1.07002894513661E-30));
#3818=DIRECTION('',(-5.55159406070045E-17,3.68752180480815E-15,-1.));
#3819=DIRECTION('center_axis',(-1.11022259336997E-16,-1.,-1.07002894513661E-30));
#3820=DIRECTION('ref_axis',(1.30127339598414E-8,-1.4447041944018E-24,1.));
#3821=DIRECTION('center_axis',(-1.11022259336997E-16,-1.,-1.07002894513661E-30));
#3822=DIRECTION('ref_axis',(1.30127339598414E-8,-1.4447041944018E-24,1.));
#3823=DIRECTION('',(5.55159406070045E-17,-3.68752180480815E-15,1.));
#3824=DIRECTION('center_axis',(-1.,1.11022259336997E-16,5.55159422613657E-17));
#3825=DIRECTION('ref_axis',(5.55159422613653E-17,-3.68752180480815E-15,
1.));
#3826=DIRECTION('',(1.11022259336997E-16,1.,1.07002894513661E-30));
#3827=DIRECTION('',(-5.55159406070045E-17,3.68752180480815E-15,-1.));
#3828=DIRECTION('center_axis',(0.999999999631594,2.71442719268031E-5,5.19937443473884E-18));
#3829=DIRECTION('ref_axis',(5.19937443665432E-18,-8.9004741636158E-29,-1.));
#3830=DIRECTION('center_axis',(-1.11022269498162E-16,1.,3.68752180625285E-15));
#3831=DIRECTION('ref_axis',(-1.,-1.11022317482902E-16,1.30127339598414E-8));
#3832=DIRECTION('',(-1.,-1.11022317482902E-16,1.30127339598414E-8));
#3833=DIRECTION('center_axis',(-1.11022269498162E-16,1.,3.68752180625285E-15));
#3834=DIRECTION('ref_axis',(-1.,-1.11022317482902E-16,1.30127339598414E-8));
#3835=DIRECTION('',(-1.,-1.11022317482902E-16,1.30127339598414E-8));
#3836=DIRECTION('center_axis',(3.2964353328951E-23,1.,3.68752180480815E-15));
#3837=DIRECTION('ref_axis',(-5.55159406070045E-17,3.68752180480815E-15,
-1.));
#3838=DIRECTION('',(1.,-3.29643531486971E-23,-5.55159422613657E-17));
#3839=DIRECTION('center_axis',(1.76608069603859E-16,-1.,-3.68752180480815E-15));
#3840=DIRECTION('ref_axis',(5.55159400555508E-17,-3.68752180480815E-15,
1.));
#3841=DIRECTION('center_axis',(1.76608069603859E-16,-1.,-3.68752180480815E-15));
#3842=DIRECTION('ref_axis',(5.55159400555508E-17,-3.68752180480815E-15,
1.));
#3843=DIRECTION('',(1.,-3.29643531486971E-23,-5.55159422613657E-17));
#3844=DIRECTION('center_axis',(-3.2964353304299E-23,-1.,-3.68752180480815E-15));
#3845=DIRECTION('ref_axis',(-4.79268446913224E-21,3.68752180480815E-15,
-1.));
#3846=DIRECTION('center_axis',(3.2964353304299E-23,1.,3.68752180480815E-15));
#3847=DIRECTION('ref_axis',(1.,-3.29643533042813E-23,-4.7948902847503E-21));
#3848=DIRECTION('',(1.,-3.29643531240452E-23,-5.55159422613657E-17));
#3849=DIRECTION('center_axis',(5.55159406070045E-17,-1.07619245011478E-30,
1.));
#3850=DIRECTION('ref_axis',(1.,-3.29643531486971E-23,-5.55159406070045E-17));
#3851=DIRECTION('',(1.11022259336997E-16,1.,1.07002894513661E-30));
#3852=DIRECTION('',(1.11022259336997E-16,1.,1.07002894513661E-30));
#3853=DIRECTION('center_axis',(-1.30127339598414E-8,1.4447041944018E-24,
-1.));
#3854=DIRECTION('ref_axis',(-1.,-1.11022317482902E-16,1.30127339598414E-8));
#3855=DIRECTION('',(-1.,-1.50203869980592E-23,1.30127339598414E-8));
#3856=DIRECTION('center_axis',(-3.29643532056914E-23,-1.,-3.68752180480815E-15));
#3857=DIRECTION('ref_axis',(-4.79268446913224E-21,3.68752180480815E-15,
-1.));
#3858=DIRECTION('center_axis',(3.29643532796471E-23,1.,3.68752180480815E-15));
#3859=DIRECTION('ref_axis',(-1.,8.97198138273587E-24,6.5063674648995E-9));
#3860=DIRECTION('',(1.,-3.94067396823943E-24,-6.50636746489471E-9));
#3861=DIRECTION('',(6.50572882602646E-9,1.75162308040602E-46,1.));
#3862=DIRECTION('',(-6.50700512860762E-9,-1.75162308040602E-46,-1.));
#3863=DIRECTION('',(-6.50636715700695E-9,7.223526518759E-25,-1.));
#3864=DIRECTION('',(-1.,1.11026287650225E-16,6.50636703283156E-9));
#3865=DIRECTION('center_axis',(4.60064825927102E-9,-0.70710678118655,0.707106781186546));
#3866=DIRECTION('ref_axis',(1.,7.51132689788168E-25,-6.50629916396926E-9));
#3867=DIRECTION('',(-1.,1.11022306403441E-16,6.50629927499157E-9));
#3868=DIRECTION('',(0.378055838820091,0.654627293180812,0.654627290721064));
#3869=DIRECTION('',(1.,-1.11022306403441E-16,-6.50629927499157E-9));
#3870=DIRECTION('center_axis',(6.50629927499157E-9,-5.36036196999863E-16,
1.));
#3871=DIRECTION('ref_axis',(1.,1.2246468444976E-16,-6.50629927499157E-9));
#3872=DIRECTION('',(-1.11022302462516E-16,-1.,-4.44089209850063E-15));
#3873=DIRECTION('center_axis',(-6.50700512860762E-9,3.68752180480829E-15,
-1.));
#3874=DIRECTION('ref_axis',(0.707106781186549,0.707106781186546,-4.60114484418243E-9));
#3875=DIRECTION('center_axis',(-4.60114652961807E-9,-0.707106781186544,
-0.707106781186551));
#3876=DIRECTION('ref_axis',(-4.6011458427026E-9,0.707106781186551,-0.707106781186544));
#3877=DIRECTION('',(6.50700512860762E-9,-3.68752180480829E-15,1.));
#3878=DIRECTION('center_axis',(-6.50636760817202E-9,5.43431220466309E-15,
-1.));
#3879=DIRECTION('ref_axis',(-1.,1.11022302462516E-16,6.50636760817202E-9));
#3880=DIRECTION('',(-1.,4.52259786275189E-16,6.50636760817202E-9));
#3881=DIRECTION('',(-3.56053645081757E-16,-1.,-5.43431220234647E-15));
#3882=DIRECTION('center_axis',(2.39614570142576E-7,0.00834807027228001,
0.999965154254223));
#3883=DIRECTION('ref_axis',(-2.71432174334624E-5,-0.999965153885833,0.00834807027570869));
#3884=DIRECTION('',(-0.999999999631594,2.71442719271439E-5,1.30127339550443E-8));
#3885=DIRECTION('',(5.4315819258916E-11,-0.999965154254252,0.00834807027228024));
#3886=DIRECTION('',(0.999999999631594,-2.71442719271439E-5,-1.30127339550443E-8));
#3887=DIRECTION('',(-2.71432174334088E-5,-0.999965153885833,0.00834807027570869));
#3888=DIRECTION('center_axis',(0.707097184172049,-0.707116378070795,-4.60055687428328E-9));
#3889=DIRECTION('ref_axis',(-6.50625823050073E-9,-2.97519648132643E-24,
-1.));
#3890=DIRECTION('',(-0.57735548802763,-0.577339820102286,0.577355499297128));
#3891=DIRECTION('',(6.50643484404721E-9,1.76608752501987E-13,1.));
#3892=DIRECTION('',(0.578955453437956,0.578939734591566,0.574142287804598));
#3893=DIRECTION('center_axis',(0.707106694169712,-0.00590297778736801,-0.707082228537547));
#3894=DIRECTION('ref_axis',(-0.707094548051516,1.55915157811659E-16,-0.707119014109946));
#3895=DIRECTION('',(-0.575731769815441,0.575747394069692,-0.580558237773903));
#3896=DIRECTION('center_axis',(0.707116378070795,0.707097184172049,-4.60093180501622E-9));
#3897=DIRECTION('ref_axis',(-6.50661185018626E-9,1.85952910415605E-24,-1.));
#3898=DIRECTION('',(-6.50643484404721E-9,-1.77010943819553E-13,-1.));
#3899=DIRECTION('',(0.577345040192563,-0.57736071577269,-0.577345051461857));
#3900=DIRECTION('center_axis',(0.707106788087615,-2.5176792210414E-16,0.70710677428548));
#3901=DIRECTION('ref_axis',(0.70710677428548,-1.57009211305574E-16,-0.707106788087615));
#3902=DIRECTION('',(3.56053609723759E-16,1.,-3.18852655468078E-24));
#3903=DIRECTION('center_axis',(3.56053645081757E-16,1.,5.43431220234647E-15));
#3904=DIRECTION('ref_axis',(-0.70710678578727,4.09440693290383E-15,-0.707106776585825));
#3905=DIRECTION('center_axis',(-1.11022330395562E-16,-1.,-3.68752180480815E-15));
#3906=DIRECTION('ref_axis',(-0.70710678578727,2.68597630018445E-15,-0.707106776585825));
#3907=DIRECTION('center_axis',(-1.30127339598383E-8,1.44470434351698E-24,
-1.));
#3908=DIRECTION('ref_axis',(2.71442719279652E-5,0.999999999631594,-3.53221189130674E-13));
#3909=DIRECTION('',(0.999999999631594,-2.71442719271439E-5,-1.30127339550443E-8));
#3910=DIRECTION('',(2.71442719270252E-5,0.999999999631594,-3.5322118911844E-13));
#3911=DIRECTION('',(0.999999999631594,-2.71442719271439E-5,-1.30127339550443E-8));
#3912=DIRECTION('center_axis',(-2.22044556768205E-16,-1.,1.44470337164967E-24));
#3913=DIRECTION('ref_axis',(-1.,2.22044556768205E-16,1.30127339546341E-8));
#3914=DIRECTION('center_axis',(-2.22044556768205E-16,-1.,1.44470337164967E-24));
#3915=DIRECTION('ref_axis',(1.,-2.22044556768205E-16,-1.30127339546341E-8));
#3916=DIRECTION('center_axis',(-3.56053613211443E-16,-1.,-5.36036194683239E-16));
#3917=DIRECTION('ref_axis',(1.,-3.56053606236147E-16,-1.30127339546341E-8));
#3918=DIRECTION('',(-3.56053613211443E-16,-1.,-5.36036194683239E-16));
#3919=DIRECTION('center_axis',(2.71162712529046E-5,0.999999999632354,2.4512782488403E-9));
#3920=DIRECTION('ref_axis',(-0.964794911520443,2.61622852282853E-5,-0.263003380244047));
#3921=DIRECTION('center_axis',(-2.71442719271439E-5,-0.999999999631594,
3.53623380437403E-13));
#3922=DIRECTION('ref_axis',(-1.30127341573017E-8,-4.02185956120085E-16,
-1.));
#3923=DIRECTION('',(-1.30127339598492E-8,-4.02191315825044E-16,-1.));
#3924=DIRECTION('center_axis',(2.71442719271439E-5,0.999999999631594,-3.53221189119985E-13));
#3925=DIRECTION('ref_axis',(1.30127337550988E-8,5.55605879469471E-21,1.));
#3926=DIRECTION('',(1.30127339598383E-8,-1.44470417536653E-24,1.));
#3927=DIRECTION('center_axis',(-2.71442719271439E-5,-0.999999999631594,
3.53221189119985E-13));
#3928=DIRECTION('ref_axis',(-0.999999999631594,2.71442719271439E-5,1.30127339551407E-8));
#3929=DIRECTION('center_axis',(-1.11022300536424E-16,-1.,-3.552730285748E-15));
#3930=DIRECTION('ref_axis',(-1.,1.1102225430569E-16,1.30127339598383E-8));
#3931=DIRECTION('',(-1.11022300536424E-16,-1.,-3.552730285748E-15));
#3932=DIRECTION('center_axis',(1.11022330395562E-16,1.,3.68752180480815E-15));
#3933=DIRECTION('ref_axis',(-1.,1.11022282410822E-16,1.30127339598383E-8));
#3934=DIRECTION('center_axis',(0.,-1.,0.));
#3935=DIRECTION('ref_axis',(-1.,0.,1.30127339598383E-8));
#3936=DIRECTION('',(0.707106781186544,-0.707106781186551,-9.20139233818248E-9));
#3937=DIRECTION('center_axis',(-1.11022330395562E-16,-1.,-3.68752180480815E-15));
#3938=DIRECTION('ref_axis',(-1.,1.11022282410822E-16,1.30127339598383E-8));
#3939=DIRECTION('center_axis',(1.11022302462516E-16,1.,7.89438496125232E-31));
#3940=DIRECTION('ref_axis',(-5.20247636203587E-18,-7.88860905221012E-31,
1.));
#3941=DIRECTION('',(-1.,2.2204452883516E-16,1.30127338991229E-8));
#3942=DIRECTION('center_axis',(1.11022302462516E-16,1.,7.89438496125232E-31));
#3943=DIRECTION('ref_axis',(-5.20247636203587E-18,-7.88860905221012E-31,
1.));
#3944=DIRECTION('',(-1.,2.2204452883516E-16,1.30127338991229E-8));
#3945=DIRECTION('center_axis',(0.999999999631594,-2.71442719270252E-5,-1.30127339550443E-8));
#3946=DIRECTION('ref_axis',(-1.30127339598383E-8,1.44385858222199E-24,-1.));
#3947=DIRECTION('center_axis',(-3.33066879282415E-16,-1.,-3.68752180336345E-15));
#3948=DIRECTION('ref_axis',(1.,-3.33066879282415E-16,5.20247636203591E-18));
#3949=DIRECTION('',(-5.20247636203714E-18,-3.68752180336345E-15,1.));
#3950=DIRECTION('center_axis',(-3.33066879282415E-16,-1.,-3.68752180336345E-15));
#3951=DIRECTION('ref_axis',(1.,-3.33066879282415E-16,5.20247636203591E-18));
#3952=DIRECTION('',(5.20247636203714E-18,3.68752180336345E-15,-1.));
#3953=DIRECTION('center_axis',(1.,-1.11022302462516E-16,5.20247636203673E-18));
#3954=DIRECTION('ref_axis',(5.20247636203714E-18,3.68752180336345E-15,-1.));
#3955=DIRECTION('',(-5.20247636203714E-18,-3.68752180336345E-15,1.));
#3956=DIRECTION('',(1.11022302462516E-16,1.,7.89438496125232E-31));
#3957=DIRECTION('',(5.20247636203714E-18,3.68752180336345E-15,-1.));
#3958=DIRECTION('center_axis',(-3.33066879282415E-16,-1.,-3.68752180336345E-15));
#3959=DIRECTION('ref_axis',(1.,-3.33066879282415E-16,5.20247636203591E-18));
#3960=DIRECTION('',(1.,-3.33066879282415E-16,5.20247636203591E-18));
#3961=DIRECTION('center_axis',(-3.33066879282415E-16,-1.,-3.68752180336345E-15));
#3962=DIRECTION('ref_axis',(1.,-3.33066879282415E-16,5.20247636203591E-18));
#3963=DIRECTION('',(1.,-3.33066879282415E-16,5.20247636203591E-18));
#3964=DIRECTION('',(-5.20247636203714E-18,-3.68752180336345E-15,1.));
#3965=DIRECTION('center_axis',(-1.,1.11022302462516E-16,-5.20247636203673E-18));
#3966=DIRECTION('ref_axis',(-5.20247636203714E-18,-3.68752180336345E-15,
1.));
#3967=DIRECTION('',(1.11022302462516E-16,1.,7.89438496125232E-31));
#3968=DIRECTION('',(5.20247636203714E-18,3.68752180336345E-15,-1.));
#3969=DIRECTION('center_axis',(2.220445768199E-16,1.,3.68752180336345E-15));
#3970=DIRECTION('ref_axis',(-1.30127339546341E-8,3.68752180625286E-15,-1.));
#3971=DIRECTION('',(-1.,2.2204452883516E-16,1.30127338991229E-8));
#3972=DIRECTION('center_axis',(-1.30127338991229E-8,1.44470446825115E-24,
-1.));
#3973=DIRECTION('ref_axis',(-1.,2.2204452883516E-16,1.30127338991229E-8));
#3974=DIRECTION('center_axis',(-3.33066879282416E-16,-1.,-3.68752180336345E-15));
#3975=DIRECTION('ref_axis',(1.,-3.33066879282416E-16,5.20247636203587E-18));
#3976=DIRECTION('',(1.,-1.45726392209777E-14,5.20247636198336E-18));
#3977=DIRECTION('center_axis',(5.09674981850628E-16,1.,3.68752180106529E-15));
#3978=DIRECTION('ref_axis',(1.,-5.09674981850628E-16,5.20247636203522E-18));
#3979=DIRECTION('center_axis',(5.09674981850628E-16,1.,3.68752180106529E-15));
#3980=DIRECTION('ref_axis',(1.,-5.09674981850628E-16,5.20247636203522E-18));
#3981=DIRECTION('',(1.,-1.45726392209777E-14,5.20247636198336E-18));
#3982=DIRECTION('center_axis',(-5.20247636203591E-18,-7.88860905221012E-31,
1.));
#3983=DIRECTION('ref_axis',(1.,-3.33066879282415E-16,5.20247636203591E-18));
#3984=DIRECTION('',(1.,-2.220445768199E-16,5.20247636198336E-18));
#3985=DIRECTION('',(1.11022302462516E-16,1.,7.89438496125232E-31));
#3986=DIRECTION('',(1.11022302462516E-16,1.,7.89438496125232E-31));
#3987=DIRECTION('center_axis',(2.220445768199E-16,1.,3.68752180336345E-15));
#3988=DIRECTION('ref_axis',(-1.30127339546341E-8,3.68752180625286E-15,-1.));
#3989=DIRECTION('center_axis',(2.220445768199E-16,1.,3.68752180336345E-15));
#3990=DIRECTION('ref_axis',(-1.,2.2204452883516E-16,1.30127339546341E-8));
#3991=DIRECTION('center_axis',(-0.866147492419256,3.01126138067056E-16,
-0.4997884766337));
#3992=DIRECTION('ref_axis',(-0.4997884766337,-3.39933185297741E-15,0.866147492419256));
#3993=DIRECTION('',(-0.4997884766337,-3.13845008309519E-15,0.866147492419256));
#3994=DIRECTION('center_axis',(-3.98652640595988E-16,-1.,-7.06432294797811E-16));
#3995=DIRECTION('ref_axis',(-1.,3.98652631403372E-16,1.30127339546341E-8));
#3996=DIRECTION('',(-3.98652640595988E-16,-1.,-7.06432294797811E-16));
#3997=DIRECTION('center_axis',(1.11022330395562E-16,1.,3.68752180480815E-15));
#3998=DIRECTION('ref_axis',(-1.,1.11022282410822E-16,1.30127339546341E-8));
#3999=DIRECTION('center_axis',(0.612458765397379,-0.70710678118655,0.353403820986581));
#4000=DIRECTION('ref_axis',(0.499788476633697,-4.86966510282095E-16,-0.866147492419258));
#4001=DIRECTION('',(0.4997884766337,3.13845008309519E-15,-0.866147492419256));
#4002=DIRECTION('center_axis',(0.,-1.,0.));
#4003=DIRECTION('ref_axis',(-1.,0.,1.30127339546341E-8));
#4004=DIRECTION('',(0.707106781186421,-0.707106781186674,-9.20139233450096E-9));
#4005=DIRECTION('center_axis',(-1.11022330395562E-16,-1.,-3.68752180480815E-15));
#4006=DIRECTION('ref_axis',(-1.,1.11022282410822E-16,1.30127339546341E-8));
#4007=DIRECTION('center_axis',(-1.11022330395562E-16,-1.,-3.68752180480815E-15));
#4008=DIRECTION('ref_axis',(-1.,1.11022282410822E-16,1.30127339546341E-8));
#4009=DIRECTION('center_axis',(1.65543204589686E-13,1.,2.94972464230546E-13));
#4010=DIRECTION('ref_axis',(-5.20417042796313E-18,-2.94972464230546E-13,
1.));
#4011=DIRECTION('',(1.,-1.65543202670487E-13,-6.50636760817202E-9));
#4012=DIRECTION('',(-6.50700512860762E-9,2.94972465307737E-13,-1.));
#4013=DIRECTION('',(-6.50572882603126E-9,2.94972465307737E-13,-1.));
#4014=DIRECTION('center_axis',(-6.50636760817202E-9,5.43431220466309E-15,
-1.));
#4015=DIRECTION('ref_axis',(-1.,1.11022302462516E-16,6.50636760817202E-9));
#4016=DIRECTION('',(-1.,1.65543202670487E-13,6.50636760817202E-9));
#4017=DIRECTION('',(-1.26163589018823E-16,1.,5.43431220548395E-15));
#4018=DIRECTION('',(1.,-4.52259786372746E-16,-6.50636760817202E-9));
#4019=DIRECTION('',(-3.482082215336E-16,-1.,-5.43431220239752E-15));
#4020=DIRECTION('center_axis',(-1.,1.65543202670487E-13,6.50636760817202E-9));
#4021=DIRECTION('ref_axis',(-4.60057959990908E-9,0.70710678118665,-0.707106781186446));
#4022=DIRECTION('center_axis',(1.,1.26163629407762E-16,-6.50572882602646E-9));
#4023=DIRECTION('ref_axis',(-4.6002450586546E-9,0.70710678118665,-0.707106781186446));
#4024=DIRECTION('center_axis',(-1.,3.48208186175967E-16,6.50700512860762E-9));
#4025=DIRECTION('ref_axis',(-4.60114720543306E-9,0.70710678118665,-0.707106781186446));
#4026=DIRECTION('center_axis',(2.46519032881566E-32,1.,5.77590904220214E-34));
#4027=DIRECTION('ref_axis',(-0.70710678578727,1.78399465400955E-32,-0.707106776585825));
#4028=DIRECTION('',(-4.60069669988626E-9,0.707106781456724,-0.707106780916371));
#4029=DIRECTION('center_axis',(1.11022330395562E-16,1.,3.68752180480815E-15));
#4030=DIRECTION('ref_axis',(-0.70710678578727,2.68597630018445E-15,-0.707106776585825));
#4031=DIRECTION('center_axis',(-4.57231603439777E-16,-1.,-7.64146351150896E-10));
#4032=DIRECTION('ref_axis',(6.50700604745021E-9,-7.64146351150899E-10,1.));
#4033=DIRECTION('',(-1.,4.52259786372746E-16,6.50636760817202E-9));
#4034=DIRECTION('center_axis',(-1.11022279388692E-16,-1.,-3.68752180480815E-15));
#4035=DIRECTION('ref_axis',(0.707106776585878,2.52896708481041E-15,-0.707106785787217));
#4036=DIRECTION('center_axis',(6.50636634646685E-9,-5.43431220466309E-15,
1.));
#4037=DIRECTION('ref_axis',(1.,-1.11022259336997E-16,-6.50636634646685E-9));
#4038=DIRECTION('',(-1.,1.71396495720326E-15,6.50636634646685E-9));
#4039=DIRECTION('',(0.707106781186547,0.707106781186548,-4.60069192183164E-9));
#4040=DIRECTION('center_axis',(2.22044561799513E-16,1.,-1.44470340380813E-24));
#4041=DIRECTION('ref_axis',(0.707106776585878,-1.57009215374037E-16,-0.707106785787217));
#4042=DIRECTION('',(4.60069654287702E-9,-0.70710678145672,0.707106780916375));
#4043=DIRECTION('center_axis',(-1.7660806960386E-16,1.,7.06432298540668E-16));
#4044=DIRECTION('ref_axis',(1.,1.7660806960386E-16,-4.79489028409905E-21));
#4045=DIRECTION('center_axis',(-4.60069697818475E-9,-0.707106780916374,
-0.707106781456721));
#4046=DIRECTION('ref_axis',(-1.24884154010144E-16,0.707106781456721,-0.707106780916374));
#4047=DIRECTION('',(-1.7660806960386E-16,1.,7.06432298540668E-16));
#4048=DIRECTION('center_axis',(-4.60069697818475E-9,-0.707106780916374,
-0.707106781456721));
#4049=DIRECTION('ref_axis',(-1.24884154010144E-16,0.707106781456721,-0.707106780916374));
#4050=DIRECTION('center_axis',(0.707106781186548,-0.707106781186547,-4.60065082899905E-9));
#4051=DIRECTION('ref_axis',(0.707106781186547,0.707106781186548,4.99519674811638E-16));
#4052=DIRECTION('center_axis',(-1.,-1.26163629407762E-16,6.50572882602646E-9));
#4053=DIRECTION('ref_axis',(6.50572882602646E-9,-6.97024224497984E-16,1.));
#4054=DIRECTION('',(-1.26163605417745E-16,1.,3.68752180562902E-15));
#4055=DIRECTION('',(-4.60024505689759E-9,0.707106781456721,-0.707106780916374));
#4056=DIRECTION('center_axis',(-1.26163605417745E-16,1.,3.68752180562902E-15));
#4057=DIRECTION('ref_axis',(-0.70710678578702,2.51826051605896E-15,-0.707106776586075));
#4058=DIRECTION('',(1.26163605417745E-16,-1.,-3.68752180562902E-15));
#4059=DIRECTION('center_axis',(4.60069697818475E-9,0.707106780916374,0.707106781456721));
#4060=DIRECTION('ref_axis',(-4.60069738328626E-9,0.707106781456721,-0.707106780916374));
#4061=DIRECTION('center_axis',(-4.60069697818475E-9,-0.707106780916374,
-0.707106781456721));
#4062=DIRECTION('ref_axis',(-1.,3.25194058863668E-24,6.50636806043181E-9));
#4063=DIRECTION('center_axis',(4.60069697818475E-9,0.707106780916374,0.707106781456721));
#4064=DIRECTION('ref_axis',(-4.60069645104386E-9,0.707106781456721,-0.707106780916374));
#4065=DIRECTION('',(4.6011472036757E-9,-0.707106781456721,0.707106780916374));
#4066=DIRECTION('',(1.,-1.57068764225532E-15,-6.50636648974417E-9));
#4067=DIRECTION('',(-0.577350265580261,-0.577350269336677,0.577350272651939));
#4068=DIRECTION('',(-0.577350265580261,-0.577350269336677,0.577350272651939));
#4069=DIRECTION('center_axis',(3.48208210170691E-16,1.,3.68752180254258E-15));
#4070=DIRECTION('ref_axis',(0.707106776585626,2.36125130424265E-15,-0.70710678578747));
#4071=DIRECTION('',(-3.48208210170691E-16,-1.,-3.68752180254258E-15));
#4072=DIRECTION('center_axis',(-1.,3.48208186175967E-16,6.50700512860762E-9));
#4073=DIRECTION('ref_axis',(6.50700512860762E-9,-6.97024224498125E-16,1.));
#4074=DIRECTION('center_axis',(-3.05043274835137E-15,1.,3.38936972039041E-15));
#4075=DIRECTION('ref_axis',(-1.,-3.05043277040386E-15,6.50636756029876E-9));
#4076=DIRECTION('',(-3.05043274835137E-15,1.,3.38936972039041E-15));
#4077=DIRECTION('center_axis',(3.06268418828973E-15,-1.,-3.28552168645026E-15));
#4078=DIRECTION('ref_axis',(1.,3.06268420966654E-15,-6.50636756029876E-9));
#4079=DIRECTION('center_axis',(3.06268418828973E-15,-1.,-3.28552168645026E-15));
#4080=DIRECTION('ref_axis',(1.,3.06268420966654E-15,-6.50636756029876E-9));
#4081=DIRECTION('center_axis',(3.06268418828973E-15,-1.,-3.28552168645026E-15));
#4082=DIRECTION('ref_axis',(5.20247636203624E-18,3.28552168645026E-15,-1.));
#4083=DIRECTION('center_axis',(-3.06268418828973E-15,1.,3.28552168645026E-15));
#4084=DIRECTION('ref_axis',(1.,3.06268420966654E-15,-6.50636756029876E-9));
#4085=DIRECTION('center_axis',(-3.06287113727155E-15,1.,0.));
#4086=DIRECTION('ref_axis',(1.,3.06287113727155E-15,-6.50636756029876E-9));
#4087=DIRECTION('',(-0.70710678118655,0.707106781186545,4.60069670937504E-9));
#4088=DIRECTION('center_axis',(6.50636703283156E-9,-3.55271369132127E-15,
1.));
#4089=DIRECTION('ref_axis',(1.,-1.88737913805874E-15,-6.50636703283156E-9));
#4090=DIRECTION('',(-0.707106781186547,-0.707106781186547,4.60069373765924E-9));
#4091=DIRECTION('center_axis',(-0.707106781186548,-0.707106781186548,4.60069373765924E-9));
#4092=DIRECTION('ref_axis',(0.500000004600683,-0.499999999999989,0.707106777933381));
#4093=DIRECTION('center_axis',(0.707106781186548,-0.707106781186547,-4.60065082899566E-9));
#4094=DIRECTION('ref_axis',(-6.50630274259753E-9,5.55111514333549E-17,-1.));
#4095=DIRECTION('',(-0.707106781186547,-0.707106781186548,4.6006939478469E-9));
#4096=DIRECTION('center_axis',(6.50636648974417E-9,-3.68752180480815E-15,
1.));
#4097=DIRECTION('ref_axis',(-2.22044581851207E-16,-1.,-3.68752180336345E-15));
#4098=DIRECTION('center_axis',(0.,-4.10536659470165E-48,-1.));
#4099=DIRECTION('ref_axis',(0.16957161266218,-0.985517868016175,4.04316407053947E-48));
#4100=DIRECTION('center_axis',(-1.,-3.45126646034193E-31,0.));
#4101=DIRECTION('ref_axis',(3.45126646034193E-31,-1.,8.02736718140006E-49));
#4102=DIRECTION('',(-3.45126646034193E-31,1.,-8.02736718140006E-49));
#4103=DIRECTION('center_axis',(-5.47382212626882E-48,-3.42113882891801E-48,
-1.));
#4104=DIRECTION('ref_axis',(1.,3.45126646034193E-31,-5.47382212626882E-48));
#4105=DIRECTION('center_axis',(1.,3.45126646034193E-31,0.));
#4106=DIRECTION('ref_axis',(-3.45126646034193E-31,1.,-1.75162308040602E-46));
#4107=DIRECTION('',(-3.45126646034193E-31,1.,-1.75162308040602E-46));
#4108=DIRECTION('center_axis',(0.,-3.07902494602625E-48,-1.));
#4109=DIRECTION('ref_axis',(1.,3.45126646034193E-31,0.));
#4110=CARTESIAN_POINT('',(0.,0.,0.));
#4111=CARTESIAN_POINT('Origin',(-16.31711375675,29.4999926397814,61.8500001873548));
#4112=CARTESIAN_POINT('',(-11.6999972635465,23.1999926397857,61.8500001873548));
#4113=CARTESIAN_POINT('',(-11.4999972687557,23.1999926397857,61.8500001560129));
#4114=CARTESIAN_POINT('',(-13.1585555369957,23.1999926397857,61.8500001873548));
#4115=CARTESIAN_POINT('',(-11.4999972854728,23.3999926099834,61.8500001873548));
#4116=CARTESIAN_POINT('',(-11.4999972854714,29.4999926397816,61.8500001873548));
#4117=CARTESIAN_POINT('',(-11.6999972635465,23.3999926397857,61.8500001873548));
#4118=CARTESIAN_POINT('',(-13.1585555101483,23.3999926099834,61.8500001873547));
#4119=CARTESIAN_POINT('',(-11.6999972635465,26.2499926397835,61.8500001873548));
#4120=CARTESIAN_POINT('Origin',(-9.99999726354654,24.9999926397857,62.6500001462431));
#4121=CARTESIAN_POINT('',(-8.29999726354654,29.4999926397828,62.6500001241215));
#4122=CARTESIAN_POINT('Origin',(-9.999997263547,29.4999926397815,62.6500001462462));
#4123=CARTESIAN_POINT('',(-8.29999726354654,23.3999926248846,62.6500001241214));
#4124=CARTESIAN_POINT('',(-8.29999726354654,24.9999926397857,62.6500001241215));
#4125=CARTESIAN_POINT('',(-9.99999724142489,23.3999926248845,64.350000146243));
#4126=CARTESIAN_POINT('Origin',(-9.99999726354654,23.3999926099834,62.650000146243));
#4127=CARTESIAN_POINT('',(-11.6999972635465,23.3999926248845,62.6500001683647));
#4128=CARTESIAN_POINT('Origin',(-9.99999726354654,23.3999926099834,62.650000146243));
#4129=CARTESIAN_POINT('Origin',(-9.99999726354654,23.3999926099834,62.650000146243));
#4130=CARTESIAN_POINT('',(-8.49999726875643,23.1999926397857,61.8500001364789));
#4131=CARTESIAN_POINT('Origin',(-9.99999726354654,23.1999926397857,62.6500001462431));
#4132=CARTESIAN_POINT('',(-8.49999724162028,23.3999926099834,61.8500001873548));
#4133=CARTESIAN_POINT('',(-8.49999724162264,29.4999926397816,61.8500001873548));
#4134=CARTESIAN_POINT('Origin',(-9.99999726354654,23.3999926099834,62.650000146243));
#4135=CARTESIAN_POINT('Origin',(-16.31711375675,29.4999926397814,61.8500001873548));
#4136=CARTESIAN_POINT('',(-8.29999726354654,23.1999926397857,61.8500001873548));
#4137=CARTESIAN_POINT('',(-13.1585555369957,23.1999926397857,61.8500001873548));
#4138=CARTESIAN_POINT('',(-8.29999726354654,23.3999926397857,61.8500001873548));
#4139=CARTESIAN_POINT('',(-8.29999726354654,26.2499926397835,61.8500001873548));
#4140=CARTESIAN_POINT('',(-13.1585555101483,23.3999926099834,61.8500001873547));
#4141=CARTESIAN_POINT('Origin',(-16.31711375675,20.9533971501969,43.4500001873548));
#4142=CARTESIAN_POINT('',(-8.29999738327598,23.1999928135986,43.4500001873548));
#4143=CARTESIAN_POINT('',(-8.49999741561095,23.1999926397858,43.4500001873548));
#4144=CARTESIAN_POINT('',(-13.1585555369957,23.1999926397858,43.4500001873548));
#4145=CARTESIAN_POINT('',(-8.49999741561251,23.3999928135986,43.4500001873548));
#4146=CARTESIAN_POINT('',(-8.49999741561095,29.4999926397816,43.4500001873548));
#4147=CARTESIAN_POINT('',(-8.29999738327598,23.3999928135986,43.4500001873548));
#4148=CARTESIAN_POINT('',(-13.1585555752181,23.3999928135986,43.4500001873548));
#4149=CARTESIAN_POINT('',(-8.29999738327598,21.9766949818977,43.4500001873548));
#4150=CARTESIAN_POINT('Origin',(-9.99999739368617,24.9999926397858,42.6500001462429));
#4151=CARTESIAN_POINT('',(-8.29999739368617,29.4999926398203,42.6500001241213));
#4152=CARTESIAN_POINT('Origin',(-9.99999739368653,29.4999926398015,42.6500001462461));
#4153=CARTESIAN_POINT('',(-8.29999739368617,23.3999928135986,42.6500001241213));
#4154=CARTESIAN_POINT('',(-8.29999739368617,24.9999926397858,42.6500001241213));
#4155=CARTESIAN_POINT('Origin',(-9.99999739368617,23.3999928135986,42.6500001462429));
#4156=CARTESIAN_POINT('',(-11.4999973717621,23.1999926397858,43.4500001873548));
#4157=CARTESIAN_POINT('Origin',(-9.99999739368617,23.1999926397858,42.6500001462429));
#4158=CARTESIAN_POINT('',(-11.4999973717598,23.3999928135986,43.4500001873548));
#4159=CARTESIAN_POINT('',(-11.4999973717621,29.4999926397816,43.4500001873548));
#4160=CARTESIAN_POINT('',(-11.6999973936862,23.3999928135986,42.6500001683646));
#4161=CARTESIAN_POINT('Origin',(-9.99999739368617,23.3999928135986,42.6500001462429));
#4162=CARTESIAN_POINT('',(-9.99999741580782,23.3999928135986,40.9500001462429));
#4163=CARTESIAN_POINT('Origin',(-9.99999739368617,23.3999928135986,42.6500001462429));
#4164=CARTESIAN_POINT('Origin',(-9.99999739368617,23.3999928135986,42.6500001462429));
#4165=CARTESIAN_POINT('Origin',(16.3171129748544,29.4999926397815,43.4499999750245));
#4166=CARTESIAN_POINT('',(11.6999971667837,23.1999928135986,43.4499999750245));
#4167=CARTESIAN_POINT('',(11.4999971719855,23.1999928135986,43.4500000063664));
#4168=CARTESIAN_POINT('',(13.1585550976632,23.1999928135986,43.4499999750245));
#4169=CARTESIAN_POINT('',(11.499997188699,23.3999928135986,43.4499999750245));
#4170=CARTESIAN_POINT('',(11.4999971887012,29.4999926397816,43.4499999750245));
#4171=CARTESIAN_POINT('',(11.6999971667837,23.3999928135986,43.4499999750245));
#4172=CARTESIAN_POINT('',(13.1585550708191,23.3999928135986,43.4499999750245));
#4173=CARTESIAN_POINT('',(11.6999971667837,26.24999272669,43.4499999750245));
#4174=CARTESIAN_POINT('Origin',(9.9999971667837,24.9999926397858,42.6500000161156));
#4175=CARTESIAN_POINT('',(8.49999717199281,23.1999928135986,43.4500000258855));
#4176=CARTESIAN_POINT('Origin',(9.9999971667837,23.1999928135986,42.6500000161156));
#4177=CARTESIAN_POINT('',(8.49999714486845,23.3999928135986,43.4499999750245));
#4178=CARTESIAN_POINT('',(8.49999714486694,29.4999926397816,43.4499999750245));
#4179=CARTESIAN_POINT('',(8.29999716678369,23.3999928135986,42.6500000161156));
#4180=CARTESIAN_POINT('Origin',(9.9999971667837,23.3999928135986,42.6500000161156));
#4181=CARTESIAN_POINT('',(8.2999971667837,29.49999263982,42.6500000161156));
#4182=CARTESIAN_POINT('',(8.2999971667837,24.9999926397858,42.6500000161156));
#4183=CARTESIAN_POINT('Origin',(9.99999716678406,29.4999926398015,42.6500000161188));
#4184=CARTESIAN_POINT('',(9.9999971667837,23.3999928135986,40.9500000161156));
#4185=CARTESIAN_POINT('Origin',(9.9999971667837,23.3999928135986,42.6500000161156));
#4186=CARTESIAN_POINT('',(11.6999971667837,23.3999928135986,42.6500000161156));
#4187=CARTESIAN_POINT('Origin',(9.9999971667837,23.3999928135986,42.6500000161156));
#4188=CARTESIAN_POINT('Origin',(9.9999971667837,23.3999928135986,42.6500000161156));
#4189=CARTESIAN_POINT('Origin',(16.3171129748544,29.4999926397815,43.4499999750245));
#4190=CARTESIAN_POINT('',(8.29999716678369,23.1999928135986,43.4499999750245));
#4191=CARTESIAN_POINT('',(13.1585550976632,23.1999928135986,43.4499999750245));
#4192=CARTESIAN_POINT('',(8.29999716678369,23.3999928135986,43.4499999750245));
#4193=CARTESIAN_POINT('',(8.29999716678369,26.24999272669,43.4499999750245));
#4194=CARTESIAN_POINT('',(13.1585550708191,23.3999928135986,43.4499999750245));
#4195=CARTESIAN_POINT('Origin',(16.3171129748544,21.0330369626999,61.8499999750246));
#4196=CARTESIAN_POINT('',(8.29999728648856,23.1999926397857,61.8499999750246));
#4197=CARTESIAN_POINT('',(8.49999729169846,23.1999928135985,61.8500000258706));
#4198=CARTESIAN_POINT('',(13.1585550976632,23.1999928135985,61.8499999750246));
#4199=CARTESIAN_POINT('',(8.49999731881402,23.3999926099834,61.8499999750246));
#4200=CARTESIAN_POINT('',(8.49999731881636,29.4999926397816,61.8499999750246));
#4201=CARTESIAN_POINT('',(8.29999728648855,23.3999926397857,61.8499999750246));
#4202=CARTESIAN_POINT('',(13.1585551358766,23.3999926099834,61.8499999750246));
#4203=CARTESIAN_POINT('',(8.29999728648855,22.0165148012428,61.8499999750246));
#4204=CARTESIAN_POINT('Origin',(9.99999729689874,24.9999926397857,62.6500000161157));
#4205=CARTESIAN_POINT('',(11.4999972916978,23.1999928135985,61.8500000063665));
#4206=CARTESIAN_POINT('Origin',(9.99999729689874,23.1999928135985,62.6500000161157));
#4207=CARTESIAN_POINT('',(11.4999972749835,23.3999926099834,61.8499999750246));
#4208=CARTESIAN_POINT('',(11.4999972749821,29.4999926397816,61.8499999750246));
#4209=CARTESIAN_POINT('',(11.6999972968987,23.3999926248845,62.6500000161157));
#4210=CARTESIAN_POINT('Origin',(9.99999729689874,23.3999926099834,62.6500000161157));
#4211=CARTESIAN_POINT('',(9.99999729689874,23.3999926248845,64.3500000161157));
#4212=CARTESIAN_POINT('Origin',(9.99999729689874,23.3999926099834,62.6500000161157));
#4213=CARTESIAN_POINT('',(8.29999729689874,23.3999926248846,62.6500000161157));
#4214=CARTESIAN_POINT('Origin',(9.99999729689874,23.3999926099834,62.6500000161157));
#4215=CARTESIAN_POINT('',(8.29999729689874,29.4999926397828,62.6500000161157));
#4216=CARTESIAN_POINT('',(8.29999729689874,24.9999926397857,62.6500000161157));
#4217=CARTESIAN_POINT('Origin',(9.99999729689921,29.4999926397815,62.6500000161189));
#4218=CARTESIAN_POINT('Origin',(9.99999729689874,23.3999926099834,62.6500000161157));
#4219=CARTESIAN_POINT('Origin',(16.3171129748544,21.0330369626999,61.8499999750246));
#4220=CARTESIAN_POINT('',(11.6999972864885,23.1999926397857,61.8499999750246));
#4221=CARTESIAN_POINT('',(13.1585550976632,23.1999928135985,61.8499999750246));
#4222=CARTESIAN_POINT('',(11.6999972864886,23.3999926397857,61.8499999750246));
#4223=CARTESIAN_POINT('',(11.6999972864886,22.0165148012428,61.8499999750246));
#4224=CARTESIAN_POINT('',(13.1585551358766,23.3999926099834,61.8499999750246));
#4225=CARTESIAN_POINT('Origin',(-16.31711375675,20.9533971501969,43.4500001873548));
#4226=CARTESIAN_POINT('',(-11.699997383276,23.1999928135986,43.4500001873548));
#4227=CARTESIAN_POINT('',(-13.1585555369957,23.1999926397858,43.4500001873548));
#4228=CARTESIAN_POINT('',(-11.699997383276,23.3999928135986,43.4500001873548));
#4229=CARTESIAN_POINT('',(-11.699997383276,21.9766949818977,43.4500001873548));
#4230=CARTESIAN_POINT('',(-13.1585555752181,23.3999928135986,43.4500001873548));
#4231=CARTESIAN_POINT('Origin',(16.3171129748544,29.4999926397815,43.4499999750245));
#4232=CARTESIAN_POINT('',(5.29999763456337,28.4999926397815,43.4500000467053));
#4233=CARTESIAN_POINT('',(6.29999763456337,29.4999926397815,43.4500000401995));
#4234=CARTESIAN_POINT('Origin',(6.29999763456337,28.4999926397815,43.4500000401995));
#4235=CARTESIAN_POINT('',(5.29999763456337,29.4999926397815,43.4499999750245));
#4236=CARTESIAN_POINT('',(5.29999763456337,27.3832537205111,43.4499999750245));
#4237=CARTESIAN_POINT('',(16.3171129748544,29.4999926397815,43.4499999750245));
#4238=CARTESIAN_POINT('Origin',(16.3171129748544,25.2665148012407,52.6499999750245));
#4239=CARTESIAN_POINT('',(16.3171133056997,23.9413087991069,50.8499999750127));
#4240=CARTESIAN_POINT('',(16.3171132640594,23.9413087991076,44.4499999750245));
#4241=CARTESIAN_POINT('',(16.3171133079096,23.9413087991068,51.1896490475843));
#4242=CARTESIAN_POINT('',(16.3171133056997,21.3714645023574,50.8499999750127));
#4243=CARTESIAN_POINT('',(16.3171133056997,29.0850335118819,50.8499999750127));
#4244=CARTESIAN_POINT('',(16.3171133068001,21.1322937689018,51.0191192225698));
#4245=CARTESIAN_POINT('',(16.3171133081185,20.8457101150269,51.2217644676849));
#4246=CARTESIAN_POINT('',(16.3171132629591,21.1322937689054,44.2808807275392));
#4247=CARTESIAN_POINT('',(16.3171133034331,21.132293768902,50.501628224007));
#4248=CARTESIAN_POINT('',(16.3171132640594,21.3714645023575,44.4499999750245));
#4249=CARTESIAN_POINT('',(16.3171132855856,26.0504228248093,47.7585231337195));
#4250=CARTESIAN_POINT('',(16.3171132640594,28.3700338798942,44.4499999750245));
#4251=CARTESIAN_POINT('Origin',(16.3171129748544,25.2665148012407,52.6499999750245));
#4252=CARTESIAN_POINT('',(16.3171133291224,23.9413087991065,54.4499999750121));
#4253=CARTESIAN_POINT('',(16.3171133291224,21.3714645023574,54.4499999750121));
#4254=CARTESIAN_POINT('',(16.3171133291224,29.0850335118818,54.4499999750121));
#4255=CARTESIAN_POINT('',(16.3171133707627,23.9413087991056,60.8499999750096));
#4256=CARTESIAN_POINT('',(16.317113330031,23.9413087991064,54.5896490653033));
#4257=CARTESIAN_POINT('',(16.3171133707627,21.3714645023574,60.8499999750096));
#4258=CARTESIAN_POINT('',(16.3171133707627,24.2850947145693,60.8499999750096));
#4259=CARTESIAN_POINT('',(16.3171133718631,21.1322937688959,61.0191192225015));
#4260=CARTESIAN_POINT('',(16.3171133654431,22.5277427452775,60.0323877885031));
#4261=CARTESIAN_POINT('',(16.3171133280221,21.1322937688999,54.2808807275229));
#4262=CARTESIAN_POINT('',(16.3171133086381,21.1322937689018,51.3016282334696));
#4263=CARTESIAN_POINT('',(16.3171133312131,21.8259006776187,54.7713348761558));
#4264=CARTESIAN_POINT('Origin',(16.3171129748544,25.2665148012407,52.6499999750245));
#4265=CARTESIAN_POINT('',(16.3171133226161,29.4999926397814,53.4499999750121));
#4266=CARTESIAN_POINT('',(16.3171133291224,28.4999926397814,54.4499999750121));
#4267=CARTESIAN_POINT('Origin',(16.317113322616,28.4999926397814,53.4499999750121));
#4268=CARTESIAN_POINT('',(16.317113377269,29.4999926397814,61.8499999750246));
#4269=CARTESIAN_POINT('',(16.3171129748544,29.4999926397815,61.8499999750246));
#4270=CARTESIAN_POINT('',(16.3171133707627,28.4999926397814,60.8499999750246));
#4271=CARTESIAN_POINT('Origin',(16.3171133772695,28.4999926397814,61.8499999750246));
#4272=CARTESIAN_POINT('',(16.3171133707627,28.2999926397811,60.849999975021));
#4273=CARTESIAN_POINT('',(16.3171133707627,28.3700338798926,60.8499999750245));
#4274=CARTESIAN_POINT('',(16.3171133291224,28.2999926397811,54.449999975021));
#4275=CARTESIAN_POINT('',(16.3171133533235,28.2999926397811,58.1696490652262));
#4276=CARTESIAN_POINT('',(16.3171133291224,29.0850335118818,54.4499999750121));
#4277=CARTESIAN_POINT('Origin',(16.3171129748544,25.2665148012407,52.6499999750245));
#4278=CARTESIAN_POINT('',(16.3171133056997,28.4999926397814,50.8499999750127));
#4279=CARTESIAN_POINT('',(16.317113312206,29.4999926397814,51.8499999750127));
#4280=CARTESIAN_POINT('Origin',(16.3171133122058,28.4999926397814,51.8499999750127));
#4281=CARTESIAN_POINT('',(16.3171133056997,28.2999926397817,50.8499999750205));
#4282=CARTESIAN_POINT('',(16.3171133056997,29.0850335118819,50.8499999750127));
#4283=CARTESIAN_POINT('',(16.3171132640594,28.2999926397842,44.4499999750205));
#4284=CARTESIAN_POINT('',(16.3171132950271,28.2999926397846,49.2096490652253));
#4285=CARTESIAN_POINT('',(16.3171132640594,28.4999926397815,44.4499999750245));
#4286=CARTESIAN_POINT('',(16.3171132640594,28.3700338798942,44.4499999750245));
#4287=CARTESIAN_POINT('',(16.3171132575531,29.4999926397815,43.4499999750245));
#4288=CARTESIAN_POINT('Origin',(16.3171132575523,28.4999926397815,43.4499999750245));
#4289=CARTESIAN_POINT('',(16.3171129748544,29.4999926397815,61.8499999750246));
#4290=CARTESIAN_POINT('Origin',(16.3171132635994,27.2849926397836,44.3792981586786));
#4291=CARTESIAN_POINT('',(16.3171133315925,29.4999926397814,54.8296490652287));
#4292=CARTESIAN_POINT('',(16.3171134355936,29.4999926397865,70.8143258918554));
#4293=CARTESIAN_POINT('',(16.317113281192,29.4999926397815,47.0832358823967));
#4294=CARTESIAN_POINT('',(16.3171134355936,22.2199926397812,70.8143258918554));
#4295=CARTESIAN_POINT('',(16.3171134355936,20.3166891490837,70.8143258918553));
#4296=CARTESIAN_POINT('',(16.3171134290873,20.8057790774082,69.8143258918554));
#4297=CARTESIAN_POINT('Origin',(16.3171134290873,22.2199926397812,69.8143258918554));
#4298=CARTESIAN_POINT('',(16.3171134290873,11.9999999999997,69.8143258918554));
#4299=CARTESIAN_POINT('',(16.3171134290873,20.4591479089736,69.8143258918554));
#4300=CARTESIAN_POINT('',(16.3171132887402,11.9999999999997,48.2433649358678));
#4301=CARTESIAN_POINT('',(16.3171132825242,11.9999999999997,47.2879903243302));
#4302=CARTESIAN_POINT('',(16.3171132887402,20.8057790774082,48.2433649358679));
#4303=CARTESIAN_POINT('',(16.3171132887402,21.8439410892438,48.2433649358679));
#4304=CARTESIAN_POINT('',(16.3171132262856,20.8057790774083,38.6442704255112));
#4305=CARTESIAN_POINT('',(16.3171132989566,20.8057790774083,49.8136074016381));
#4306=CARTESIAN_POINT('',(16.3171132262856,23.0481457399252,38.6442705316762));
#4307=CARTESIAN_POINT('',(16.3171132262856,19.7150379280125,38.6442704255111));
#4308=CARTESIAN_POINT('',(16.3171132262856,23.0481457399252,43.1442704255093));
#4309=CARTESIAN_POINT('',(16.3171132262856,23.0481457399252,38.6442705316762));
#4310=CARTESIAN_POINT('',(16.3171132262856,28.4684940140142,43.1442704255093));
#4311=CARTESIAN_POINT('',(16.3171132262856,24.4032328084475,43.1442704255093));
#4312=CARTESIAN_POINT('',(16.3171132262856,28.4684940140142,38.6442705316762));
#4313=CARTESIAN_POINT('',(16.3171132262856,28.4684940140142,38.6442705316762));
#4314=CARTESIAN_POINT('',(16.3171132262856,29.4999926397815,38.6442704255112));
#4315=CARTESIAN_POINT('',(16.3171132262856,19.7150379280125,38.6442704255111));
#4316=CARTESIAN_POINT('',(16.3171133315925,29.4999926397814,54.8296490652287));
#4317=CARTESIAN_POINT('',(16.3171133646695,16.9999511518287,59.9134798582042));
#4318=CARTESIAN_POINT('',(16.3171133646695,13.7001468432809,59.9134798582042));
#4319=CARTESIAN_POINT('',(16.3171133646695,21.6925453047341,59.9134798582042));
#4320=CARTESIAN_POINT('',(16.3171133236308,16.9999511518276,53.6059535748494));
#4321=CARTESIAN_POINT('',(16.3171132882163,16.9999511518267,48.1628435838858));
#4322=CARTESIAN_POINT('',(16.31711332381,13.7001468432797,53.6335015330311));
#4323=CARTESIAN_POINT('',(16.317113323306,22.9789847905894,53.5560384425427));
#4324=CARTESIAN_POINT('',(16.3171132792701,13.7001468432785,46.7878435838863));
#4325=CARTESIAN_POINT('Origin',(9.99999729689874,23.3999926099834,62.6500000161157));
#4326=CARTESIAN_POINT('',(11.6999972747771,23.3999926397857,60.9499999939941));
#4327=CARTESIAN_POINT('Origin',(11.6999972747771,22.9999926397857,60.9499999939941));
#4328=CARTESIAN_POINT('',(11.6999973190204,23.1999926397857,64.3499999939941));
#4329=CARTESIAN_POINT('',(11.6999972858379,23.1999926397857,61.7999999939941));
#4330=CARTESIAN_POINT('',(11.6999973190204,23.3999926394393,64.3499999939941));
#4331=CARTESIAN_POINT('',(11.6999973190204,22.9999926397857,64.3499999939941));
#4332=CARTESIAN_POINT('',(11.6999972747771,23.3999926397857,60.9499999939941));
#4333=CARTESIAN_POINT('Origin',(9.99999729689875,13.5702359784879,62.6500000161157));
#4334=CARTESIAN_POINT('',(6.99999729689875,11.9999999999998,62.6500000161157));
#4335=CARTESIAN_POINT('Origin',(9.99999729689875,11.9999999999998,62.6500000161157));
#4336=CARTESIAN_POINT('',(6.99999729689875,23.1999926397857,62.6500000161157));
#4337=CARTESIAN_POINT('',(6.99999729689875,13.5702359784879,62.6500000161157));
#4338=CARTESIAN_POINT('',(7.52815590015874,23.1999926397857,64.3500000482811));
#4339=CARTESIAN_POINT('Origin',(9.99999729689875,23.1999926397857,62.6500000161157));
#4340=CARTESIAN_POINT('',(7.52815590015874,22.9999926397857,64.3500000482811));
#4341=CARTESIAN_POINT('',(7.52815590015874,22.9999926397857,64.3500000482811));
#4342=CARTESIAN_POINT('',(12.4718387372291,22.9999926397857,64.3499999842937));
#4343=CARTESIAN_POINT('Origin',(9.99999729689875,22.9999926397857,62.6500000161157));
#4344=CARTESIAN_POINT('',(12.471838737882,23.1999926397857,64.3499999839503));
#4345=CARTESIAN_POINT('',(12.471838737882,22.9999926397857,64.3499999839503));
#4346=CARTESIAN_POINT('Origin',(9.99999729689875,23.1999926397857,62.6500000161157));
#4347=CARTESIAN_POINT('Origin',(9.99999729689875,23.1999926397857,62.6500000161157));
#4348=CARTESIAN_POINT('',(8.29999731902039,23.1999926397857,64.3500000382374));
#4349=CARTESIAN_POINT('',(8.29999730795957,23.1999926397857,63.5000000382374));
#4350=CARTESIAN_POINT('',(13.7466186085243,23.1999926397858,64.3499999673619));
#4351=CARTESIAN_POINT('',(13.7466186085243,23.1999926397858,64.3499999673619));
#4352=CARTESIAN_POINT('Origin',(8.29999731902039,22.9999926397857,64.3500000382374));
#4353=CARTESIAN_POINT('',(8.29999731902039,23.3999926397857,64.3500000382374));
#4354=CARTESIAN_POINT('',(8.29999731902039,23.3999926394393,64.3500000382374));
#4355=CARTESIAN_POINT('',(8.29999731902039,23.3999926397857,64.3500000382374));
#4356=CARTESIAN_POINT('',(8.29999731902039,22.9999926397857,64.3500000382374));
#4357=CARTESIAN_POINT('Origin',(9.99999729689874,23.3999926099834,62.6500000161157));
#4358=CARTESIAN_POINT('Origin',(-1.17263690282607E-5,28.4999926397814,61.8500000811748));
#4359=CARTESIAN_POINT('',(5.29999775426878,29.4999926397815,61.8499999750246));
#4360=CARTESIAN_POINT('',(5.29999774776305,28.4999926397814,60.8500000466911));
#4361=CARTESIAN_POINT('Origin',(5.29999775427466,28.4999926397814,61.850000046691));
#4362=CARTESIAN_POINT('',(-5.29999773783376,28.4999926397814,60.8500001156585));
#4363=CARTESIAN_POINT('',(1.1742804682747E-5,28.4999926397814,60.8500000811747));
#4364=CARTESIAN_POINT('',(-5.29999773132676,29.4999926397814,61.8500001873548));
#4365=CARTESIAN_POINT('Origin',(-5.29999773133263,28.4999926397814,61.8500001156585));
#4366=CARTESIAN_POINT('',(-1.17263690282607E-5,29.4999926397814,61.8500000811748));
#4367=CARTESIAN_POINT('Origin',(-2.00851635323573E-8,21.5701143091347,60.8500000811747));
#4368=CARTESIAN_POINT('',(5.29999774776219,16.0000089893084,60.8500000466894));
#4369=CARTESIAN_POINT('',(5.29999774776305,23.4183145551877,60.850000046691));
#4370=CARTESIAN_POINT('',(-5.29999773783463,16.0000089893084,60.8500001156569));
#4371=CARTESIAN_POINT('',(-1.85151770389128E-8,16.0000089893075,60.8500000811732));
#4372=CARTESIAN_POINT('',(-5.29999773783377,17.5701751438113,60.8500001156584));
#4373=CARTESIAN_POINT('Origin',(-16.31711375675,20.9533971501969,43.4500001873548));
#4374=CARTESIAN_POINT('',(-5.29999785105566,28.4999926397815,43.4500001156727));
#4375=CARTESIAN_POINT('',(-6.29999785105566,29.4999926397815,43.4500001221797));
#4376=CARTESIAN_POINT('Origin',(-6.29999785105566,28.4999926397815,43.4500001221797));
#4377=CARTESIAN_POINT('',(-5.29999785105565,29.4999926397814,43.4500001873548));
#4378=CARTESIAN_POINT('',(-16.31711375675,29.4999926397814,43.4500001873548));
#4379=CARTESIAN_POINT('',(-5.29999785105565,23.090046022593,43.4500001873548));
#4380=CARTESIAN_POINT('Origin',(-16.31711375675,25.2266948949891,52.6500001873548));
#4381=CARTESIAN_POINT('',(-16.3171134024746,21.3714645023574,54.4500001873423));
#4382=CARTESIAN_POINT('',(-16.3171134024746,23.9413087982648,54.4500001873424));
#4383=CARTESIAN_POINT('',(-16.3171134024746,29.0850335118818,54.4500001873423));
#4384=CARTESIAN_POINT('',(-16.317113403575,21.1322937239994,54.2808809081037));
#4385=CARTESIAN_POINT('',(-16.3171134003839,21.8259006776187,54.771335088486));
#4386=CARTESIAN_POINT('',(-16.3171133597331,21.1322937239952,61.0191194665854));
#4387=CARTESIAN_POINT('',(-16.3171134229593,21.1322937240008,51.3016284457998));
#4388=CARTESIAN_POINT('',(-16.3171133608335,21.3714645023575,60.8500001873398));
#4389=CARTESIAN_POINT('',(-16.3171133661532,22.5277427494662,60.0323879978522));
#4390=CARTESIAN_POINT('',(-16.3171133608335,23.9413087982641,60.8500001873399));
#4391=CARTESIAN_POINT('',(-16.3171133608335,24.2850947145693,60.8500001873399));
#4392=CARTESIAN_POINT('',(-16.317113401566,23.9413087982648,54.5896492776335));
#4393=CARTESIAN_POINT('Origin',(-16.31711375675,25.2266948949891,52.6500001873548));
#4394=CARTESIAN_POINT('',(-16.317113467539,21.3714645023575,44.4500001873547));
#4395=CARTESIAN_POINT('',(-16.317113467539,23.9413087982661,44.4500001873548));
#4396=CARTESIAN_POINT('',(-16.317113467539,28.3700338798942,44.4500001873547));
#4397=CARTESIAN_POINT('',(-16.3171134686393,21.1322937240042,44.2808809081195));
#4398=CARTESIAN_POINT('',(-16.3171134460123,26.0504228248093,47.7585233460497));
#4399=CARTESIAN_POINT('',(-16.3171134247974,21.1322937240007,51.0191194665807));
#4400=CARTESIAN_POINT('',(-16.3171134281645,21.1322937240013,50.5016284350967));
#4401=CARTESIAN_POINT('',(-16.3171134258978,21.3714645023575,50.8500001873429));
#4402=CARTESIAN_POINT('',(-16.3171134234789,20.8457101152963,51.2217646796725));
#4403=CARTESIAN_POINT('',(-16.3171134258978,23.9413087982653,50.850000187343));
#4404=CARTESIAN_POINT('',(-16.3171134258978,29.0850335118819,50.8500001873429));
#4405=CARTESIAN_POINT('',(-16.3171134236879,23.9413087982652,51.1896492775959));
#4406=CARTESIAN_POINT('Origin',(-16.31711375675,25.2266948949891,52.6500001873548));
#4407=CARTESIAN_POINT('',(-16.3171134024746,28.4999926397814,54.4500001873424));
#4408=CARTESIAN_POINT('',(-16.3171134089811,29.4999926397814,53.4500001873424));
#4409=CARTESIAN_POINT('Origin',(-16.317113408981,28.4999926397814,53.4500001873424));
#4410=CARTESIAN_POINT('',(-16.3171134024746,28.2999926397811,54.4500001873513));
#4411=CARTESIAN_POINT('',(-16.3171134024746,29.0850335118818,54.4500001873423));
#4412=CARTESIAN_POINT('',(-16.3171133608334,28.2999926397811,60.8500001873512));
#4413=CARTESIAN_POINT('',(-16.317113378273,28.2999926397811,58.1696492775564));
#4414=CARTESIAN_POINT('',(-16.3171133608335,28.4999926397814,60.8500001873547));
#4415=CARTESIAN_POINT('',(-16.3171133608334,28.3700338798926,60.8500001873548));
#4416=CARTESIAN_POINT('',(-16.317113354327,29.4999926397814,61.8500001873548));
#4417=CARTESIAN_POINT('Origin',(-16.3171133543275,28.4999926397814,61.8500001873548));
#4418=CARTESIAN_POINT('',(-16.31711375675,29.4999926397814,43.4500001873548));
#4419=CARTESIAN_POINT('Origin',(-16.31711375675,25.2266948949891,52.6500001873548));
#4420=CARTESIAN_POINT('',(-16.3171134193914,29.4999926397814,51.850000187343));
#4421=CARTESIAN_POINT('',(-16.3171134258978,28.4999926397814,50.850000187343));
#4422=CARTESIAN_POINT('Origin',(-16.3171134193912,28.4999926397814,51.850000187343));
#4423=CARTESIAN_POINT('',(-16.3171134740454,29.4999926397815,43.4500001873548));
#4424=CARTESIAN_POINT('',(-16.31711375675,29.4999926397814,43.4500001873548));
#4425=CARTESIAN_POINT('',(-16.317113467539,28.4999926397815,44.4500001873548));
#4426=CARTESIAN_POINT('Origin',(-16.3171134740446,28.4999926397815,43.4500001873548));
#4427=CARTESIAN_POINT('',(-16.317113467539,28.2999926397842,44.4500001873507));
#4428=CARTESIAN_POINT('',(-16.317113467539,28.3700338798942,44.4500001873547));
#4429=CARTESIAN_POINT('',(-16.3171134258978,28.2999926397817,50.8500001873507));
#4430=CARTESIAN_POINT('',(-16.3171134365706,28.2999926397847,49.2096492775555));
#4431=CARTESIAN_POINT('',(-16.3171134258978,29.0850335118819,50.8500001873429));
#4432=CARTESIAN_POINT('Origin',(-9.99999739368616,23.3999928135986,42.6500001462429));
#4433=CARTESIAN_POINT('',(-11.6999974158078,23.3999928135986,40.9500001683646));
#4434=CARTESIAN_POINT('Origin',(-11.6999974158078,22.9999928135986,40.9500001683646));
#4435=CARTESIAN_POINT('',(-11.6999974158078,23.1999928135986,40.9500001683646));
#4436=CARTESIAN_POINT('',(-11.6999974158078,23.1999928135986,40.9500001683646));
#4437=CARTESIAN_POINT('',(-11.6999974158078,23.3999928135986,40.9500001683646));
#4438=CARTESIAN_POINT('',(-11.6999974158078,22.9999928135986,40.9500001683646));
#4439=CARTESIAN_POINT('',(-11.6999974158078,23.3999928135986,40.9500001683646));
#4440=CARTESIAN_POINT('Origin',(-9.99999739368617,13.5702359784879,42.6500001462429));
#4441=CARTESIAN_POINT('',(-12.4718388346695,23.1999928135986,40.9500001784084));
#4442=CARTESIAN_POINT('',(-6.99999739368617,23.1999928135986,42.6500001072047));
#4443=CARTESIAN_POINT('Origin',(-9.99999739368616,23.1999928135986,42.6500001462429));
#4444=CARTESIAN_POINT('',(-6.99999739368617,16.5933649773116,42.6500001072047));
#4445=CARTESIAN_POINT('',(-6.99999739368617,13.5702359784879,42.6500001072047));
#4446=CARTESIAN_POINT('',(-9.21045866945723,13.6991243478181,45.5442407368752));
#4447=CARTESIAN_POINT('Origin',(-9.99999739368617,16.5933649577925,42.6500001462429));
#4448=CARTESIAN_POINT('',(-12.8942379783783,17.3829036387857,41.8604614627166));
#4449=CARTESIAN_POINT('Origin',(-9.99999739368617,14.4886629918439,42.6500001462429));
#4450=CARTESIAN_POINT('Origin',(-9.99999739368617,16.5933649577925,42.6500001462429));
#4451=CARTESIAN_POINT('',(-7.52815599694615,23.1999928135986,40.9500001140775));
#4452=CARTESIAN_POINT('Origin',(-9.99999739368616,23.1999928135986,42.6500001462429));
#4453=CARTESIAN_POINT('',(-7.52815599694615,22.9999926402323,40.9500001140775));
#4454=CARTESIAN_POINT('',(-7.52815599694615,22.9999928135986,40.9500001140775));
#4455=CARTESIAN_POINT('',(-12.4718388346695,22.9999926402323,40.9500001784084));
#4456=CARTESIAN_POINT('Origin',(-9.99999739368617,22.9999926397857,42.6500001462429));
#4457=CARTESIAN_POINT('',(-12.4718388346695,22.9999928135986,40.9500001784084));
#4458=CARTESIAN_POINT('Origin',(-9.99999739368616,23.1999928135986,42.6500001462429));
#4459=CARTESIAN_POINT('',(-8.29999741580781,23.1999928135986,40.9500001241213));
#4460=CARTESIAN_POINT('',(-8.29999741580781,23.1999928135986,40.9500001241213));
#4461=CARTESIAN_POINT('',(-7.52815599694615,23.1999928135986,40.9500001140775));
#4462=CARTESIAN_POINT('',(-7.52815599694615,23.1999928135986,40.9500001140775));
#4463=CARTESIAN_POINT('Origin',(-8.29999737156452,22.9999928135986,44.3500001241213));
#4464=CARTESIAN_POINT('',(-8.29999741580781,23.3999928135986,40.9500001241213));
#4465=CARTESIAN_POINT('',(-8.29999741580781,23.3999928135986,40.9500001241213));
#4466=CARTESIAN_POINT('',(-8.29999741580781,23.3999928135986,40.9500001241213));
#4467=CARTESIAN_POINT('',(-8.29999741580781,22.9999928135986,40.9500001241213));
#4468=CARTESIAN_POINT('Origin',(-9.99999739368616,23.3999928135986,42.6500001462429));
#4469=CARTESIAN_POINT('Origin',(-16.317113467999,27.2849926397836,44.3792983710089));
#4470=CARTESIAN_POINT('',(-16.3171135053136,29.4999926397815,38.6442706378415));
#4471=CARTESIAN_POINT('',(-16.3171134529855,29.4999926397815,46.6867845028013));
#4472=CARTESIAN_POINT('',(-16.3171135053136,28.4684940140142,38.6442705316762));
#4473=CARTESIAN_POINT('',(-16.3171135053136,27.0000751552627,38.6442706378414));
#4474=CARTESIAN_POINT('',(-16.3171135053136,28.4684940140142,43.1442706378396));
#4475=CARTESIAN_POINT('',(-16.3171135053136,28.4684940140142,38.6442705316762));
#4476=CARTESIAN_POINT('',(-16.3171135053136,23.0481457399252,43.1442706378396));
#4477=CARTESIAN_POINT('',(-16.3171135053136,27.1134069454919,43.1442706378396));
#4478=CARTESIAN_POINT('',(-16.3171135053136,23.0481457399252,38.6442705316762));
#4479=CARTESIAN_POINT('',(-16.3171135053136,23.0481457399252,38.6442705316762));
#4480=CARTESIAN_POINT('',(-16.3171135053136,20.8057790774083,38.6442706378447));
#4481=CARTESIAN_POINT('',(-16.3171135053136,27.0000751552627,38.6442706378414));
#4482=CARTESIAN_POINT('',(-16.3171134428577,20.8057791272833,48.2433651481981));
#4483=CARTESIAN_POINT('',(-16.3171133723427,20.8057791057229,59.0811025721341));
#4484=CARTESIAN_POINT('',(-16.3171134428577,11.9999999999997,48.2433651481981));
#4485=CARTESIAN_POINT('',(-16.3171134428577,21.8439410892438,48.2433651481981));
#4486=CARTESIAN_POINT('',(-16.3171133025077,11.9999999999997,69.8143261041857));
#4487=CARTESIAN_POINT('',(-16.3171134490738,11.9999999999998,47.2879905366604));
#4488=CARTESIAN_POINT('',(-16.3171133003485,20.8057790609916,69.8143261041857));
#4489=CARTESIAN_POINT('',(-16.3171133025076,20.4591479089736,69.8143261041857));
#4490=CARTESIAN_POINT('',(-16.3171132960012,22.2199926397812,70.8143261041857));
#4491=CARTESIAN_POINT('Origin',(-16.3171133025077,22.2199926397813,69.8143261041856));
#4492=CARTESIAN_POINT('',(-16.3171132960012,29.4999926397865,70.8143261041856));
#4493=CARTESIAN_POINT('',(-16.3171132960012,20.3166891490837,70.8143261041856));
#4494=CARTESIAN_POINT('',(-16.3171134343282,29.4999926397735,49.5542983710103));
#4495=CARTESIAN_POINT('',(-16.3171134000045,29.4999926397814,54.8296492775589));
#4496=CARTESIAN_POINT('',(-16.3171133669269,13.7001468432809,59.9134800705344));
#4497=CARTESIAN_POINT('',(-16.3171134077871,13.7001468432797,53.6335017453614));
#4498=CARTESIAN_POINT('',(-16.317113452328,13.7001468432785,46.7878437962166));
#4499=CARTESIAN_POINT('',(-16.3171134079664,16.9999511518276,53.6059537871797));
#4500=CARTESIAN_POINT('',(-16.3171134082911,22.9789847905894,53.556038654873));
#4501=CARTESIAN_POINT('',(-16.3171133669269,16.9999511518288,59.9134800705344));
#4502=CARTESIAN_POINT('',(-16.3171134433816,16.9999511518267,48.162843796216));
#4503=CARTESIAN_POINT('',(-16.3171133669269,21.6925453047341,59.9134800705344));
#4504=CARTESIAN_POINT('Origin',(-4.00457703408845,42.3999902060685,66.9854119217469));
#4505=CARTESIAN_POINT('',(-3.86322314990002,29.4999926397814,65.9954527915678));
#4506=CARTESIAN_POINT('',(-3.00471317360056,29.4999926397842,67.0019122396304));
#4507=CARTESIAN_POINT('Origin',(-4.00457703408845,29.4999926397766,66.9854119217469));
#4508=CARTESIAN_POINT('',(-3.00471317360056,28.4999926397814,67.0019122396304));
#4509=CARTESIAN_POINT('',(-3.00471317360056,42.3999902060685,67.0019122396304));
#4510=CARTESIAN_POINT('Ctrl Pts',(-3.00471317360057,28.4999926397814,67.0019122396303));
#4511=CARTESIAN_POINT('Ctrl Pts',(-3.00469270751429,28.5014248667848,67.0006720635214));
#4512=CARTESIAN_POINT('Ctrl Pts',(-3.00467454875092,28.5028570970341,66.9994318465237));
#4513=CARTESIAN_POINT('Ctrl Pts',(-3.00247200594314,28.7018644912282,66.8270985729073));
#4514=CARTESIAN_POINT('Ctrl Pts',(-3.0441280175385,28.9027405600799,66.6517739075937));
#4515=CARTESIAN_POINT('Ctrl Pts',(-3.19576638559945,29.1846928318217,66.3845153626478));
#4516=CARTESIAN_POINT('Ctrl Pts',(-3.27612410852034,29.2784935941266,66.2889370797461));
#4517=CARTESIAN_POINT('Ctrl Pts',(-3.44761487332514,29.4030315532433,66.1493764134526));
#4518=CARTESIAN_POINT('Ctrl Pts',(-3.53423915265294,29.4452586964726,66.0965264530406));
#4519=CARTESIAN_POINT('Ctrl Pts',(-3.70626580207071,29.4904144461985,66.0276943282317));
#4520=CARTESIAN_POINT('Ctrl Pts',(-3.78347424739885,29.4999926397814,66.0068399456277));
#4521=CARTESIAN_POINT('Ctrl Pts',(-3.86322314990002,29.4999926397814,65.9954527915678));
#4522=CARTESIAN_POINT('Origin',(-0.00512159213682814,42.3999902060685,67.0514131932808));
#4523=CARTESIAN_POINT('',(2.99487840786324,29.4999926397842,67.0514131932808));
#4524=CARTESIAN_POINT('Origin',(-0.00512159213682957,29.4999926397766,67.0514131932808));
#4525=CARTESIAN_POINT('',(2.99487840786324,18.1220188744391,67.0514131932808));
#4526=CARTESIAN_POINT('',(2.99487840786324,42.3999902060685,67.0514131932808));
#4527=CARTESIAN_POINT('Origin',(-0.00512159213682978,18.1220188744391,67.0514131932808));
#4528=CARTESIAN_POINT('',(2.9944699893269,29.4999926397842,67.0019122396304));
#4529=CARTESIAN_POINT('Origin',(-0.00512159213682957,29.4999926397766,67.0514131932808));
#4530=CARTESIAN_POINT('',(2.9944699893269,28.4999926397814,67.0019122396303));
#4531=CARTESIAN_POINT('',(2.9944699893269,42.3999902060685,67.0019122396304));
#4532=CARTESIAN_POINT('Origin',(-0.00512159213682947,28.4999926397814,67.0514131932808));
#4533=CARTESIAN_POINT('Origin',(-3.16477011272633E-7,27.0000751905214,38.6442705316763));
#4534=CARTESIAN_POINT('',(-6.29999788232623,29.4999926397815,38.6442705726664));
#4535=CARTESIAN_POINT('',(-10.2999981534051,29.4999926397815,38.6442705986919));
#4536=CARTESIAN_POINT('',(-6.29999788232593,20.5990945103566,38.6442705726664));
#4537=CARTESIAN_POINT('',(-6.29999788232593,20.2851555845047,38.6442705726664));
#4538=CARTESIAN_POINT('',(-16.1104288531633,20.5990945063528,38.6442706266048));
#4539=CARTESIAN_POINT('',(-1.32499966369328,20.5990945103566,38.6442705402972));
#4540=CARTESIAN_POINT('',(-12.6832278189053,17.171893391,38.6442706142036));
#4541=CARTESIAN_POINT('Origin',(-15.8507915704926,25.7583198769697,38.6442705316762));
#4542=CARTESIAN_POINT('Origin',(15.3171134106816,29.5699926397814,65.9854119217469));
#4543=CARTESIAN_POINT('',(10.6595633818955,11.5999999930355,65.9854119217193));
#4544=CARTESIAN_POINT('',(9.34043121190199,11.5999999930355,65.9854119217193));
#4545=CARTESIAN_POINT('Ctrl Pts',(10.6595633813624,11.5999999999997,65.9854119217468));
#4546=CARTESIAN_POINT('Ctrl Pts',(9.99999729689875,11.7279492411099,65.9854119217468));
#4547=CARTESIAN_POINT('Ctrl Pts',(9.34043121243513,11.5999999999997,65.9854119217468));
#4548=CARTESIAN_POINT('',(-2.64999896020859,11.5999999791071,65.9854119217468));
#4549=CARTESIAN_POINT('Origin',(15.3171134106816,29.5699926397814,65.9854119217469));
#4550=CARTESIAN_POINT('',(-9.34043052049908,11.5999999930355,65.9854119217193));
#4551=CARTESIAN_POINT('',(-10.659564006594,11.5999999930355,65.9854119217193));
#4552=CARTESIAN_POINT('Ctrl Pts',(-9.34043052103224,11.5999999999997,65.9854119217468));
#4553=CARTESIAN_POINT('Ctrl Pts',(-9.99999726354654,11.7279494964206,65.9854119217468));
#4554=CARTESIAN_POINT('Ctrl Pts',(-10.6595640060608,11.5999999999997,65.9854119217468));
#4555=CARTESIAN_POINT('',(-2.64999896020859,11.5999999791071,65.9854119217468));
#4556=CARTESIAN_POINT('Origin',(3.99433384981479,42.3999902060685,66.9854119217469));
#4557=CARTESIAN_POINT('',(3.85297996562636,29.4999926397814,65.9954527915678));
#4558=CARTESIAN_POINT('Origin',(3.99433384981479,29.4999926397766,66.9854119217469));
#4559=CARTESIAN_POINT('Ctrl Pts',(2.99446998932691,28.4999926397814,67.0019122396303));
#4560=CARTESIAN_POINT('Ctrl Pts',(2.99444952324063,28.501424866785,67.0006720635212));
#4561=CARTESIAN_POINT('Ctrl Pts',(2.99443136447725,28.5028570970337,66.9994318465228));
#4562=CARTESIAN_POINT('Ctrl Pts',(2.99222882166171,28.7018644919912,66.827098572287));
#4563=CARTESIAN_POINT('Ctrl Pts',(3.03388483354766,28.9027405606963,66.6517739070198));
#4564=CARTESIAN_POINT('Ctrl Pts',(3.18552320144095,29.184692831975,66.3845153624955));
#4565=CARTESIAN_POINT('Ctrl Pts',(3.26588092436928,29.2784935942449,66.2889370796211));
#4566=CARTESIAN_POINT('Ctrl Pts',(3.43737168917797,29.4030315533127,66.1493764133689));
#4567=CARTESIAN_POINT('Ctrl Pts',(3.52399596850787,29.4452586965229,66.0965264529737));
#4568=CARTESIAN_POINT('Ctrl Pts',(3.69602261788671,29.4904144462098,66.0276943282073));
#4569=CARTESIAN_POINT('Ctrl Pts',(3.77323106317234,29.4999926397814,66.0068399456209));
#4570=CARTESIAN_POINT('Ctrl Pts',(3.85297996562636,29.4999926397814,65.9954527915678));
#4571=CARTESIAN_POINT('Origin',(15.3171134290873,11.7999999999997,69.8143258983617));
#4572=CARTESIAN_POINT('',(15.9171134285272,11.5999999994396,69.8143258944579));
#4573=CARTESIAN_POINT('',(15.9171134290873,11.5999999999997,69.8143258944579));
#4574=CARTESIAN_POINT('',(15.3171134355937,11.9999999999997,70.8143258983617));
#4575=CARTESIAN_POINT('Origin',(15.3171134290873,11.9999999999997,69.8143258983617));
#4576=CARTESIAN_POINT('',(15.3171134329911,11.5999999994288,70.4143258977908));
#4577=CARTESIAN_POINT('',(15.3171134329911,11.5999999999997,70.4143258983617));
#4578=CARTESIAN_POINT('Origin',(15.3171134290873,11.5999999999997,69.8143258983617));
#4579=CARTESIAN_POINT('Origin',(15.3171134290873,20.4591479089736,69.8143258983617));
#4580=CARTESIAN_POINT('',(15.3171134355937,21.2199926397813,70.8143258983617));
#4581=CARTESIAN_POINT('Origin',(15.3171134290873,21.2199926397813,69.8143258983617));
#4582=CARTESIAN_POINT('',(15.3171134355937,13.5999999999997,70.8143258983617));
#4583=CARTESIAN_POINT('Origin',(7.55904624805887,13.6333031781636,70.641096451005));
#4584=CARTESIAN_POINT('',(7.25908855047794,11.9999999999997,70.4678669551232));
#4585=CARTESIAN_POINT('',(7.55904624805886,11.8267705021662,70.641096451005));
#4586=CARTESIAN_POINT('',(1.51082029022185,15.3197001849489,67.1481668075744));
#4587=CARTESIAN_POINT('',(7.8590039456398,11.9999999999997,70.8143259468869));
#4588=CARTESIAN_POINT('',(4.47302580352952,10.0445532888024,68.8588792577201));
#4589=CARTESIAN_POINT('',(7.8590039456398,15.1220188744391,70.8143259468869));
#4590=CARTESIAN_POINT('',(7.8590039456398,13.6333031781636,70.8143259468869));
#4591=CARTESIAN_POINT('',(7.25908855047794,14.7755598787721,70.4678669551232));
#4592=CARTESIAN_POINT('',(7.8590039456398,15.1220188744391,70.8143259468869));
#4593=CARTESIAN_POINT('',(7.25908855047794,13.6333031781636,70.4678669551232));
#4594=CARTESIAN_POINT('Origin',(-3.74238538469114,11.7999999999997,70.6143260223698));
#4595=CARTESIAN_POINT('',(7.69000918158876,11.5999999996693,70.4143259474595));
#4596=CARTESIAN_POINT('',(-3.74238538599241,11.5999999999997,70.4143260223698));
#4597=CARTESIAN_POINT('',(-3.74238538338986,11.9999999999997,70.8143260223698));
#4598=CARTESIAN_POINT('',(8.13338910928944,10.8322599498355,69.6465858949375));
#4599=CARTESIAN_POINT('Origin',(-15.3171133025076,11.7999999999997,69.8143260976792));
#4600=CARTESIAN_POINT('',(-15.9171133019476,11.5999999994396,69.8143261015831));
#4601=CARTESIAN_POINT('',(-15.9171133025076,11.5999999999997,69.8143261015831));
#4602=CARTESIAN_POINT('',(-15.3171132986038,11.5999999994288,70.4143260971083));
#4603=CARTESIAN_POINT('Origin',(-15.3171133025076,11.5999999999997,69.8143260976792));
#4604=CARTESIAN_POINT('',(-15.3171132960013,11.9999999999997,70.8143260976792));
#4605=CARTESIAN_POINT('',(-15.3171132986038,11.5999999999997,70.4143260976792));
#4606=CARTESIAN_POINT('Origin',(-15.3171133025076,11.9999999999997,69.8143260976792));
#4607=CARTESIAN_POINT('Origin',(-15.3171133025076,20.4591479089736,69.8143260976792));
#4608=CARTESIAN_POINT('',(-15.3171132960013,21.2199926397813,70.8143260976792));
#4609=CARTESIAN_POINT('',(-15.3171132960013,13.5999999999997,70.8143260976792));
#4610=CARTESIAN_POINT('Origin',(-15.3171133025076,21.2199926397813,69.8143260976793));
#4611=CARTESIAN_POINT('Origin',(-9.56847448762228,15.4713538248959,69.8143260602765));
#4612=CARTESIAN_POINT('',(-9.56847448111591,15.4713538248959,70.8143260602765));
#4613=CARTESIAN_POINT('Origin',(2.27694118769327,14.9220188744391,70.6143259832058));
#4614=CARTESIAN_POINT('',(-7.85900380604739,15.1220188744391,70.814326049154));
#4615=CARTESIAN_POINT('',(-2.27694104940214,15.1220188744391,70.8143260128351));
#4616=CARTESIAN_POINT('',(-7.25908841539391,14.7755598787721,70.4678670495838));
#4617=CARTESIAN_POINT('',(-7.85900380604739,15.1220188744391,70.814326049154));
#4618=CARTESIAN_POINT('',(-7.22819393457199,14.7220188744391,70.4143260450497));
#4619=CARTESIAN_POINT('',(-5.47087882414605,11.6765423544051,67.3688495135821));
#4620=CARTESIAN_POINT('',(7.22819406895931,14.7220188744391,70.4143259509912));
#4621=CARTESIAN_POINT('',(-2.27694105200467,14.7220188744391,70.4143260128351));
#4622=CARTESIAN_POINT('',(5.47087891890338,11.6765423544051,67.368849442391));
#4623=CARTESIAN_POINT('Origin',(-7.55904611072065,13.6333031781636,70.6410965493689));
#4624=CARTESIAN_POINT('',(-7.25908841539391,11.9999999999997,70.4678670495838));
#4625=CARTESIAN_POINT('',(-7.55904611072065,11.8267705021662,70.6410965493689));
#4626=CARTESIAN_POINT('',(-1.5108201983362,15.3197001849489,67.1481668272343));
#4627=CARTESIAN_POINT('',(-7.25908841539391,13.6333031781637,70.4678670495838));
#4628=CARTESIAN_POINT('',(-7.85900380604739,11.9999999999997,70.814326049154));
#4629=CARTESIAN_POINT('',(-7.85900380604739,13.6333031781636,70.814326049154));
#4630=CARTESIAN_POINT('',(-4.47302568938282,10.0445532888024,68.8588793159264));
#4631=CARTESIAN_POINT('Origin',(3.742385521681,11.7999999999997,70.6143259736711));
#4632=CARTESIAN_POINT('',(-7.69000904720144,11.5999999996693,70.4143260475275));
#4633=CARTESIAN_POINT('',(3.74238552037972,11.5999999999997,70.4143259736711));
#4634=CARTESIAN_POINT('',(-8.13338898489252,10.8322599498355,69.6465860007751));
#4635=CARTESIAN_POINT('',(3.74238552298227,11.9999999999997,70.8143259736711));
#4636=CARTESIAN_POINT('Origin',(-16.1171134826555,11.7999999999998,42.1266841802163));
#4637=CARTESIAN_POINT('',(-15.9171134421785,11.5999999993206,48.2433651455955));
#4638=CARTESIAN_POINT('',(-16.1171134428577,11.7999999999998,48.2433651468968));
#4639=CARTESIAN_POINT('',(-15.9171134826555,11.5999999999998,42.126684178915));
#4640=CARTESIAN_POINT('Origin',(-16.3232632008098,20.81192893419,63.4329068168896));
#4641=CARTESIAN_POINT('',(-6.87349775692123,11.3621634903015,47.8812015893943));
#4642=CARTESIAN_POINT('',(-7.51133432488854,12.0000000037275,47.243365078979));
#4643=CARTESIAN_POINT('',(-6.87349775692123,11.3621634903015,47.8812015893943));
#4644=CARTESIAN_POINT('',(-15.3171134550639,19.8057790869078,47.2433651416917));
#4645=CARTESIAN_POINT('',(-12.2817830034233,16.7704486314674,47.2433651219427));
#4646=CARTESIAN_POINT('Origin',(-15.3171134428577,19.8057790774082,48.2433651416917));
#4647=CARTESIAN_POINT('Origin',(9.99999729689875,11.7999999999998,62.6500000161157));
#4648=CARTESIAN_POINT('',(6.5999972968987,11.5999999999997,62.6500000161157));
#4649=CARTESIAN_POINT('',(6.79999729689875,11.7999999999998,62.6500000161157));
#4650=CARTESIAN_POINT('Origin',(9.99999729689875,11.5999999999997,62.6500000161157));
#4651=CARTESIAN_POINT('Origin',(9.99999729689875,11.5999999999997,62.6500000161157));
#4652=CARTESIAN_POINT('Origin',(-1.99017885254452,11.7999999999997,54.0384575021067));
#4653=CARTESIAN_POINT('',(3.47753357290122,11.9999999999997,63.9143259753943));
#4654=CARTESIAN_POINT('',(-2.16340834972765,11.9999999999997,54.1384151996877));
#4655=CARTESIAN_POINT('',(3.70853880893962,11.5999999995713,63.5143259732098));
#4656=CARTESIAN_POINT('',(3.70853880854585,11.5999999999997,63.5143259738913));
#4657=CARTESIAN_POINT('',(-1.8169493553614,11.5999999999997,53.9384998045258));
#4658=CARTESIAN_POINT('Origin',(3.47753357290121,13.6333031781637,63.9143259753943));
#4659=CARTESIAN_POINT('',(3.47753357290121,14.7220188744391,63.9143259753942));
#4660=CARTESIAN_POINT('',(4.17384892182483,14.7220188744391,65.1210600308408));
#4661=CARTESIAN_POINT('',(3.47753357290122,13.5999999999997,63.9143259753943));
#4662=CARTESIAN_POINT('Origin',(-0.00512159213682969,28.4999926397814,67.0514131932808));
#4663=CARTESIAN_POINT('Origin',(-0.00512159213682947,29.4999926397814,67.0514131932808));
#4664=CARTESIAN_POINT('Origin',(-2.90512156765071,14.7220188744391,70.8143260169225));
#4665=CARTESIAN_POINT('',(-3.47753352309667,14.7220188744391,63.9143260206465));
#4666=CARTESIAN_POINT('',(-4.17384885631738,14.7220188744391,65.121060085154));
#4667=CARTESIAN_POINT('',(1.45512166234855,14.7220188744391,63.9143259885528));
#4668=CARTESIAN_POINT('',(2.09487840786328,14.7220188744391,67.0514131796174));
#4669=CARTESIAN_POINT('Origin',(-0.00512159213672199,14.7220188744391,67.0514131932808));
#4670=CARTESIAN_POINT('Origin',(-0.00512159213672282,14.9220188744391,67.0514131932808));
#4671=CARTESIAN_POINT('',(1.69487840786327,15.1220188744391,67.0514131822199));
#4672=CARTESIAN_POINT('Origin',(-0.00512159213672321,15.1220188744391,67.0514131932808));
#4673=CARTESIAN_POINT('',(1.89487840786328,14.9220188744391,67.0514131809187));
#4674=CARTESIAN_POINT('Origin',(6.29999768679694,28.4999926397814,51.4788571011271));
#4675=CARTESIAN_POINT('',(5.29999760980433,28.4999926397815,39.644270497192));
#4676=CARTESIAN_POINT('',(6.29999760329827,29.4999926397815,38.6442704906863));
#4677=CARTESIAN_POINT('Origin',(6.29999760980433,28.4999926397815,39.6442704906862));
#4678=CARTESIAN_POINT('',(5.29999768679694,28.4999926397814,51.4788571076329));
#4679=CARTESIAN_POINT('',(6.29999760655145,29.4999926397815,39.1442704906863));
#4680=CARTESIAN_POINT('Origin',(16.5165060326819,18.6000108534782,53.9926096825235));
#4681=CARTESIAN_POINT('',(15.9171404706259,16.5999855603436,54.0092974563805));
#4682=CARTESIAN_POINT('',(9.71656032373095,16.5998262731659,54.0093064048839));
#4683=CARTESIAN_POINT('',(16.5165603212258,16.600010854215,54.0093064048839));
#4684=CARTESIAN_POINT('',(9.71662818204609,14.0999133893723,54.0301765805646));
#4685=CARTESIAN_POINT('',(9.71652331133317,17.9633698548366,53.997923050575));
#4686=CARTESIAN_POINT('',(15.9171404707119,14.1000907719426,54.030167430773));
#4687=CARTESIAN_POINT('',(16.5166281795409,14.1000979704214,54.0301765805646));
#4688=CARTESIAN_POINT('',(15.9171133259085,22.9823240179199,53.9560244136069));
#4689=CARTESIAN_POINT('Origin',(16.1171675835584,13.9000871273543,49.1963890103926));
#4690=CARTESIAN_POINT('',(15.378344493297,14.6388901979993,54.564465901529));
#4691=CARTESIAN_POINT('',(15.9171405059308,14.1000907466895,59.5134889057556));
#4692=CARTESIAN_POINT('',(15.9171675836321,14.1000816984999,49.1963890116938));
#4693=CARTESIAN_POINT('',(13.0655290169051,16.9516429091976,56.6618955315956));
#4694=CARTESIAN_POINT('Origin',(16.1171133246073,22.9806544042546,53.7560314280748));
#4695=CARTESIAN_POINT('',(17.4611891925001,18.144058083731,52.4522866722741));
#4696=CARTESIAN_POINT('Origin',(16.1171676014507,16.8000000129904,51.9463890103921));
#4697=CARTESIAN_POINT('',(15.9171405068946,16.5999855360948,59.5134889068831));
#4698=CARTESIAN_POINT('',(15.6380803764864,16.3208997359575,59.2344468744392));
#4699=CARTESIAN_POINT('',(15.9171676015244,16.5999945841361,51.9463890116933));
#4700=CARTESIAN_POINT('Origin',(16.1171133633682,21.6925453047341,59.7134798582042));
#4701=CARTESIAN_POINT('',(15.9171133620669,21.6925453047341,59.5134798582042));
#4702=CARTESIAN_POINT('Origin',(16.1171132489432,11.7999999999998,42.1266839704886));
#4703=CARTESIAN_POINT('',(15.917113288061,11.5999999993206,48.2433649384704));
#4704=CARTESIAN_POINT('',(15.9171132489432,11.5999999999998,42.1266839717898));
#4705=CARTESIAN_POINT('',(16.1171132887402,11.7999999999998,48.2433649371691));
#4706=CARTESIAN_POINT('Origin',(15.3171132887402,21.8439410892438,48.2433649423742));
#4707=CARTESIAN_POINT('',(15.3171132822338,11.9999999965731,47.2433649418094));
#4708=CARTESIAN_POINT('Origin',(15.3171132887402,11.9999999999998,48.2433649423741));
#4709=CARTESIAN_POINT('',(15.3171132822338,19.8057790774082,47.2433649423742));
#4710=CARTESIAN_POINT('',(15.3171132822338,21.8439410892438,47.2433649423742));
#4711=CARTESIAN_POINT('Origin',(15.3171132887402,19.8057790774082,48.2433649423742));
#4712=CARTESIAN_POINT('Origin',(16.5165738909971,16.1000979696846,59.5134798582042));
#4713=CARTESIAN_POINT('',(9.71656032373095,16.5998262731659,59.5134798582042));
#4714=CARTESIAN_POINT('',(16.5165603212258,16.600010854215,59.5134798582042));
#4715=CARTESIAN_POINT('',(9.71662818204608,14.0999133893723,59.5134798582042));
#4716=CARTESIAN_POINT('',(16.5166281795409,14.1000979704214,59.5134798582042));
#4717=CARTESIAN_POINT('',(9.71655692892345,16.7248916095839,59.5134798582042));
#4718=CARTESIAN_POINT('Origin',(-0.0231092241866425,20.5702359792247,56.9497838326144));
#4719=CARTESIAN_POINT('',(14.1768364872695,20.5702359792247,56.9497837512848));
#4720=CARTESIAN_POINT('Origin',(12.4768364872695,20.5702359792247,56.9497837512848));
#4721=CARTESIAN_POINT('Origin',(12.4768364872695,13.5702359784879,56.9497837512848));
#4722=CARTESIAN_POINT('',(14.1768364872695,16.999947344115,56.9497837512848));
#4723=CARTESIAN_POINT('',(14.1170814002832,16.9999456691882,57.3965461325712));
#4724=CARTESIAN_POINT('Ctrl Pts',(14.1768364872695,16.999947344115,56.9497837512848));
#4725=CARTESIAN_POINT('Ctrl Pts',(14.1768364872695,16.999947344115,57.0251587528146));
#4726=CARTESIAN_POINT('Ctrl Pts',(14.1718243097028,16.9996183394557,57.1004423039401));
#4727=CARTESIAN_POINT('Ctrl Pts',(14.1518398370184,16.9987964531961,57.2498573774566));
#4728=CARTESIAN_POINT('Ctrl Pts',(14.1368909526501,16.9983070826876,57.3238156177545));
#4729=CARTESIAN_POINT('Ctrl Pts',(14.1170839820442,16.9979223688869,57.3965366537771));
#4730=CARTESIAN_POINT('',(14.116987831596,16.9999456688424,56.5026779833687));
#4731=CARTESIAN_POINT('Origin',(12.4768364872475,16.9999011929575,56.9497837512848));
#4732=CARTESIAN_POINT('Ctrl Pts',(14.116990041008,16.9980062020112,56.502686088398));
#4733=CARTESIAN_POINT('Ctrl Pts',(14.1368281199437,16.9983496693148,56.5754610061991));
#4734=CARTESIAN_POINT('Ctrl Pts',(14.1518005096521,16.9988159168774,56.6494757203245));
#4735=CARTESIAN_POINT('Ctrl Pts',(14.1718162391422,16.9996164608035,56.799005364925));
#4736=CARTESIAN_POINT('Ctrl Pts',(14.1768364872695,16.999947344115,56.8743480960305));
#4737=CARTESIAN_POINT('Ctrl Pts',(14.1768364872695,16.999947344115,56.9497837512848));
#4738=CARTESIAN_POINT('',(14.1768364872695,13.5702359784879,56.9497837512848));
#4739=CARTESIAN_POINT('Ctrl Pts',(14.1749072046898,17.0018765743265,56.9497837512848));
#4740=CARTESIAN_POINT('Ctrl Pts',(14.1749072046898,17.0018765743265,56.4417189164145));
#4741=CARTESIAN_POINT('Ctrl Pts',(13.6884453508445,17.0018633697784,55.4287991761926));
#4742=CARTESIAN_POINT('Ctrl Pts',(12.0450914266466,17.001818762216,55.0564856633976));
#4743=CARTESIAN_POINT('Ctrl Pts',(10.7230329740109,17.0017828757073,56.1057136133272));
#4744=CARTESIAN_POINT('Ctrl Pts',(10.7276652848238,17.0017830014491,57.7919681275396));
#4745=CARTESIAN_POINT('Ctrl Pts',(12.0432752201774,17.0018187129197,58.8480117191379));
#4746=CARTESIAN_POINT('Ctrl Pts',(13.6886364782478,17.0018633749639,58.4671874642874));
#4747=CARTESIAN_POINT('Ctrl Pts',(14.1749072046898,17.0018765743265,57.4578485861552));
#4748=CARTESIAN_POINT('Ctrl Pts',(14.1749072046898,17.0018765743265,56.9497837512848));
#4749=CARTESIAN_POINT('Ctrl Pts',(14.3088836321672,16.8679037834923,56.9497837512848));
#4750=CARTESIAN_POINT('Ctrl Pts',(14.3088836321672,16.8679037834923,56.4016343511173));
#4751=CARTESIAN_POINT('Ctrl Pts',(13.7840435050257,16.867889537159,55.308798457941));
#4752=CARTESIAN_POINT('Ctrl Pts',(12.0110327967132,16.8678414101297,54.9071043102233));
#4753=CARTESIAN_POINT('Ctrl Pts',(10.5846590781965,16.8678026921239,56.0391140426301));
#4754=CARTESIAN_POINT('Ctrl Pts',(10.589656909203,16.8678028277872,57.8584188367856));
#4755=CARTESIAN_POINT('Ctrl Pts',(12.0090733984332,16.8678413569456,58.9977820570822));
#4756=CARTESIAN_POINT('Ctrl Pts',(13.784249635805,16.8678895427526,58.5869056976944));
#4757=CARTESIAN_POINT('Ctrl Pts',(14.3088836321672,16.8679037834923,57.4979331514524));
#4758=CARTESIAN_POINT('Ctrl Pts',(14.3088836321672,16.8679037834923,56.9497837512848));
#4759=CARTESIAN_POINT('Ctrl Pts',(14.4428600596447,16.7339309926581,56.9497837512848));
#4760=CARTESIAN_POINT('Ctrl Pts',(14.4428600596447,16.7339309926581,56.36154978582));
#4761=CARTESIAN_POINT('Ctrl Pts',(13.879641659207,16.7339157045395,55.1887977396896));
#4762=CARTESIAN_POINT('Ctrl Pts',(11.9769741667799,16.7338640580435,54.757722957049));
#4763=CARTESIAN_POINT('Ctrl Pts',(10.446285182382,16.7338225085407,55.9725144719328));
#4764=CARTESIAN_POINT('Ctrl Pts',(10.4516485335823,16.7338226541252,57.9248695460315));
#4765=CARTESIAN_POINT('Ctrl Pts',(11.974871576689,16.7338640009714,59.1475523950265));
#4766=CARTESIAN_POINT('Ctrl Pts',(13.8798627933623,16.7339157105412,58.7066239311015));
#4767=CARTESIAN_POINT('Ctrl Pts',(14.4428600596447,16.7339309926581,57.5380177167497));
#4768=CARTESIAN_POINT('Ctrl Pts',(14.4428600596447,16.7339309926581,56.9497837512848));
#4769=CARTESIAN_POINT('Ctrl Pts',(14.5768364871221,16.5999582018238,56.9497837512848));
#4770=CARTESIAN_POINT('Ctrl Pts',(14.5768364871221,16.5999582018238,56.3214652205228));
#4771=CARTESIAN_POINT('Ctrl Pts',(13.9752398133882,16.5999418719201,55.0687970214379));
#4772=CARTESIAN_POINT('Ctrl Pts',(11.9429155368465,16.5998867059573,54.6083416038748));
#4773=CARTESIAN_POINT('Ctrl Pts',(10.3079112865676,16.5998423249573,55.9059149012356));
#4774=CARTESIAN_POINT('Ctrl Pts',(10.3136401579615,16.5998424804633,57.9913202552775));
#4775=CARTESIAN_POINT('Ctrl Pts',(11.9406697549449,16.5998866449972,59.2973227329707));
#4776=CARTESIAN_POINT('Ctrl Pts',(13.9754759509197,16.5999418783299,58.8263421645085));
#4777=CARTESIAN_POINT('Ctrl Pts',(14.5768364871221,16.5999582018238,57.5781022820469));
#4778=CARTESIAN_POINT('Ctrl Pts',(14.5768364871221,16.5999582018238,56.9497837512848));
#4779=CARTESIAN_POINT('',(14.5768364871221,16.5999582018238,56.9497837512848));
#4780=CARTESIAN_POINT('Ctrl Pts',(14.1768364872695,16.999947344115,56.9497837512848));
#4781=CARTESIAN_POINT('Ctrl Pts',(14.3101698205537,16.866617630018,56.9497837512848));
#4782=CARTESIAN_POINT('Ctrl Pts',(14.4435031538379,16.7332879159209,56.9497837512848));
#4783=CARTESIAN_POINT('Ctrl Pts',(14.5768364871221,16.5999582018238,56.9497837512848));
#4784=CARTESIAN_POINT('',(14.1156074001338,16.5999457017158,58.2609633309027));
#4785=CARTESIAN_POINT('Ctrl Pts',(14.1161287052269,16.5999456962465,58.2603019678266));
#4786=CARTESIAN_POINT('Ctrl Pts',(14.262953645266,16.5999496817025,58.0739330372677));
#4787=CARTESIAN_POINT('Ctrl Pts',(14.3786105106872,16.5999528256022,57.8625860083255));
#4788=CARTESIAN_POINT('Ctrl Pts',(14.5350271052335,16.5999570714168,57.4176910255257));
#4789=CARTESIAN_POINT('Ctrl Pts',(14.5768364871221,16.5999582018238,57.1840848637985));
#4790=CARTESIAN_POINT('Ctrl Pts',(14.5768364871221,16.5999582018238,56.9497837512848));
#4791=CARTESIAN_POINT('Ctrl Pts',(14.1150859022456,16.5999456679403,58.2616245419657));
#4792=CARTESIAN_POINT('Ctrl Pts',(14.0104231687049,16.5999428269466,58.3942582649137));
#4793=CARTESIAN_POINT('Ctrl Pts',(13.8895250872007,16.5999395452563,58.5147586194193));
#4794=CARTESIAN_POINT('Ctrl Pts',(13.6189633849733,16.5999322010558,58.7214604553621));
#4795=CARTESIAN_POINT('Ctrl Pts',(13.4707441190528,16.5999281777518,58.8071030418506));
#4796=CARTESIAN_POINT('Ctrl Pts',(13.0614404945853,16.5999170675029,58.9830060772025));
#4797=CARTESIAN_POINT('Ctrl Pts',(12.7863559595857,16.5999096005335,59.0435405491559));
#4798=CARTESIAN_POINT('Ctrl Pts',(12.2276249099273,16.5998944341859,59.0574457686987));
#4799=CARTESIAN_POINT('Ctrl Pts',(11.9711002460314,16.5998874710107,59.0091264992002));
#4800=CARTESIAN_POINT('Ctrl Pts',(11.4675385002296,16.5998738021937,58.8136345184327));
#4801=CARTESIAN_POINT('Ctrl Pts',(11.2250454360668,16.599867219896,58.6568056323436));
#4802=CARTESIAN_POINT('Ctrl Pts',(10.852862310503,16.5998571172561,58.2992945162032));
#4803=CARTESIAN_POINT('Ctrl Pts',(10.6907999220998,16.5998527181905,58.0916141786301));
#4804=CARTESIAN_POINT('Ctrl Pts',(10.4556140908841,16.5998463342424,57.586261068514));
#4805=CARTESIAN_POINT('Ctrl Pts',(10.3916256634319,16.5998445973231,57.3102647253734));
#4806=CARTESIAN_POINT('Ctrl Pts',(10.369910906535,16.5998440078918,56.7690120764407));
#4807=CARTESIAN_POINT('Ctrl Pts',(10.4070026562909,16.5998450147204,56.5026477513681));
#4808=CARTESIAN_POINT('Ctrl Pts',(10.576641383639,16.5998496194401,56.0090191081294));
#4809=CARTESIAN_POINT('Ctrl Pts',(10.7055447425981,16.599853118428,55.7838191116682));
#4810=CARTESIAN_POINT('Ctrl Pts',(11.0718175593121,16.5998630606369,55.3674035797486));
#4811=CARTESIAN_POINT('Ctrl Pts',(11.2961321806584,16.599869149494,55.1941397412225));
#4812=CARTESIAN_POINT('Ctrl Pts',(11.8006572911008,16.5998828444608,54.9404076437332));
#4813=CARTESIAN_POINT('Ctrl Pts',(12.0585636002419,16.5998898451398,54.8739516202402));
#4814=CARTESIAN_POINT('Ctrl Pts',(12.5871325078881,16.5999041927579,54.8370052039506));
#4815=CARTESIAN_POINT('Ctrl Pts',(12.8604687821908,16.5999116122721,54.8706144444591));
#4816=CARTESIAN_POINT('Ctrl Pts',(13.2988642429582,16.5999235121977,55.0090420344933));
#4817=CARTESIAN_POINT('Ctrl Pts',(13.5670126147727,16.59993079089,55.1185099341445));
#4818=CARTESIAN_POINT('Ctrl Pts',(14.0248221556718,16.5999432177967,55.505097215961));
#4819=CARTESIAN_POINT('Ctrl Pts',(14.1875166686305,16.5999476340208,55.7077868625156));
#4820=CARTESIAN_POINT('Ctrl Pts',(14.3960181201635,16.5999532936409,56.0872162602899));
#4821=CARTESIAN_POINT('Ctrl Pts',(14.4625694048305,16.5999551001271,56.2532215708868));
#4822=CARTESIAN_POINT('Ctrl Pts',(14.5529397595227,16.5999575531645,56.5958884542049));
#4823=CARTESIAN_POINT('Ctrl Pts',(14.5768364871221,16.5999582018238,56.7726823460804));
#4824=CARTESIAN_POINT('Ctrl Pts',(14.5768364871221,16.5999582018238,56.9497837512848));
#4825=CARTESIAN_POINT('Origin',(16.5165603212258,16.600010854215,59.5134798582042));
#4826=CARTESIAN_POINT('',(9.71656032373095,16.5998262731659,58.133262314284));
#4827=CARTESIAN_POINT('Origin',(16.5166281795409,14.1000979704214,54.0134798582042));
#4828=CARTESIAN_POINT('',(9.71662818204608,14.0999133893723,55.383262314284));
#4829=CARTESIAN_POINT('',(10.7768364872695,14.0999421679548,56.9497837512848));
#4830=CARTESIAN_POINT('Origin',(12.4768364872695,14.0999883132171,56.9497837512848));
#4831=CARTESIAN_POINT('Origin',(12.4768364872695,13.5999999999997,56.9497837512848));
#4832=CARTESIAN_POINT('',(10.7768364872695,11.9999999999997,56.9497837512848));
#4833=CARTESIAN_POINT('Origin',(12.4768364872695,11.9999999999997,56.9497837512848));
#4834=CARTESIAN_POINT('',(10.7768364872695,13.5999999999997,56.9497837512848));
#4835=CARTESIAN_POINT('Origin',(12.4768364872695,11.7999999999997,56.9497837512848));
#4836=CARTESIAN_POINT('',(10.3768364872695,11.5999999999997,56.9497837512848));
#4837=CARTESIAN_POINT('',(10.5768364872695,11.7999999999997,56.9497837512848));
#4838=CARTESIAN_POINT('Origin',(12.4768364872695,11.5999999999997,56.9497837512848));
#4839=CARTESIAN_POINT('Origin',(9.99999716678369,23.3999928135986,42.6500000161156));
#4840=CARTESIAN_POINT('',(11.6999971667837,23.3999928135986,40.9500000161156));
#4841=CARTESIAN_POINT('',(7.52815574792203,23.3999928135986,40.9500000161156));
#4842=CARTESIAN_POINT('',(11.6999971667837,23.3999928135986,40.9500000161156));
#4843=CARTESIAN_POINT('Origin',(9.99999716678369,23.3999928135986,42.6500000161156));
#4844=CARTESIAN_POINT('',(8.29999716678369,23.3999928135986,40.9500000161156));
#4845=CARTESIAN_POINT('',(8.29999716678369,23.3999928135986,40.9500000161156));
#4846=CARTESIAN_POINT('',(7.52815574792203,23.3999928135986,40.9500000161156));
#4847=CARTESIAN_POINT('Origin',(8.29999716678369,22.9999928135986,44.3500000161156));
#4848=CARTESIAN_POINT('',(8.29999716678369,23.1999928135986,40.9500000161156));
#4849=CARTESIAN_POINT('',(8.29999716678369,23.1999928135986,40.9500000161156));
#4850=CARTESIAN_POINT('',(8.29999716678369,22.9999928135986,40.9500000161156));
#4851=CARTESIAN_POINT('',(8.29999716678369,23.3999928135986,40.9500000161156));
#4852=CARTESIAN_POINT('Origin',(9.99999716678369,23.3999928135986,42.6500000161156));
#4853=CARTESIAN_POINT('Origin',(9.99999716678369,23.3999928135986,42.6500000161156));
#4854=CARTESIAN_POINT('',(11.6999971667837,23.3999928135986,40.9500000161156));
#4855=CARTESIAN_POINT('Origin',(11.6999971667837,22.9999928135986,40.9500000161156));
#4856=CARTESIAN_POINT('',(11.6999971667837,23.1999928135986,40.9500000161156));
#4857=CARTESIAN_POINT('',(11.6999971667837,22.9999928135986,40.9500000161156));
#4858=CARTESIAN_POINT('',(11.6999971667837,23.1999928135986,40.9500000161156));
#4859=CARTESIAN_POINT('Origin',(9.71653996434467,17.3498698305323,56.7530447703638));
#4860=CARTESIAN_POINT('Origin',(9.99999729689874,23.3999926099834,62.6500000161157));
#4861=CARTESIAN_POINT('',(11.6999973190204,23.3999926397857,64.3499999939941));
#4862=CARTESIAN_POINT('Origin',(9.99999729689874,23.3999926099834,62.6500000161157));
#4863=CARTESIAN_POINT('',(11.6999973190204,23.3999926397857,64.3499999939941));
#4864=CARTESIAN_POINT('Origin',(9.99999716678369,23.1999928135986,42.6500000161156));
#4865=CARTESIAN_POINT('',(12.4718385856454,23.1999928135986,40.9500000161156));
#4866=CARTESIAN_POINT('',(7.52815574792203,23.1999928135986,40.9500000161156));
#4867=CARTESIAN_POINT('',(6.9999971667837,23.1999928135986,42.6500000161156));
#4868=CARTESIAN_POINT('Origin',(9.99999716678369,23.1999928135986,42.6500000161156));
#4869=CARTESIAN_POINT('',(7.52815574792203,23.1999928135986,40.9500000161156));
#4870=CARTESIAN_POINT('Origin',(9.99999716678369,23.1999928135986,42.6500000161156));
#4871=CARTESIAN_POINT('',(7.52815574792203,23.1999928135986,40.9500000161156));
#4872=CARTESIAN_POINT('Origin',(-4.83935820930165E-8,22.9999926397857,52.6500000811793));
#4873=CARTESIAN_POINT('',(12.4718385856454,22.9999926402323,40.9500000161156));
#4874=CARTESIAN_POINT('',(7.52815574792204,22.9999926402323,40.9500000161156));
#4875=CARTESIAN_POINT('Origin',(9.99999716678369,22.9999926397857,42.6500000161156));
#4876=CARTESIAN_POINT('',(5.84999855919505,22.9999926397858,40.9500000161156));
#4877=CARTESIAN_POINT('Origin',(11.6999971667837,22.9999928135986,40.9500000161156));
#4878=CARTESIAN_POINT('',(12.4718385856454,22.9999928135986,40.9500000161156));
#4879=CARTESIAN_POINT('',(7.52815574792204,22.9999928135986,40.9500000161156));
#4880=CARTESIAN_POINT('Origin',(11.6999973190204,22.9999926397857,64.3499999939941));
#4881=CARTESIAN_POINT('',(6.23591942086873,22.9999926397857,64.3500000650967));
#4882=CARTESIAN_POINT('Origin',(-4.83935803154615E-8,22.9999926397857,52.6500000811793));
#4883=CARTESIAN_POINT('Origin',(-2.59999796555011,29.4999926397814,54.9300000981065));
#4884=CARTESIAN_POINT('',(-1.29999919399403,29.4999926397815,38.6442705401346));
#4885=CARTESIAN_POINT('',(5.29999772434243,29.4999926397815,57.2500000108617));
#4886=CARTESIAN_POINT('',(-5.29999782112343,29.4999926397814,48.0500001515106));
#4887=CARTESIAN_POINT('',(-6.29999787907305,29.4999926397815,39.1442705726664));
#4888=CARTESIAN_POINT('',(3.72950200771772,29.4999926397865,70.814325973755));
#4889=CARTESIAN_POINT('Origin',(-7.61990625409629,11.7999999999997,63.714326047598));
#4890=CARTESIAN_POINT('',(-3.47753352309668,11.9999999999997,63.9143260206465));
#4891=CARTESIAN_POINT('',(-7.61990625279503,11.9999999999997,63.914326047598));
#4892=CARTESIAN_POINT('',(-3.70853876434015,11.5999999995712,63.5143260214677));
#4893=CARTESIAN_POINT('',(-3.70853876394641,11.5999999999997,63.5143260221495));
#4894=CARTESIAN_POINT('',(-7.61990625539755,11.5999999999997,63.514326047598));
#4895=CARTESIAN_POINT('Origin',(-15.2655795610192,13.5702359784879,63.9143260973431));
#4896=CARTESIAN_POINT('',(-3.47753352309668,13.5999999999997,63.9143260206465));
#4897=CARTESIAN_POINT('Origin',(-6.29999779881184,28.4999926397814,51.4788571831073));
#4898=CARTESIAN_POINT('',(-5.29999787581956,28.4999926397815,39.6442705661594));
#4899=CARTESIAN_POINT('Origin',(-6.29999787581956,28.4999926397815,39.6442705726664));
#4900=CARTESIAN_POINT('',(-5.29999779881184,28.4999926397814,51.4788571766003));
#4901=CARTESIAN_POINT('Origin',(-12.7142239499035,16.402889538704,47.2433651247563));
#4902=CARTESIAN_POINT('',(-15.3171134493641,11.9999999965731,47.243365141127));
#4903=CARTESIAN_POINT('',(-7.68211145243209,11.9999999934288,47.2433650920155));
#4904=CARTESIAN_POINT('',(-15.3171134493641,21.8439410892438,47.2433651416917));
#4905=CARTESIAN_POINT('Origin',(-16.5165061119861,18.6000108534782,53.9926098974484));
#4906=CARTESIAN_POINT('',(-15.9171405497129,16.5999855603436,54.0092976635059));
#4907=CARTESIAN_POINT('',(-9.71656040281779,16.5998262731659,54.009306531323));
#4908=CARTESIAN_POINT('',(-16.5165604003126,16.600010854215,54.0093066198095));
#4909=CARTESIAN_POINT('',(-15.9171405495273,14.1000907719426,54.0301676378985));
#4910=CARTESIAN_POINT('',(-15.9171134056887,22.9823240179199,53.956024620732));
#4911=CARTESIAN_POINT('',(-9.71662826086135,14.0999133893723,54.0301767070045));
#4912=CARTESIAN_POINT('',(-16.5166282583562,14.1000979704214,54.0301767954911));
#4913=CARTESIAN_POINT('',(-9.71652339056814,17.9633698548366,53.9979231770135));
#4914=CARTESIAN_POINT('Origin',(-16.1171677252744,13.9000871273543,49.196389220121));
#4915=CARTESIAN_POINT('',(-15.9171405133931,14.1000907466895,59.5134891128811));
#4916=CARTESIAN_POINT('',(-13.0655290614745,16.9516429091976,56.6618957016139));
#4917=CARTESIAN_POINT('',(-15.9171677253481,14.1000816985,49.1963892188197));
#4918=CARTESIAN_POINT('',(-15.3783445651597,14.6388901979993,54.5644661016433));
#4919=CARTESIAN_POINT('Origin',(-16.1171134069899,22.9806544042546,53.7560316378025));
#4920=CARTESIAN_POINT('',(-17.461189291848,18.144058083731,52.4522868994919));
#4921=CARTESIAN_POINT('Origin',(-16.1171677073817,16.8000000129905,51.9463892201205));
#4922=CARTESIAN_POINT('',(-15.9171405143569,16.5999855360948,59.5134891140087));
#4923=CARTESIAN_POINT('',(-15.9171677074554,16.5999945841361,51.9463892188192));
#4924=CARTESIAN_POINT('',(-15.6380803875799,16.3208997359575,59.2344470779334));
#4925=CARTESIAN_POINT('Origin',(-16.1171133682281,21.6925453047341,59.7134800679319));
#4926=CARTESIAN_POINT('',(-15.9171133695294,21.6925453047341,59.5134800653294));
#4927=CARTESIAN_POINT('Origin',(-15.3171134428577,21.8439410892438,48.2433651416917));
#4928=CARTESIAN_POINT('Origin',(-15.3171134428577,11.9999999999998,48.2433651416917));
#4929=CARTESIAN_POINT('Origin',(-16.5165738984596,16.1000979696846,59.51348007313));
#4930=CARTESIAN_POINT('',(-9.71656033119344,16.5998262731659,59.5134799846432));
#4931=CARTESIAN_POINT('',(-16.5165603286883,16.6000108542151,59.5134800731298));
#4932=CARTESIAN_POINT('',(-9.71662818950858,14.0999133893723,59.5134799846441));
#4933=CARTESIAN_POINT('',(-9.71655693638595,16.7248916095839,59.5134799846432));
#4934=CARTESIAN_POINT('',(-16.5166281870034,14.1000979704214,59.5134800731307));
#4935=CARTESIAN_POINT('Origin',(0.0231091833634514,20.5702359792247,56.9497838323137));
#4936=CARTESIAN_POINT('',(-14.1768365280927,20.5702359792247,56.9497839357642));
#4937=CARTESIAN_POINT('Origin',(-12.4768365280927,20.5702359792247,56.9497839136426));
#4938=CARTESIAN_POINT('Origin',(-12.4768365280927,13.5702359784879,56.9497839136426));
#4939=CARTESIAN_POINT('',(-14.1768365280927,16.999947344115,56.9497839357642));
#4940=CARTESIAN_POINT('',(-14.1768365280927,13.5702359784879,56.9497839357642));
#4941=CARTESIAN_POINT('',(-14.1169878782372,16.9999456688424,56.5026781670691));
#4942=CARTESIAN_POINT('Ctrl Pts',(-14.1169900876491,16.9980062020111,56.5026862720985));
#4943=CARTESIAN_POINT('Ctrl Pts',(-14.1368281656378,16.9983496693148,56.5754611901577));
#4944=CARTESIAN_POINT('Ctrl Pts',(-14.1518005543831,16.9988159168773,56.649475904478));
#4945=CARTESIAN_POINT('Ctrl Pts',(-14.1718162819275,16.9996164608034,56.799005549339));
#4946=CARTESIAN_POINT('Ctrl Pts',(-14.1768365290743,16.999947344115,56.8743482805098));
#4947=CARTESIAN_POINT('Ctrl Pts',(-14.1768365280927,16.999947344115,56.9497839357642));
#4948=CARTESIAN_POINT('',(-14.1170814352928,16.9999456691882,57.396546316273));
#4949=CARTESIAN_POINT('Origin',(-12.4768365280707,16.9999011929575,56.9497839136426));
#4950=CARTESIAN_POINT('Ctrl Pts',(-14.1768365280927,16.999947344115,56.9497839357642));
#4951=CARTESIAN_POINT('Ctrl Pts',(-14.1768365271118,16.999947344115,57.025158937294));
#4952=CARTESIAN_POINT('Ctrl Pts',(-14.1718243485655,16.9996183394557,57.1004424883542));
#4953=CARTESIAN_POINT('Ctrl Pts',(-14.1518398739368,16.998796453196,57.2498575616107));
#4954=CARTESIAN_POINT('Ctrl Pts',(-14.1368909886061,16.9983070826875,57.3238158017141));
#4955=CARTESIAN_POINT('Ctrl Pts',(-14.1170840170539,16.9979223688867,57.396536837479));
#4956=CARTESIAN_POINT('Ctrl Pts',(-14.1751142492683,17.0016695761901,56.9497839357418));
#4957=CARTESIAN_POINT('Ctrl Pts',(-14.1751142558804,17.0016695761901,56.4416571671739));
#4958=CARTESIAN_POINT('Ctrl Pts',(-13.6885931178696,17.0016563700323,55.4286139440944));
#4959=CARTESIAN_POINT('Ctrl Pts',(-12.0450388689398,17.0016117570321,55.0562550146024));
#4960=CARTESIAN_POINT('Ctrl Pts',(-10.7228192276402,17.0015758661485,56.1056108514654));
#4961=CARTESIAN_POINT('Ctrl Pts',(-10.7274520812662,17.0015759919057,57.7920709385252));
#4962=CARTESIAN_POINT('Ctrl Pts',(-12.0432223918842,17.0016117077298,58.8482432824008));
#4963=CARTESIAN_POINT('Ctrl Pts',(-13.6887842289117,17.0016563752185,58.467372616178));
#4964=CARTESIAN_POINT('Ctrl Pts',(-14.1751142426561,17.0016695761901,57.4579107043098));
#4965=CARTESIAN_POINT('Ctrl Pts',(-14.1751142492683,17.0016695761901,56.9497839357418));
#4966=CARTESIAN_POINT('Ctrl Pts',(-14.309021675494,16.8677657847347,56.9497839374844));
#4967=CARTESIAN_POINT('Ctrl Pts',(-14.3090216826274,16.8677657847347,56.401593248185));
#4968=CARTESIAN_POINT('Ctrl Pts',(-13.784142038142,16.8677515373283,55.3086750304939));
#4969=CARTESIAN_POINT('Ctrl Pts',(-12.010997782006,16.8677034066738,54.9069505961639));
#4970=CARTESIAN_POINT('Ctrl Pts',(-10.5845165987512,16.8676646857514,56.0390455794334));
#4971=CARTESIAN_POINT('Ctrl Pts',(-10.5895147825885,16.8676648214249,57.8584874221786));
#4972=CARTESIAN_POINT('Ctrl Pts',(-12.009038182996,16.8677033534856,58.9979364843849));
#4973=CARTESIAN_POINT('Ctrl Pts',(-13.7843481417153,16.8677515429223,58.5870291929078));
#4974=CARTESIAN_POINT('Ctrl Pts',(-14.3090216683604,16.8677657847347,57.4979746267837));
#4975=CARTESIAN_POINT('Ctrl Pts',(-14.309021675494,16.8677657847347,56.9497839374844));
#4976=CARTESIAN_POINT('Ctrl Pts',(-14.4429291017196,16.7338619932793,56.9497839392268));
#4977=CARTESIAN_POINT('Ctrl Pts',(-14.4429291093744,16.7338619932793,56.3615293291962));
#4978=CARTESIAN_POINT('Ctrl Pts',(-13.8796909584143,16.7338467046241,55.1887361168934));
#4979=CARTESIAN_POINT('Ctrl Pts',(-11.9769566950721,16.7337950563156,54.7576461777252));
#4980=CARTESIAN_POINT('Ctrl Pts',(-10.4462139698621,16.7337535053544,55.9724803074014));
#4981=CARTESIAN_POINT('Ctrl Pts',(-10.4515774839106,16.7337536509441,57.9249039058322));
#4982=CARTESIAN_POINT('Ctrl Pts',(-11.974853974108,16.7337949992414,59.1476296863689));
#4983=CARTESIAN_POINT('Ctrl Pts',(-13.8799120545189,16.7338467106261,58.7066857696374));
#4984=CARTESIAN_POINT('Ctrl Pts',(-14.4429290940648,16.7338619932793,57.5380385492575));
#4985=CARTESIAN_POINT('Ctrl Pts',(-14.4429291017196,16.7338619932793,56.9497839392268));
#4986=CARTESIAN_POINT('Ctrl Pts',(-14.5768365279453,16.5999582018238,56.9497839409693));
#4987=CARTESIAN_POINT('Ctrl Pts',(-14.5768365361214,16.5999582018238,56.3214654102073));
#4988=CARTESIAN_POINT('Ctrl Pts',(-13.9752398786867,16.5999418719201,55.0687972032928));
#4989=CARTESIAN_POINT('Ctrl Pts',(-11.9429156081383,16.5998867059573,54.6083417592866));
#4990=CARTESIAN_POINT('Ctrl Pts',(-10.3079113409731,16.5998423249573,55.9059150353694));
#4991=CARTESIAN_POINT('Ctrl Pts',(-10.3136401852329,16.5998424804633,57.9913203894857));
#4992=CARTESIAN_POINT('Ctrl Pts',(-11.9406697652199,16.5998866449972,59.297322888353));
#4993=CARTESIAN_POINT('Ctrl Pts',(-13.9754759673224,16.5999418783299,58.8263423463671));
#4994=CARTESIAN_POINT('Ctrl Pts',(-14.5768365197692,16.5999582018238,57.5781024717314));
#4995=CARTESIAN_POINT('Ctrl Pts',(-14.5768365279453,16.5999582018238,56.9497839409693));
#4996=CARTESIAN_POINT('',(-14.5768365279453,16.5999582018238,56.9497839409693));
#4997=CARTESIAN_POINT('Ctrl Pts',(-14.1768365280927,16.999947344115,56.9497839357642));
#4998=CARTESIAN_POINT('Ctrl Pts',(-14.3101698613769,16.866617630018,56.9497839374993));
#4999=CARTESIAN_POINT('Ctrl Pts',(-14.4435031946611,16.7332879159209,56.9497839392343));
#5000=CARTESIAN_POINT('Ctrl Pts',(-14.5768365279453,16.5999582018238,56.9497839409693));
#5001=CARTESIAN_POINT('Ctrl Pts',(-14.5768365279452,16.5999582018239,56.9497839409694));
#5002=CARTESIAN_POINT('Ctrl Pts',(-14.5768365285868,16.5999582018239,56.9004796195777));
#5003=CARTESIAN_POINT('Ctrl Pts',(-14.574985083208,16.5999581515677,56.8501794381882));
#5004=CARTESIAN_POINT('Ctrl Pts',(-14.5508358726637,16.5999574960548,56.5314170869052));
#5005=CARTESIAN_POINT('Ctrl Pts',(-14.478017130047,16.599955519443,56.2736668060968));
#5006=CARTESIAN_POINT('Ctrl Pts',(-14.2441666193779,16.5999491717409,55.784942976647));
#5007=CARTESIAN_POINT('Ctrl Pts',(-14.0741901129754,16.5999445578523,55.5576459620644));
#5008=CARTESIAN_POINT('Ctrl Pts',(-13.6450844470578,16.5999329100913,55.174475726975));
#5009=CARTESIAN_POINT('Ctrl Pts',(-13.411021858181,16.5999265566327,55.0567630168204));
#5010=CARTESIAN_POINT('Ctrl Pts',(-12.9410743918723,16.5999138002508,54.8849610723442));
#5011=CARTESIAN_POINT('Ctrl Pts',(-12.6581630654071,16.5999061208288,54.8417844964985));
#5012=CARTESIAN_POINT('Ctrl Pts',(-12.1060041983013,16.5998911328784,54.8628756011064));
#5013=CARTESIAN_POINT('Ctrl Pts',(-11.8458317302504,16.5998840706862,54.9283017490508));
#5014=CARTESIAN_POINT('Ctrl Pts',(-11.3500960420709,16.599870614302,55.1582652877553));
#5015=CARTESIAN_POINT('Ctrl Pts',(-11.1238278157423,16.5998644724157,55.3244312854417));
#5016=CARTESIAN_POINT('Ctrl Pts',(-10.820676027798,16.5998562435813,55.6458158425156));
#5017=CARTESIAN_POINT('Ctrl Pts',(-10.7198519092302,16.599853506784,55.782866261412));
#5018=CARTESIAN_POINT('Ctrl Pts',(-10.5801238104359,16.5998497139666,56.0314674510311));
#5019=CARTESIAN_POINT('Ctrl Pts',(-10.5044875157392,16.5998476608745,56.1879593193818));
#5020=CARTESIAN_POINT('Ctrl Pts',(-10.4496629462215,16.5998461727016,56.3950628419221));
#5021=CARTESIAN_POINT('Ctrl Pts',(-10.3790476434329,16.5998442559007,56.6618169283004));
#5022=CARTESIAN_POINT('Ctrl Pts',(-10.362683643992,16.5998438117119,56.9374054772616));
#5023=CARTESIAN_POINT('Ctrl Pts',(-10.4210852284114,16.5998453969806,57.432685823842));
#5024=CARTESIAN_POINT('Ctrl Pts',(-10.4909172402094,16.5998472925198,57.7048598646936));
#5025=CARTESIAN_POINT('Ctrl Pts',(-10.7746680984098,16.5998549947305,58.2084582112477));
#5026=CARTESIAN_POINT('Ctrl Pts',(-10.949471791813,16.5998597396495,58.410641579818));
#5027=CARTESIAN_POINT('Ctrl Pts',(-11.3680158645133,16.5998711007238,58.7543732609198));
#5028=CARTESIAN_POINT('Ctrl Pts',(-11.6186350858508,16.5998779036001,58.8886187353468));
#5029=CARTESIAN_POINT('Ctrl Pts',(-12.1673381340392,16.5998927977449,59.0535385173555));
#5030=CARTESIAN_POINT('Ctrl Pts',(-12.4286757030097,16.599899891563,59.062015372377));
#5031=CARTESIAN_POINT('Ctrl Pts',(-12.9308363979827,16.5999135223494,59.0174823722481));
#5032=CARTESIAN_POINT('Ctrl Pts',(-13.2050587845449,16.5999209659164,58.9364550366623));
#5033=CARTESIAN_POINT('Ctrl Pts',(-13.6949505023474,16.5999342636703,58.684156592506));
#5034=CARTESIAN_POINT('Ctrl Pts',(-13.9026514012867,16.5999399015599,58.5159117261118));
#5035=CARTESIAN_POINT('Ctrl Pts',(-14.2527077510876,16.5999494035846,58.0994729374091));
#5036=CARTESIAN_POINT('Ctrl Pts',(-14.3857491882057,16.5999530148974,57.855630147289));
#5037=CARTESIAN_POINT('Ctrl Pts',(-14.5313955710314,16.5999569683623,57.4164356854604));
#5038=CARTESIAN_POINT('Ctrl Pts',(-14.5768365247481,16.5999582018239,57.1954741946384));
#5039=CARTESIAN_POINT('Ctrl Pts',(-14.5768365279452,16.5999582018239,56.9497839409694));
#5040=CARTESIAN_POINT('Origin',(-16.5165603286883,16.6000108542151,59.5134800731298));
#5041=CARTESIAN_POINT('',(-9.71656034915385,16.5998262731659,58.133262440723));
#5042=CARTESIAN_POINT('Origin',(-16.5166282585735,14.1000979704214,54.0134800731307));
#5043=CARTESIAN_POINT('',(-9.716628243254,14.0999133893723,55.3832624407239));
#5044=CARTESIAN_POINT('',(-10.7768365280927,14.0999421679548,56.9497838915209));
#5045=CARTESIAN_POINT('Origin',(-12.4768365280927,14.0999883132171,56.9497839136426));
#5046=CARTESIAN_POINT('Origin',(-12.4768365280927,13.5999999999997,56.9497839136426));
#5047=CARTESIAN_POINT('',(-10.7768365280927,11.9999999999997,56.9497838915209));
#5048=CARTESIAN_POINT('',(-10.7768365280927,13.5999999999997,56.949783891521));
#5049=CARTESIAN_POINT('Origin',(-12.4768365280927,11.9999999999997,56.9497839136425));
#5050=CARTESIAN_POINT('Origin',(-12.4768365280927,11.7999999999997,56.9497839136425));
#5051=CARTESIAN_POINT('',(-10.3768365280927,11.5999999999997,56.9497838863158));
#5052=CARTESIAN_POINT('',(-10.5768365280927,11.7999999999997,56.9497838889183));
#5053=CARTESIAN_POINT('Origin',(-12.4768365280927,11.5999999999997,56.9497839136425));
#5054=CARTESIAN_POINT('Origin',(-9.99999739368616,23.3999928135986,42.6500001462429));
#5055=CARTESIAN_POINT('',(-7.52815599694615,23.3999928135986,40.9500001140775));
#5056=CARTESIAN_POINT('Origin',(-9.99999739368616,23.3999928135986,42.6500001462429));
#5057=CARTESIAN_POINT('',(-7.52815599694615,23.3999928135986,40.9500001140775));
#5058=CARTESIAN_POINT('Origin',(-9.71654000772797,17.3498698305323,56.7530448968026));
#5059=CARTESIAN_POINT('Origin',(-9.99999726354654,23.3999926099834,62.650000146243));
#5060=CARTESIAN_POINT('',(-11.6999972635465,23.3999926397857,60.950000146243));
#5061=CARTESIAN_POINT('Origin',(-9.99999726354654,23.3999926099834,62.650000146243));
#5062=CARTESIAN_POINT('',(-8.29999726354654,23.3999926397857,64.350000146243));
#5063=CARTESIAN_POINT('Origin',(-8.29999726354654,22.9999926397857,64.350000146243));
#5064=CARTESIAN_POINT('',(-8.29999726354654,23.1999926397857,64.350000146243));
#5065=CARTESIAN_POINT('',(-8.29999726354654,23.1999926397857,63.500000146243));
#5066=CARTESIAN_POINT('',(-8.29999726354654,23.3999926394393,64.350000146243));
#5067=CARTESIAN_POINT('',(-8.29999726354654,22.9999926397857,64.350000146243));
#5068=CARTESIAN_POINT('',(-8.29999726354654,23.3999926397857,64.350000146243));
#5069=CARTESIAN_POINT('Origin',(-9.99999726354654,23.3999926099834,62.650000146243));
#5070=CARTESIAN_POINT('',(-11.6999972635465,23.3999926397857,64.350000146243));
#5071=CARTESIAN_POINT('Origin',(-9.99999726354654,23.3999926099834,62.650000146243));
#5072=CARTESIAN_POINT('',(-11.6999972635465,23.3999926394393,64.350000146243));
#5073=CARTESIAN_POINT('',(-11.6999972635465,23.3999926397857,64.350000146243));
#5074=CARTESIAN_POINT('',(-11.6999972635465,23.3999926397857,60.950000146243));
#5075=CARTESIAN_POINT('Origin',(-11.6999972635465,22.9999926397857,60.950000146243));
#5076=CARTESIAN_POINT('',(-11.6999972635465,23.1999926397857,64.350000146243));
#5077=CARTESIAN_POINT('',(-11.6999972635465,22.9999926397857,64.350000146243));
#5078=CARTESIAN_POINT('',(-11.6999972635465,23.1999926397857,61.800000146243));
#5079=CARTESIAN_POINT('Origin',(-4.83815505347429E-8,22.9999926397857,52.6500000811793));
#5080=CARTESIAN_POINT('',(-5.84999880821917,22.9999926397858,40.9500000922401));
#5081=CARTESIAN_POINT('Origin',(-11.6999974158078,22.9999928135986,40.9500001683646));
#5082=CARTESIAN_POINT('Origin',(-9.99999726354654,23.1999926397857,62.650000146243));
#5083=CARTESIAN_POINT('',(-12.4718386824082,23.1999926397857,64.350000146243));
#5084=CARTESIAN_POINT('',(-13.7466185530504,23.1999926397858,64.350000146243));
#5085=CARTESIAN_POINT('',(-6.99999726354654,23.1999926397857,62.6500001072048));
#5086=CARTESIAN_POINT('Origin',(-9.99999726354654,23.1999926397857,62.650000146243));
#5087=CARTESIAN_POINT('',(-7.52815584468488,23.1999926397857,64.350000146243));
#5088=CARTESIAN_POINT('Origin',(-9.99999726354654,23.1999926397857,62.650000146243));
#5089=CARTESIAN_POINT('',(-13.7466185530504,23.1999926397858,64.350000146243));
#5090=CARTESIAN_POINT('Origin',(-11.6999972635465,22.9999926397857,64.350000146243));
#5091=CARTESIAN_POINT('',(-12.4718386817553,22.9999926397857,64.3500001465864));
#5092=CARTESIAN_POINT('',(-7.52815584468488,22.9999926397857,64.350000146243));
#5093=CARTESIAN_POINT('',(-6.23591936539487,22.9999926397857,64.350000146243));
#5094=CARTESIAN_POINT('',(-12.4718386824082,22.9999926397857,64.350000146243));
#5095=CARTESIAN_POINT('',(-7.52815584468488,22.9999926397857,64.350000146243));
#5096=CARTESIAN_POINT('Origin',(-4.83815523122979E-8,22.9999926397857,52.6500000811793));
#5097=CARTESIAN_POINT('Origin',(-9.99999726354654,22.9999926397857,62.6500001462431));
#5098=CARTESIAN_POINT('Origin',(-3.47753352309667,13.6333031781637,63.9143260206465));
#5099=CARTESIAN_POINT('',(2.16340827232087,11.9999999999997,54.1384151715358));
#5100=CARTESIAN_POINT('Origin',(-9.99999726354654,13.5702359784879,62.650000146243));
#5101=CARTESIAN_POINT('',(-6.99999726354654,11.9999999999998,62.6500001072048));
#5102=CARTESIAN_POINT('',(-6.99999726354654,13.5702359784879,62.6500001072048));
#5103=CARTESIAN_POINT('Origin',(-9.99999726354654,11.9999999999998,62.650000146243));
#5104=CARTESIAN_POINT('Origin',(1.99017877383702,11.7999999999997,54.0384574762091));
#5105=CARTESIAN_POINT('',(1.81694927535316,11.5999999999997,53.9384997808823));
#5106=CARTESIAN_POINT('Origin',(-9.99999726354654,11.7999999999998,62.650000146243));
#5107=CARTESIAN_POINT('',(-6.5999972635465,11.5999999999997,62.6500001019997));
#5108=CARTESIAN_POINT('',(-6.79999726354654,11.7999999999998,62.6500001046023));
#5109=CARTESIAN_POINT('Origin',(-9.99999726354654,11.5999999999997,62.650000146243));
#5110=CARTESIAN_POINT('Origin',(-9.99999726354654,11.5999999999997,62.650000146243));
#5111=CARTESIAN_POINT('Origin',(-8.43969697333382E-8,16.0000089893085,50.4828187886854));
#5112=CARTESIAN_POINT('',(-5.29999781986162,16.0000089893101,48.2433650765169));
#5113=CARTESIAN_POINT('',(5.29999766574239,16.0000089893101,48.2433650075495));
#5114=CARTESIAN_POINT('',(-8.80130326862379E-8,16.0000089893092,48.2433650420332));
#5115=CARTESIAN_POINT('',(-5.29999783605169,16.0000089893108,45.7552665303476));
#5116=CARTESIAN_POINT('',(5.2999976495555,16.0000089893108,45.7552664613801));
#5117=CARTESIAN_POINT('Origin',(-8.35651181258846E-8,13.8000044914184,47.2433650420329));
#5118=CARTESIAN_POINT('',(5.29999765923761,15.0000089893083,47.2433650075492));
#5119=CARTESIAN_POINT('',(-5.29999782636784,15.0000089893101,47.2433650765166));
#5120=CARTESIAN_POINT('',(-9.45195658376145E-8,15.0000089893092,47.2433650420329));
#5121=CARTESIAN_POINT('',(5.29999765923761,11.9999999934288,47.2433650075492));
#5122=CARTESIAN_POINT('',(5.29999765923761,12.7000022457091,47.2433650075492));
#5123=CARTESIAN_POINT('',(-5.29999782636784,11.9999999934288,47.2433650765166));
#5124=CARTESIAN_POINT('',(-2.64999895496068,11.9999999934288,47.2433650592748));
#5125=CARTESIAN_POINT('',(-5.29999782636784,14.9000067403644,47.2433650765166));
#5126=CARTESIAN_POINT('Origin',(-8.80131982294425E-8,15.0000089893092,48.2433650420329));
#5127=CARTESIAN_POINT('Origin',(5.29999766574808,15.0000089893083,48.2433650075492));
#5128=CARTESIAN_POINT('Origin',(-5.29999781986511,15.0000089893101,48.2433650765166));
#5129=CARTESIAN_POINT('Origin',(-15.3171134428577,11.7999999999998,48.2433651416917));
#5130=CARTESIAN_POINT('',(-15.3171134467615,11.5999999965615,47.6433651405456));
#5131=CARTESIAN_POINT('',(-15.3171134480628,11.7999999963322,47.4433651386354));
#5132=CARTESIAN_POINT('Origin',(-15.3171134428577,11.5999999999997,48.2433651416917));
#5133=CARTESIAN_POINT('Origin',(-5.29999788230512,11.5999999999998,38.6442705661679));
#5134=CARTESIAN_POINT('',(15.3171132848364,11.5999999965615,47.643364941228));
#5135=CARTESIAN_POINT('',(-2.64999895235814,11.5999999931232,47.6433650592747));
#5136=CARTESIAN_POINT('Origin',(15.3171132887402,11.5999999999997,48.2433649423741));
#5137=CARTESIAN_POINT('Origin',(12.7142237827733,16.402889538704,47.2433649593095));
#5138=CARTESIAN_POINT('',(7.51133420265197,11.9999999960146,47.2433649920325));
#5139=CARTESIAN_POINT('',(5.03211241390629,11.9999999934288,47.2433650092921));
#5140=CARTESIAN_POINT('',(12.2817828362931,16.7704486314674,47.2433649621232));
#5141=CARTESIAN_POINT('Origin',(15.3171132887402,11.7999999999998,48.2433649423741));
#5142=CARTESIAN_POINT('',(15.3171132835351,11.7999999963322,47.4433649393179));
#5143=CARTESIAN_POINT('Origin',(9.9999971667837,13.5702359784879,42.6500000161156));
#5144=CARTESIAN_POINT('',(9.21045853812159,13.699124343192,45.5442406336415));
#5145=CARTESIAN_POINT('',(6.9999971667837,16.5933649773116,42.6500000161156));
#5146=CARTESIAN_POINT('Origin',(9.9999971667837,16.5933649577925,42.6500000161156));
#5147=CARTESIAN_POINT('',(6.9999971667837,13.5702359784879,42.6500000161156));
#5148=CARTESIAN_POINT('',(12.8942377745277,17.3829036032892,41.8604613523913));
#5149=CARTESIAN_POINT('Origin',(9.9999971667837,16.5933649577925,42.6500000161156));
#5150=CARTESIAN_POINT('Origin',(9.9999971667837,14.4886629918439,42.6500000161156));
#5151=CARTESIAN_POINT('Origin',(5.29999766434474,13.5702359784879,48.0277141685545));
#5152=CARTESIAN_POINT('',(5.29999760980433,19.599094509593,39.6442704971919));
#5153=CARTESIAN_POINT('',(5.29999760980433,13.0001183572545,39.6442704971919));
#5154=CARTESIAN_POINT('',(5.29999765861436,12.0964716996646,47.1468933013871));
#5155=CARTESIAN_POINT('Origin',(6.29999760980433,13.0001183572545,39.6442704906862));
#5156=CARTESIAN_POINT('',(6.29999760329796,20.5990945103565,38.6442704906862));
#5157=CARTESIAN_POINT('',(6.29999760329796,13.0001183572545,38.6442704906862));
#5158=CARTESIAN_POINT('Origin',(6.29999760980433,19.5990945095924,39.6442704906862));
#5159=CARTESIAN_POINT('Origin',(-2.64999895365941,11.799999993276,47.4433650592748));
#5160=CARTESIAN_POINT('',(-5.29999787581956,19.599094509593,39.6442705661594));
#5161=CARTESIAN_POINT('Origin',(-6.29999787581956,19.5990945095924,39.6442705726664));
#5162=CARTESIAN_POINT('',(-5.29999782699996,12.0964716996654,47.1468933703538));
#5163=CARTESIAN_POINT('',(16.1104286592339,20.5990945103565,38.6442704268559));
#5164=CARTESIAN_POINT('',(-3.84499866031021,20.5990945103565,38.6442705566933));
#5165=CARTESIAN_POINT('',(7.72135595622426,12.2100217527651,47.0333432326191));
#5166=CARTESIAN_POINT('',(7.72135595622426,12.2100217527651,47.0333432326191));
#5167=CARTESIAN_POINT('Origin',(-6.29999787581956,20.2851555845047,39.6442705726664));
#5168=CARTESIAN_POINT('',(-5.29999787581956,20.2851555845047,39.6442705661594));
#5169=CARTESIAN_POINT('Origin',(-5.29999782126845,13.5702359784879,48.0277142375219));
#5170=CARTESIAN_POINT('Origin',(-0.00512159213672832,16.7220188744391,67.0514131932808));
#5171=CARTESIAN_POINT('',(1.69487840786327,17.7220188744391,67.05141318222));
#5172=CARTESIAN_POINT('',(1.69487840786327,16.7220188744391,67.05141318222));
#5173=CARTESIAN_POINT('',(-1.70512159213673,17.7220188744391,67.0514132043416));
#5174=CARTESIAN_POINT('Origin',(-0.00512159213673115,17.7220188744391,67.0514131932808));
#5175=CARTESIAN_POINT('Origin',(-0.00512159213673115,17.7220188744391,67.0514131932808));
#5176=CARTESIAN_POINT('Origin',(-0.00512159213684159,18.1220188744391,67.0514131932808));
#5177=CARTESIAN_POINT('',(-2.10512159213674,18.1220188744391,67.0514132069441));
#5178=CARTESIAN_POINT('Origin',(-0.0051215921367326,18.1220188744391,67.0514131932808));
#5179=CARTESIAN_POINT('Origin',(-0.00512159213673198,17.9220188744391,67.0514131932808));
#5180=CARTESIAN_POINT('',(-1.90512159213673,17.9220188744391,67.0514132056429));
#5181=CARTESIAN_POINT('Origin',(7.4590039456398,13.6333031781636,70.8143259494894));
#5182=CARTESIAN_POINT('',(9.56847462070831,15.4713538248959,70.8143259357645));
#5183=CARTESIAN_POINT('Origin',(9.56847461420195,15.4713538248959,69.8143259357645));
#5184=CARTESIAN_POINT('Origin',(12.2493418941744,16.738007704609,44.8979166743111));
#5185=CARTESIAN_POINT('',(11.7525231824735,16.2411890335962,38.6442704552101));
#5186=CARTESIAN_POINT('Origin',(-5.03999830971091,12.4300007360211,38.6442705644683));
#5187=CARTESIAN_POINT('Origin',(15.8507912914646,25.7583198769697,38.6442705316762));
#5188=CARTESIAN_POINT('Origin',(-16.3171135053136,28.4684940140142,38.6442705316762));
#5189=CARTESIAN_POINT('',(-16.3171135053136,23.0481457399252,38.6442705316762));
#5190=CARTESIAN_POINT('Origin',(-14.7089525379031,25.7583198769697,38.6442705316762));
#5191=CARTESIAN_POINT('Origin',(16.3171132262856,23.0481457399252,38.6442705316762));
#5192=CARTESIAN_POINT('',(16.3171132262856,20.8057790774083,38.6442705316762));
#5193=CARTESIAN_POINT('Origin',(14.7089522588751,25.7583198769697,38.6442705316762));
#5194=UNCERTAINTY_MEASURE_WITH_UNIT(LENGTH_MEASURE(0.01),#5198,
'DISTANCE_ACCURACY_VALUE',
'Maximum model space distance between geometric entities at asserted c
onnectivities');
#5195=UNCERTAINTY_MEASURE_WITH_UNIT(LENGTH_MEASURE(0.01),#5198,
'DISTANCE_ACCURACY_VALUE',
'Maximum model space distance between geometric entities at asserted c
onnectivities');
#5196=(
GEOMETRIC_REPRESENTATION_CONTEXT(3)
GLOBAL_UNCERTAINTY_ASSIGNED_CONTEXT((#5194))
GLOBAL_UNIT_ASSIGNED_CONTEXT((#5198,#5200,#5201))
REPRESENTATION_CONTEXT('','3D')
);
#5197=(
GEOMETRIC_REPRESENTATION_CONTEXT(3)
GLOBAL_UNCERTAINTY_ASSIGNED_CONTEXT((#5195))
GLOBAL_UNIT_ASSIGNED_CONTEXT((#5198,#5200,#5201))
REPRESENTATION_CONTEXT('','3D')
);
#5198=(
LENGTH_UNIT()
NAMED_UNIT(*)
SI_UNIT(.MILLI.,.METRE.)
);
#5199=(
LENGTH_UNIT()
NAMED_UNIT(*)
SI_UNIT($,.METRE.)
);
#5200=(
NAMED_UNIT(*)
PLANE_ANGLE_UNIT()
SI_UNIT($,.RADIAN.)
);
#5201=(
NAMED_UNIT(*)
SI_UNIT($,.STERADIAN.)
SOLID_ANGLE_UNIT()
);
#5202=SHAPE_DEFINITION_REPRESENTATION(#5203,#5204);
#5203=PRODUCT_DEFINITION_SHAPE('',$,#5206);
#5204=SHAPE_REPRESENTATION('',(#3025),#5196);
#5205=PRODUCT_DEFINITION_CONTEXT('part definition',#5210,'design');
#5206=PRODUCT_DEFINITION('SV08MAX_Belt_Clamp_Mount',
'SV08MAX_Belt_Clamp_Mount',#5207,#5205);
#5207=PRODUCT_DEFINITION_FORMATION('',$,#5212);
#5208=PRODUCT_RELATED_PRODUCT_CATEGORY('SV08MAX_Belt_Clamp_Mount',
'SV08MAX_Belt_Clamp_Mount',(#5212));
#5209=APPLICATION_PROTOCOL_DEFINITION('international standard',
'automotive_design',2009,#5210);
#5210=APPLICATION_CONTEXT(
'Core Data for Automotive Mechanical Design Process');
#5211=PRODUCT_CONTEXT('part definition',#5210,'mechanical');
#5212=PRODUCT('SV08MAX_Belt_Clamp_Mount','SV08MAX_Belt_Clamp_Mount',$,(#5211));
#5213=PRESENTATION_STYLE_ASSIGNMENT((#5214));
#5214=SURFACE_STYLE_USAGE(.BOTH.,#5215);
#5215=SURFACE_SIDE_STYLE('',(#5216));
#5216=SURFACE_STYLE_FILL_AREA(#5217);
#5217=FILL_AREA_STYLE('Steel - Satin',(#5218));
#5218=FILL_AREA_STYLE_COLOUR('Steel - Satin',#5219);
#5219=COLOUR_RGB('Steel - Satin',0.627450980392157,0.627450980392157,0.627450980392157);
ENDSEC;
END-ISO-10303-21;
